confidence,correct,target,prediction,snr_db
0.5890037,False,10,1,16.0
0.99015725,True,7,7,4.0
0.991507,True,9,9,2.0
0.99302083,True,9,9,10.0
0.9909877,True,7,7,-6.0
0.9932347,True,10,10,16.0
0.5792243,False,10,1,14.0
0.9900822,True,4,4,14.0
0.989569,True,7,7,10.0
0.99260396,True,3,3,12.0
0.99170226,True,8,8,14.0
0.9893826,True,4,4,14.0
0.57986647,True,1,1,8.0
0.9517762,True,2,2,-4.0
0.97639096,True,0,0,0.0
0.9928086,True,5,5,10.0
0.92333436,False,7,0,-4.0
0.99173075,True,8,8,16.0
0.9927215,True,3,3,2.0
0.9910324,True,7,7,4.0
0.9898317,True,4,4,12.0
0.9741754,True,3,3,0.0
0.5160194,True,10,10,0.0
0.5548262,True,1,1,10.0
0.9589168,True,2,2,14.0
0.9887776,True,0,0,2.0
0.9930495,True,8,8,-4.0
0.8210238,True,5,5,-2.0
0.9922531,True,3,3,10.0
0.99286485,True,8,8,-6.0
0.9917034,True,6,6,14.0
0.9913038,True,8,8,4.0
0.9926984,True,6,6,8.0
0.9920787,True,6,6,10.0
0.9866779,True,6,6,-6.0
0.99356705,True,3,3,2.0
0.9937162,True,9,9,2.0
0.9935867,True,8,8,-6.0
0.94717723,True,2,2,8.0
0.99317414,True,9,9,10.0
0.99198544,True,4,4,8.0
0.99152803,True,7,7,14.0
0.9923402,True,4,4,16.0
0.78751427,False,9,0,-2.0
0.5701666,False,10,1,16.0
0.99328387,True,6,6,8.0
0.5497901,False,10,1,8.0
0.9914312,True,7,7,6.0
0.99220324,True,6,6,-4.0
0.9918997,True,8,8,14.0
0.9890721,True,10,10,18.0
0.98997444,True,8,8,14.0
0.6336514,True,1,1,-4.0
0.9929525,True,5,5,8.0
0.9900059,True,7,7,10.0
0.79172146,True,1,1,10.0
0.990026,True,3,3,10.0
0.93959033,True,1,1,16.0
0.9931859,True,5,5,14.0
0.99138486,True,6,6,-6.0
0.9945321,True,5,5,-2.0
0.9926755,True,6,6,4.0
0.9927448,True,4,4,16.0
0.9886585,False,0,5,-4.0
0.99137914,True,3,3,10.0
0.5943736,True,1,1,0.0
0.9905003,True,3,3,16.0
0.9412996,True,2,2,-6.0
0.9719315,True,5,5,2.0
0.9927146,True,6,6,2.0
0.9922253,True,8,8,-2.0
0.9509223,True,2,2,2.0
0.9795537,True,7,7,-4.0
0.9905567,True,5,5,10.0
0.55170685,True,2,2,12.0
0.98530626,True,6,6,12.0
0.99129945,True,6,6,14.0
0.57022816,False,10,1,16.0
0.9847584,True,7,7,12.0
0.6022831,True,1,1,4.0
0.8132129,False,3,6,-2.0
0.9891173,True,4,4,4.0
0.9923964,True,3,3,2.0
0.99085146,True,6,6,2.0
0.98991233,True,10,10,16.0
0.98450905,True,8,8,-4.0
0.99156594,True,6,6,10.0
0.7716865,True,4,4,-4.0
0.57322425,False,10,1,16.0
0.98850656,True,7,7,6.0
0.9846624,True,3,3,-2.0
0.99052984,True,4,4,10.0
0.6543467,False,3,0,-6.0
0.9855409,False,5,10,0.0
0.99326116,True,5,5,18.0
0.9881259,True,0,0,18.0
0.9948489,True,4,4,-4.0
0.6026118,True,1,1,8.0
0.9916414,True,4,4,14.0
0.99015814,True,4,4,14.0
0.9292032,True,5,5,-4.0
0.9925884,True,3,3,14.0
0.7653553,True,1,1,10.0
0.99095434,True,4,4,16.0
0.98809016,True,3,3,18.0
0.74725854,True,4,4,-4.0
0.9915394,True,10,10,12.0
0.98848665,True,7,7,12.0
0.78148,True,5,5,-2.0
0.9929255,True,4,4,4.0
0.99236804,True,8,8,2.0
0.98953444,True,7,7,18.0
0.79551375,False,10,1,0.0
0.58484894,True,0,0,-6.0
0.99185055,True,0,0,6.0
0.9911708,True,4,4,10.0
0.7243775,False,10,1,-4.0
0.9289896,True,2,2,10.0
0.995518,True,5,5,-2.0
0.6035577,True,1,1,4.0
0.6224292,True,1,1,-2.0
0.9921502,True,4,4,18.0
0.6121644,False,10,1,2.0
0.785615,True,10,10,4.0
0.9928837,True,3,3,8.0
0.9923896,True,8,8,16.0
0.78245753,True,2,2,-2.0
0.45112923,True,3,3,-6.0
0.60168993,True,1,1,-6.0
0.6596062,False,0,9,-4.0
0.9865323,True,5,5,4.0
0.89701355,True,7,7,-6.0
0.9317793,True,2,2,6.0
0.99127287,True,8,8,12.0
0.9909322,True,6,6,10.0
0.3308662,True,9,9,-6.0
0.99262834,True,9,9,14.0
0.99224234,True,8,8,0.0
0.8712258,False,0,9,0.0
0.9956755,True,5,5,6.0
0.9918962,True,0,0,18.0
0.5660339,True,1,1,12.0
0.9884582,True,4,4,8.0
0.9902829,True,5,5,12.0
0.98832315,True,4,4,-2.0
0.9453149,True,1,1,14.0
0.9916294,True,4,4,14.0
0.96397394,True,2,2,0.0
0.9915486,True,7,7,0.0
0.9902428,True,4,4,12.0
0.9923343,True,0,0,6.0
0.9905178,True,9,9,4.0
0.9868237,True,4,4,6.0
0.9892266,True,6,6,-4.0
0.9894049,True,3,3,2.0
0.68011373,True,1,1,4.0
0.9916706,True,8,8,12.0
0.9917856,True,8,8,16.0
0.9906985,True,3,3,18.0
0.9905964,True,6,6,8.0
0.8890109,True,7,7,0.0
0.9909763,True,9,9,8.0
0.9914812,True,4,4,6.0
0.9915535,True,6,6,12.0
0.5666794,False,10,1,18.0
0.99265563,True,5,5,12.0
0.97253495,True,0,0,2.0
0.9904812,True,0,0,12.0
0.4530203,True,4,4,-6.0
0.94018817,True,2,2,2.0
0.9918391,True,5,5,14.0
0.6706616,False,9,3,-6.0
0.9647096,True,7,7,6.0
0.96205646,True,3,3,0.0
0.9906832,True,7,7,16.0
0.9525413,True,2,2,8.0
0.9913215,True,6,6,12.0
0.99161994,True,8,8,0.0
0.96414113,True,2,2,12.0
0.69058204,True,1,1,2.0
0.9927436,True,9,9,4.0
0.9914254,True,6,6,12.0
0.93854684,True,2,2,2.0
0.6501744,False,2,4,2.0
0.9831882,True,0,0,0.0
0.98884636,True,7,7,0.0
0.99058175,True,3,3,8.0
0.98966354,True,4,4,2.0
0.9875163,True,0,0,8.0
0.99180776,True,8,8,12.0
0.5109437,True,4,4,-6.0
0.8104467,True,10,10,-4.0
0.9912198,True,7,7,10.0
0.9903813,True,6,6,-2.0
0.9910948,True,3,3,4.0
0.99081695,True,7,7,16.0
0.5798177,False,10,1,14.0
0.9918954,True,4,4,10.0
0.99066377,True,4,4,12.0
0.9910971,True,6,6,18.0
0.8666741,True,10,10,6.0
0.9913795,True,8,8,4.0
0.9912951,True,0,0,2.0
0.99149007,True,6,6,-6.0
0.9895393,True,0,0,18.0
0.9932209,True,7,7,2.0
0.9211955,True,2,2,-6.0
0.9914464,True,7,7,14.0
0.9957794,True,10,10,6.0
0.9918726,True,6,6,10.0
0.57637405,True,1,1,14.0
0.9717694,True,2,2,4.0
0.8783317,True,10,10,4.0
0.99166393,True,3,3,6.0
0.98419756,True,10,10,4.0
0.992698,True,9,9,2.0
0.92683107,False,8,7,-6.0
0.9571145,True,2,2,18.0
0.9326878,True,8,8,-6.0
0.7155989,True,1,1,12.0
0.9756644,True,9,9,-2.0
0.9660471,True,2,2,-4.0
0.60436964,True,1,1,14.0
0.97547126,True,5,5,4.0
0.99155664,True,7,7,8.0
0.991659,True,6,6,8.0
0.9911596,True,6,6,12.0
0.99321824,True,7,7,-6.0
0.99093467,True,8,8,18.0
0.9914808,True,8,8,12.0
0.960568,True,2,2,18.0
0.75880605,True,7,7,-4.0
0.9910114,True,8,8,14.0
0.9904124,True,6,6,14.0
0.993561,True,8,8,-4.0
0.96793294,True,2,2,-4.0
0.99161303,True,6,6,12.0
0.99076056,True,3,3,2.0
0.9931671,True,8,8,12.0
0.99260825,True,8,8,6.0
0.9375132,True,4,4,-4.0
0.6327862,True,1,1,-2.0
0.9890626,True,5,5,4.0
0.9930642,True,4,4,-2.0
0.99240714,True,6,6,0.0
0.57192683,True,1,1,18.0
0.92140466,True,2,2,0.0
0.5533655,True,1,1,8.0
0.9914794,True,8,8,2.0
0.99248934,True,5,5,16.0
0.994885,True,5,5,14.0
0.99263203,True,4,4,6.0
0.9920351,True,6,6,10.0
0.61670613,False,10,1,4.0
0.9942263,True,8,8,-2.0
0.86710924,True,5,5,2.0
0.9914813,True,8,8,6.0
0.47601563,False,6,0,-6.0
0.9916468,True,3,3,18.0
0.9912184,True,6,6,10.0
0.99112564,True,3,3,18.0
0.991234,True,0,0,16.0
0.9916569,True,9,9,6.0
0.97722185,True,7,7,8.0
0.9914069,True,6,6,16.0
0.99305964,True,5,5,18.0
0.89418054,True,5,5,-6.0
0.6118795,True,1,1,8.0
0.99189454,True,9,9,10.0
0.9910609,True,8,8,8.0
0.9923409,True,6,6,0.0
0.9913147,True,6,6,16.0
0.6421027,True,1,1,10.0
0.9621498,True,2,2,4.0
0.992128,True,3,3,10.0
0.9808137,True,7,7,18.0
0.9913024,True,3,3,10.0
0.8985792,True,2,2,4.0
0.5110422,False,1,10,-2.0
0.9914773,True,8,8,4.0
0.99329364,True,9,9,8.0
0.37771696,False,0,4,-4.0
0.9941732,True,4,4,-2.0
0.98933405,True,8,8,14.0
0.661224,True,1,1,-2.0
0.9816196,True,7,7,-2.0
0.989419,True,3,3,4.0
0.9923733,True,6,6,14.0
0.99208647,True,5,5,6.0
0.9933832,True,4,4,4.0
0.6595089,True,1,1,6.0
0.99248135,True,6,6,10.0
0.92036146,True,2,2,4.0
0.55317163,False,10,1,8.0
0.98574764,True,7,7,6.0
0.9953406,True,10,10,6.0
0.99047196,True,4,4,-4.0
0.6667009,True,1,1,10.0
0.56296116,False,10,1,14.0
0.95969474,True,2,2,-6.0
0.99154305,True,9,9,10.0
0.9903358,True,0,0,16.0
0.9880249,True,3,3,-6.0
0.9922391,True,8,8,2.0
0.99251974,True,5,5,0.0
0.98217875,True,5,5,-4.0
0.9906651,True,0,0,18.0
0.9934022,True,3,3,0.0
0.5851389,False,10,1,0.0
0.99022305,True,4,4,10.0
0.5526101,True,1,1,4.0
0.9878136,True,8,8,16.0
0.95911336,True,2,2,6.0
0.99016505,True,7,7,8.0
0.7947065,True,5,5,-6.0
0.9929925,True,5,5,8.0
0.99002403,True,0,0,18.0
0.9902582,True,4,4,10.0
0.50103116,False,3,9,-6.0
0.99244505,True,8,8,-2.0
0.9950369,True,5,5,14.0
0.5685826,False,10,1,10.0
0.9209813,True,2,2,0.0
0.95426136,True,2,2,-4.0
0.98894715,True,6,6,-2.0
0.9926004,True,4,4,10.0
0.9915916,True,5,5,-2.0
0.9949974,True,3,3,-2.0
0.926652,True,2,2,12.0
0.99068797,True,7,7,14.0
0.986406,True,3,3,2.0
0.99376136,True,9,9,10.0
0.9231491,False,8,7,18.0
0.95634776,True,2,2,-6.0
0.99196327,True,8,8,4.0
0.99226284,True,6,6,10.0
0.98958886,True,0,0,14.0
0.9927349,True,9,9,10.0
0.9947724,True,3,3,4.0
0.9908818,True,5,5,4.0
0.5674124,True,3,3,-6.0
0.56812465,True,1,1,12.0
0.6261579,False,10,1,14.0
0.5866962,True,1,1,16.0
0.9907007,True,0,0,4.0
0.9912354,True,3,3,6.0
0.82585865,True,0,0,-2.0
0.99201137,True,8,8,4.0
0.5813064,True,1,1,18.0
0.95032716,True,2,2,8.0
0.99178046,True,0,0,14.0
0.99295723,True,9,9,10.0
0.992086,True,6,6,12.0
0.99126124,True,6,6,18.0
0.9922415,True,8,8,12.0
0.8865525,True,2,2,-2.0
0.99109226,True,9,9,2.0
0.99304813,True,5,5,12.0
0.6744966,True,1,1,4.0
0.98898405,True,4,4,14.0
0.9935868,True,4,4,-2.0
0.8331834,False,0,4,-6.0
0.9455205,True,2,2,12.0
0.56019825,False,10,1,4.0
0.9932147,True,4,4,-2.0
0.99102014,True,5,5,4.0
0.9915802,True,9,9,10.0
0.9910946,True,4,4,6.0
0.5896153,False,7,0,-6.0
0.99284947,True,4,4,0.0
0.98052555,True,7,7,-6.0
0.9902389,True,3,3,-2.0
0.9509044,False,0,2,-6.0
0.9913994,True,6,6,16.0
0.9924614,True,3,3,8.0
0.99187535,True,3,3,12.0
0.5766838,True,1,1,12.0
0.9292669,True,4,4,-6.0
0.98925155,True,4,4,14.0
0.9939348,True,5,5,4.0
0.9927617,True,0,0,10.0
0.9902204,True,4,4,12.0
0.9922098,True,9,9,16.0
0.9580447,True,2,2,4.0
0.98935807,True,7,7,6.0
0.9316188,True,2,2,4.0
0.9717248,True,7,7,-2.0
0.99298286,True,6,6,16.0
0.97489935,True,0,0,0.0
0.9450328,True,2,2,12.0
0.68140465,True,9,9,-6.0
0.8786865,True,2,2,-6.0
0.5948589,False,10,1,6.0
0.9931636,True,5,5,18.0
0.99252796,True,7,7,6.0
0.99124545,True,6,6,-4.0
0.99155915,True,0,0,4.0
0.58812934,False,10,1,18.0
0.9747453,True,2,2,-6.0
0.7113987,False,10,1,6.0
0.9515853,True,2,2,0.0
0.5260684,False,9,0,-4.0
0.9920048,True,9,9,4.0
0.9924079,True,9,9,12.0
0.9928808,True,3,3,10.0
0.9719578,False,7,8,-2.0
0.6998369,False,10,1,4.0
0.9012539,True,2,2,0.0
0.55617595,False,10,1,10.0
0.9483005,True,5,5,-6.0
0.9911389,True,6,6,12.0
0.9885566,True,7,7,4.0
0.57341105,False,10,1,18.0
0.9584851,True,7,7,-6.0
0.9944541,True,10,10,2.0
0.9906991,True,9,9,2.0
0.519253,False,9,3,-6.0
0.94638544,True,2,2,10.0
0.99160814,True,6,6,6.0
0.9915165,True,3,3,6.0
0.99293196,True,9,9,14.0
0.9911397,True,4,4,14.0
0.9956781,True,10,10,16.0
0.99183756,True,8,8,14.0
0.9923649,True,8,8,4.0
0.99304587,True,10,10,14.0
0.99274915,True,9,9,10.0
0.9905043,True,0,0,-2.0
0.9917148,True,9,9,8.0
0.8756546,False,9,4,-6.0
0.99466974,True,6,6,-2.0
0.47649977,True,8,8,16.0
0.95280796,True,2,2,-2.0
0.7777249,True,1,1,-4.0
0.9658405,True,2,2,4.0
0.9920513,True,3,3,-4.0
0.5364719,False,8,7,-6.0
0.9907658,True,6,6,18.0
0.8371366,True,0,0,-2.0
0.5965918,False,10,1,10.0
0.99340385,True,9,9,16.0
0.5527582,True,1,1,8.0
0.5816112,True,1,1,4.0
0.948521,True,2,2,0.0
0.9927799,True,8,8,4.0
0.9918805,True,10,10,16.0
0.9928127,True,9,9,2.0
0.59203935,True,1,1,2.0
0.97395927,True,2,2,6.0
0.9903414,True,4,4,14.0
0.9922283,True,9,9,6.0
0.99153125,True,4,4,4.0
0.90094775,True,2,2,4.0
0.9877314,True,4,4,-4.0
0.9941028,True,6,6,4.0
0.99312866,True,6,6,-2.0
0.9932683,True,5,5,10.0
0.991776,True,4,4,18.0
0.9913947,True,0,0,2.0
0.5971932,False,10,1,2.0
0.9938153,True,3,3,4.0
0.56670403,False,10,1,6.0
0.99313414,True,9,9,2.0
0.94336414,True,2,2,-6.0
0.8353625,True,10,10,8.0
0.7126012,True,3,3,-6.0
0.67397946,True,1,1,16.0
0.9918202,True,6,6,10.0
0.5932216,True,1,1,6.0
0.9831913,True,7,7,-2.0
0.98843724,True,0,0,12.0
0.6635257,False,9,5,-2.0
0.9910368,True,0,0,6.0
0.9909525,True,4,4,10.0
0.6304614,False,10,1,12.0
0.9913818,True,4,4,16.0
0.95227545,True,2,2,-4.0
0.9917629,True,6,6,12.0
0.53927636,False,10,1,-6.0
0.9921691,True,6,6,18.0
0.99168044,True,4,4,2.0
0.9343736,True,2,2,10.0
0.98434085,True,7,7,12.0
0.9916046,True,6,6,8.0
0.5871618,False,10,1,14.0
0.551895,True,1,1,2.0
0.9929381,True,5,5,8.0
0.9888849,True,6,6,-6.0
0.64594674,True,1,1,10.0
0.9554101,True,5,5,-2.0
0.8981126,True,7,7,4.0
0.98872197,True,3,3,-2.0
0.6674306,False,10,1,-6.0
0.60029495,False,0,2,-6.0
0.5720975,True,7,7,4.0
0.9936371,True,9,9,0.0
0.9900703,True,4,4,-2.0
0.95542365,True,2,2,14.0
0.67017454,False,10,1,2.0
0.86211216,True,0,0,-2.0
0.95198196,True,2,2,16.0
0.9933027,True,4,4,0.0
0.88566667,True,4,4,-4.0
0.9925067,True,7,7,2.0
0.9911395,True,0,0,16.0
0.99330294,True,8,8,0.0
0.9894001,True,3,3,16.0
0.8917468,True,1,1,18.0
0.5580651,True,1,1,10.0
0.989551,True,4,4,6.0
0.99029994,True,0,0,0.0
0.9907472,True,8,8,4.0
0.68355006,False,10,1,8.0
0.54379684,False,3,10,-6.0
0.99387395,True,10,10,16.0
0.9392784,True,4,4,-2.0
0.59010696,True,3,3,-6.0
0.9891579,True,0,0,4.0
0.99430966,True,10,10,6.0
0.9929103,True,8,8,4.0
0.9918601,True,8,8,10.0
0.6619585,True,1,1,8.0
0.9352444,True,2,2,6.0
0.9883609,True,7,7,0.0
0.7205702,True,1,1,10.0
0.98752546,True,7,7,14.0
0.9919824,True,0,0,8.0
0.98797333,True,4,4,0.0
0.72889656,True,8,8,-6.0
0.99176556,True,3,3,14.0
0.7068422,True,1,1,6.0
0.9915611,True,0,0,14.0
0.99106807,True,6,6,-2.0
0.98729914,True,10,10,16.0
0.99134606,True,8,8,2.0
0.9928377,True,6,6,-2.0
0.56806064,False,10,1,12.0
0.9839273,True,7,7,0.0
0.99409276,True,5,5,0.0
0.9905415,True,7,7,8.0
0.93562376,True,2,2,-6.0
0.9904569,True,7,7,18.0
0.43450338,False,4,0,-6.0
0.9821414,False,9,0,-2.0
0.9910216,True,7,7,18.0
0.50754386,True,0,0,-6.0
0.64947104,False,10,1,-4.0
0.6520183,False,10,1,-4.0
0.7004779,True,1,1,4.0
0.73228,True,9,9,-4.0
0.84404135,True,8,8,16.0
0.8644147,True,3,3,-6.0
0.6957908,True,1,1,0.0
0.99054444,True,8,8,18.0
0.98859394,True,7,7,8.0
0.96202964,True,2,2,4.0
0.9911828,True,4,4,10.0
0.5325564,False,0,9,-4.0
0.99354434,True,8,8,-2.0
0.992247,True,5,5,2.0
0.9917544,True,9,9,16.0
0.99248564,True,5,5,6.0
0.9914055,True,8,8,12.0
0.9922923,True,3,3,4.0
0.99104553,True,6,6,12.0
0.6194318,True,1,1,-4.0
0.9905504,True,4,4,8.0
0.9939924,True,3,3,10.0
0.99000907,True,4,4,18.0
0.55405474,True,1,1,-2.0
0.9204152,True,2,2,18.0
0.99022335,True,7,7,16.0
0.91500914,True,2,2,18.0
0.53082067,True,10,10,-4.0
0.9893694,True,5,5,6.0
0.9867322,True,5,5,16.0
0.98614454,True,8,8,-6.0
0.9945933,True,3,3,-4.0
0.99164975,True,0,0,4.0
0.9560783,True,2,2,-4.0
0.99226123,True,4,4,2.0
0.70720726,False,2,4,4.0
0.98950887,True,7,7,2.0
0.9233935,True,2,2,-4.0
0.6841267,False,0,2,-6.0
0.99079216,True,7,7,12.0
0.991691,True,6,6,16.0
0.6520058,True,1,1,18.0
0.94809705,True,2,2,4.0
0.991396,True,4,4,6.0
0.5829022,False,10,1,14.0
0.99013317,True,4,4,18.0
0.9095374,True,3,3,-4.0
0.99154705,True,6,6,6.0
0.89988005,False,7,8,-2.0
0.9908731,True,7,7,6.0
0.9911997,True,6,6,18.0
0.99363106,True,10,10,12.0
0.56480706,False,10,1,-4.0
0.9902687,True,4,4,14.0
0.7155685,True,0,0,-4.0
0.9045921,False,7,2,6.0
0.98916584,True,7,7,18.0
0.97027415,True,10,10,6.0
0.99418193,True,3,3,2.0
0.8501509,True,10,10,0.0
0.94083583,True,2,2,-6.0
0.99132216,True,10,10,14.0
0.99630725,True,5,5,-4.0
0.9678237,True,10,10,0.0
0.9913885,True,5,5,16.0
0.9899754,True,6,6,2.0
0.991967,True,8,8,14.0
0.9888248,True,7,7,-6.0
0.9919469,True,9,9,2.0
0.9944478,True,5,5,8.0
0.9931009,True,9,9,10.0
0.67824507,True,2,2,-6.0
0.55632305,False,9,0,-2.0
0.55885184,True,1,1,2.0
0.6805945,False,10,1,4.0
0.99296427,True,9,9,12.0
0.96102494,True,2,2,12.0
0.99489826,True,5,5,10.0
0.9910025,True,8,8,10.0
0.9831338,True,7,7,18.0
0.6524287,True,1,1,12.0
0.5145462,True,7,7,0.0
0.99173355,True,9,9,4.0
0.99219126,True,9,9,14.0
0.9922261,True,0,0,8.0
0.95288515,True,2,2,2.0
0.66074127,True,1,1,18.0
0.7037096,True,10,10,-4.0
0.9914585,True,6,6,0.0
0.9585575,True,2,2,-4.0
0.99182194,True,0,0,18.0
0.9930004,True,8,8,14.0
0.9925472,True,6,6,12.0
0.9934157,True,5,5,10.0
0.99132967,True,3,3,12.0
0.9893568,True,8,8,-2.0
0.80314034,False,4,5,-6.0
0.99282324,True,4,4,6.0
0.9950889,True,3,3,2.0
0.9932469,True,9,9,10.0
0.94299984,True,2,2,0.0
0.98962235,True,3,3,-2.0
0.61892104,False,10,1,16.0
0.99435705,True,10,10,14.0
0.9907382,True,6,6,18.0
0.90322924,True,2,2,10.0
0.73804003,True,1,1,12.0
0.5621631,False,10,1,18.0
0.9904599,True,7,7,6.0
0.98929214,True,4,4,16.0
0.9719206,True,7,7,10.0
0.9224233,True,2,2,-4.0
0.9494505,False,0,2,-6.0
0.99114054,True,0,0,16.0
0.9493782,True,2,2,-2.0
0.5195546,False,9,3,-6.0
0.99312943,True,9,9,16.0
0.54751,False,9,0,-4.0
0.9503468,True,3,3,0.0
0.9814439,True,7,7,-2.0
0.94671756,True,2,2,4.0
0.9915686,True,0,0,0.0
0.60742694,False,0,9,-4.0
0.99149245,True,9,9,12.0
0.8263863,True,4,4,-4.0
0.993767,True,9,9,2.0
0.9916108,True,0,0,14.0
0.80115354,True,2,2,16.0
0.9905324,True,10,10,18.0
0.6894288,True,1,1,-6.0
0.9934284,True,8,8,-4.0
0.9919851,True,4,4,0.0
0.9913639,True,7,7,14.0
0.9375706,True,2,2,8.0
0.99163836,True,8,8,8.0
0.9922518,True,3,3,12.0
0.95300376,True,2,2,2.0
0.989181,True,7,7,10.0
0.55911607,False,10,1,0.0
0.92737716,True,2,2,10.0
0.9907828,True,4,4,-2.0
0.781466,True,1,1,6.0
0.59076476,False,5,10,-4.0
0.99128824,True,5,5,6.0
0.9383435,True,2,2,14.0
0.5559941,False,10,1,-6.0
0.9925379,True,0,0,6.0
0.5833169,False,10,1,10.0
0.73938096,False,0,4,-4.0
0.9866844,True,4,4,-4.0
0.99230367,True,10,10,12.0
0.9906448,True,8,8,12.0
0.99183744,True,8,8,18.0
0.9938188,True,5,5,8.0
0.9914758,True,4,4,14.0
0.9922051,True,10,10,10.0
0.99165374,True,8,8,0.0
0.5809438,False,10,1,-4.0
0.9455346,True,2,2,8.0
0.612104,True,10,10,-2.0
0.96954733,True,2,2,14.0
0.99193734,True,9,9,12.0
0.99223596,True,9,9,14.0
0.9906529,True,0,0,10.0
0.9925297,True,8,8,-4.0
0.9926381,True,6,6,0.0
0.99138427,True,0,0,16.0
0.5749492,False,10,1,14.0
0.52752644,True,1,1,-4.0
0.6213697,False,10,1,8.0
0.52991086,True,0,0,-4.0
0.99078524,True,8,8,0.0
0.9874894,True,0,0,12.0
0.993877,True,3,3,8.0
0.99578625,True,5,5,4.0
0.99266726,True,4,4,4.0
0.52989,False,10,1,0.0
0.6513921,True,1,1,2.0
0.94041,True,5,5,-6.0
0.8141585,True,2,2,-4.0
0.38916045,True,3,3,-6.0
0.62425214,True,10,10,-2.0
0.9881578,True,4,4,10.0
0.99429154,True,5,5,6.0
0.9718525,True,2,2,18.0
0.96144164,True,2,2,6.0
0.99159485,True,0,0,14.0
0.9897914,True,8,8,4.0
0.98947936,True,8,8,16.0
0.98977613,True,6,6,-4.0
0.99574137,True,10,10,6.0
0.99353844,True,5,5,10.0
0.9888343,True,0,0,2.0
0.99282974,True,9,9,18.0
0.9918901,True,7,7,8.0
0.9519921,True,2,2,0.0
0.9875722,True,5,5,2.0
0.58624977,False,10,1,-2.0
0.5644942,True,1,1,16.0
0.49927086,False,8,7,-2.0
0.70829135,True,9,9,-4.0
0.7419147,True,8,8,-6.0
0.95104307,True,2,2,4.0
0.94196045,True,2,2,2.0
0.99240243,True,0,0,12.0
0.9567384,True,5,5,-4.0
0.9907458,True,8,8,8.0
0.5671191,True,1,1,12.0
0.9901377,True,7,7,-4.0
0.53759825,True,10,10,0.0
0.99088,True,4,4,4.0
0.98675495,True,3,3,-2.0
0.9932995,True,8,8,2.0
0.9921669,True,6,6,2.0
0.99056715,True,6,6,-4.0
0.97973335,True,7,7,6.0
0.9891635,True,0,0,0.0
0.9655047,True,2,2,-2.0
0.59018356,False,10,1,2.0
0.99172103,True,9,9,2.0
0.9909767,True,7,7,2.0
0.992653,True,0,0,4.0
0.9917276,True,0,0,16.0
0.6967021,True,1,1,4.0
0.92594665,True,8,8,-6.0
0.9389777,True,2,2,0.0
0.47428367,False,7,9,-6.0
0.9902018,True,3,3,-2.0
0.65906334,True,1,1,12.0
0.5321662,False,1,10,0.0
0.5418007,True,10,10,-6.0
0.6607119,True,1,1,-2.0
0.9838945,True,5,5,0.0
0.9904365,True,7,7,12.0
0.7320092,False,9,5,-6.0
0.99041206,True,3,3,16.0
0.9910164,True,0,0,8.0
0.99322903,True,6,6,8.0
0.5201787,False,0,9,-4.0
0.99160117,True,3,3,16.0
0.48992485,False,3,0,-6.0
0.82041025,True,10,10,0.0
0.99138665,True,9,9,14.0
0.9904648,True,8,8,6.0
0.9913051,True,9,9,16.0
0.92639995,True,2,2,10.0
0.9382857,False,0,3,-6.0
0.99224794,True,4,4,6.0
0.99221635,True,8,8,12.0
0.70496386,True,7,7,-2.0
0.99045277,True,7,7,14.0
0.45439765,False,4,9,-6.0
0.9895816,True,10,10,-2.0
0.9924436,True,4,4,6.0
0.70826405,True,9,9,-2.0
0.89289725,True,2,2,18.0
0.9907618,True,3,3,12.0
0.5757523,False,10,1,10.0
0.9943521,True,9,9,18.0
0.93069714,True,4,4,-4.0
0.99096113,True,4,4,6.0
0.5797721,False,10,1,16.0
0.9906212,True,4,4,6.0
0.9898552,True,7,7,6.0
0.9928189,True,0,0,18.0
0.59003603,False,9,3,-4.0
0.9906494,True,6,6,14.0
0.58274597,False,9,0,-2.0
0.9930769,True,9,9,14.0
0.9515021,True,2,2,18.0
0.9921503,True,6,6,-4.0
0.9934702,True,6,6,-4.0
0.99037486,True,3,3,4.0
0.9259961,True,7,7,-4.0
0.9921097,True,8,8,6.0
0.99247557,True,7,7,14.0
0.99198854,True,9,9,4.0
0.99315226,True,10,10,18.0
0.6165866,True,1,1,6.0
0.5517668,True,1,1,0.0
0.98958886,True,7,7,10.0
0.9887911,True,9,9,-2.0
0.957796,True,2,2,2.0
0.9926864,True,10,10,16.0
0.99000996,True,4,4,16.0
0.96371853,True,2,2,0.0
0.9891261,True,0,0,4.0
0.9920884,True,5,5,18.0
0.99312794,True,9,9,18.0
0.98998463,True,10,10,14.0
0.49420825,True,0,0,-4.0
0.9916984,True,6,6,12.0
0.99223125,True,9,9,2.0
0.9530787,True,2,2,10.0
0.99280447,True,4,4,4.0
0.9670975,True,7,7,-6.0
0.98027724,True,10,10,14.0
0.9917001,True,6,6,12.0
0.5741225,True,1,1,12.0
0.8759325,False,9,2,-6.0
0.991814,True,6,6,12.0
0.98965937,True,0,0,12.0
0.939261,True,3,3,-2.0
0.9925345,True,0,0,10.0
0.97251254,True,8,8,6.0
0.9938659,True,5,5,4.0
0.9882521,True,9,9,0.0
0.99160403,True,0,0,18.0
0.99115914,True,0,0,18.0
0.9911668,True,0,0,14.0
0.5743668,True,1,1,18.0
0.9918481,True,3,3,8.0
0.99205834,True,9,9,10.0
0.9738886,True,0,0,0.0
0.99044997,True,0,0,10.0
0.90445185,True,2,2,6.0
0.99188155,True,9,9,16.0
0.99188906,True,7,7,14.0
0.7223827,False,4,5,-6.0
0.99081296,True,3,3,10.0
0.99055016,True,4,4,2.0
0.581499,False,10,1,2.0
0.66954464,True,1,1,8.0
0.97203946,True,5,5,-6.0
0.9926762,True,3,3,2.0
0.99328506,True,6,6,-6.0
0.9893317,True,3,3,-2.0
0.39566478,True,0,0,-6.0
0.99132407,True,6,6,16.0
0.9584705,True,2,2,12.0
0.575186,False,10,1,10.0
0.8279128,True,0,0,-2.0
0.98828995,True,5,5,4.0
0.9913372,True,6,6,14.0
0.9927677,True,3,3,-4.0
0.9951385,True,3,3,-2.0
0.99087954,True,7,7,6.0
0.9929166,True,0,0,14.0
0.53445107,True,1,1,-2.0
0.9910886,True,9,9,8.0
0.98986137,True,7,7,6.0
0.4505694,False,9,0,-4.0
0.98871875,True,0,0,6.0
0.9915161,True,6,6,14.0
0.99207026,True,6,6,12.0
0.7474141,True,5,5,-2.0
0.9916471,True,6,6,8.0
0.9917787,True,0,0,10.0
0.9922854,True,0,0,2.0
0.9908387,True,9,9,6.0
0.57554114,False,9,0,0.0
0.9819748,True,2,2,0.0
0.9905641,True,4,4,4.0
0.99016833,True,3,3,18.0
0.6417415,True,1,1,4.0
0.6042921,False,1,10,-2.0
0.9288725,True,4,4,-6.0
0.9918344,True,9,9,6.0
0.53888,False,8,7,-6.0
0.6607722,False,10,1,4.0
0.992312,True,0,0,14.0
0.98945636,True,7,7,14.0
0.9923701,True,9,9,18.0
0.9891817,True,3,3,16.0
0.96786046,True,2,2,2.0
0.9899602,True,4,4,6.0
0.99181646,True,7,7,10.0
0.9910417,True,6,6,-6.0
0.95826644,True,2,2,-2.0
0.57371986,True,1,1,16.0
0.9914172,True,6,6,0.0
0.5513161,False,10,1,6.0
0.9914513,True,3,3,18.0
0.9923739,True,6,6,-4.0
0.5636491,True,1,1,-6.0
0.93096346,True,3,3,0.0
0.93784785,False,7,8,8.0
0.99178517,True,4,4,10.0
0.61513716,False,10,1,-4.0
0.68795633,True,1,1,6.0
0.9928047,True,3,3,12.0
0.9672184,True,3,3,-2.0
0.990747,True,8,8,2.0
0.6788968,False,5,4,-6.0
0.99211085,True,9,9,14.0
0.96707916,True,5,5,-4.0
0.9921921,True,6,6,8.0
0.9916072,True,4,4,10.0
0.991034,True,5,5,16.0
0.94448066,True,2,2,12.0
0.9884416,True,10,10,18.0
0.9914648,True,0,0,2.0
0.9903514,True,6,6,0.0
0.99194545,True,9,9,6.0
0.9923895,True,8,8,8.0
0.5593014,True,1,1,4.0
0.57270163,False,10,1,18.0
0.9919065,True,8,8,4.0
0.6413359,True,1,1,-4.0
0.99107504,True,4,4,6.0
0.7114021,False,0,2,-6.0
0.99244046,True,8,8,18.0
0.9132975,True,7,7,-4.0
0.9783239,True,10,10,10.0
0.9891824,True,0,0,18.0
0.99209607,True,4,4,16.0
0.99198943,True,8,8,8.0
0.99207157,True,6,6,8.0
0.63695496,True,1,1,2.0
0.9902772,True,6,6,-4.0
0.9911971,True,0,0,16.0
0.6737039,False,10,1,8.0
0.7073383,True,0,0,-2.0
0.53771055,True,5,5,2.0
0.46158314,False,5,2,-6.0
0.98435915,True,5,5,0.0
0.56493974,True,1,1,12.0
0.98580325,True,4,4,-4.0
0.99183404,True,8,8,14.0
0.99393445,True,6,6,2.0
0.9918467,True,4,4,10.0
0.98967886,True,3,3,14.0
0.58934903,True,9,9,-2.0
0.9935759,True,5,5,2.0
0.4761207,False,0,7,-2.0
0.99231696,True,8,8,-2.0
0.9914179,True,3,3,6.0
0.9928837,True,8,8,4.0
0.9423001,True,2,2,0.0
0.9910014,True,0,0,16.0
0.9912573,True,0,0,18.0
0.9845999,True,0,0,0.0
0.93954843,False,6,2,-2.0
0.9898698,True,6,6,2.0
0.9929986,True,0,0,2.0
0.5990504,True,1,1,-4.0
0.64059967,True,1,1,0.0
0.99288416,True,9,9,10.0
0.9909223,True,6,6,12.0
0.9223583,True,2,2,16.0
0.67189974,True,1,1,-6.0
0.9905518,True,7,7,8.0
0.99381787,True,4,4,0.0
0.9926167,True,0,0,14.0
0.99289674,True,5,5,14.0
0.9906102,True,7,7,2.0
0.9890906,True,7,7,16.0
0.93291545,True,2,2,14.0
0.99219865,True,3,3,2.0
0.72350836,False,10,1,2.0
0.56263065,False,10,1,8.0
0.5607867,True,1,1,10.0
0.9927337,True,6,6,0.0
0.797642,True,5,5,-4.0
0.98980767,True,6,6,10.0
0.9904974,True,4,4,12.0
0.5679714,True,1,1,10.0
0.9268827,True,2,2,4.0
0.9925882,True,0,0,8.0
0.99321544,True,0,0,2.0
0.99397993,True,6,6,4.0
0.85748404,True,2,2,8.0
0.99000835,True,4,4,18.0
0.9929182,True,0,0,10.0
0.7988456,False,10,5,-6.0
0.9923332,True,6,6,10.0
0.9894471,True,5,5,4.0
0.7568151,True,1,1,12.0
0.9916334,True,3,3,16.0
0.64176214,True,1,1,4.0
0.98896563,True,4,4,18.0
0.99239033,True,3,3,-2.0
0.92748064,True,2,2,-6.0
0.9924062,True,9,9,10.0
0.6223728,False,7,9,-6.0
0.9935801,True,5,5,6.0
0.61159074,True,1,1,10.0
0.9918446,True,3,3,10.0
0.5724493,False,10,1,6.0
0.98952776,True,8,8,-2.0
0.96745616,True,10,10,14.0
0.99119216,True,7,7,16.0
0.9914409,True,8,8,14.0
0.99010056,True,7,7,10.0
0.54149055,False,10,1,6.0
0.99168104,True,3,3,14.0
0.9903943,True,6,6,-4.0
0.99231577,True,4,4,2.0
0.99331105,True,4,4,-2.0
0.9918684,True,6,6,0.0
0.36031643,False,0,4,-4.0
0.99220055,True,3,3,12.0
0.99297863,True,5,5,0.0
0.5852066,True,1,1,18.0
0.56904405,True,1,1,18.0
0.9827823,True,5,5,2.0
0.5271162,True,1,1,-2.0
0.9881342,True,3,3,16.0
0.99194133,True,5,5,8.0
0.66894436,True,1,1,0.0
0.99277943,True,3,3,14.0
0.9941811,True,6,6,8.0
0.9924011,True,7,7,14.0
0.9932132,True,9,9,4.0
0.9927073,True,5,5,8.0
0.99124724,True,3,3,-4.0
0.942907,True,2,2,-2.0
0.95121616,True,2,2,12.0
0.96897227,True,7,7,-2.0
0.99098116,True,7,7,2.0
0.46632674,True,9,9,-6.0
0.71062624,True,1,1,6.0
0.71796733,True,1,1,2.0
0.38252604,False,3,0,-6.0
0.8203045,True,2,2,0.0
0.843273,True,7,7,-6.0
0.9922267,True,5,5,18.0
0.9901142,True,3,3,2.0
0.9904389,True,4,4,6.0
0.99445665,True,5,5,16.0
0.9681119,True,2,2,10.0
0.99057055,True,10,10,14.0
0.9910692,True,3,3,12.0
0.99040985,True,6,6,6.0
0.9922341,True,3,3,0.0
0.99306643,True,8,8,6.0
0.99217105,True,0,0,8.0
0.54603404,True,9,9,-2.0
0.99365354,True,9,9,2.0
0.9930875,True,5,5,18.0
0.9084646,True,2,2,10.0
0.9918325,True,6,6,6.0
0.9883448,True,3,3,18.0
0.88710755,True,8,8,-4.0
0.9883745,True,7,7,4.0
0.9909594,True,4,4,2.0
0.9918143,True,0,0,8.0
0.81497306,True,2,2,16.0
0.99352986,True,10,10,18.0
0.9904021,True,4,4,16.0
0.9901878,True,7,7,8.0
0.99054307,True,8,8,14.0
0.5687101,False,10,1,18.0
0.99397284,True,3,3,12.0
0.9903137,True,7,7,18.0
0.99217427,True,9,9,14.0
0.98595375,True,3,3,18.0
0.9922184,True,9,9,6.0
0.99163836,True,3,3,6.0
0.9906058,True,4,4,4.0
0.98673755,True,4,4,-2.0
0.9924676,True,6,6,4.0
0.9899828,True,7,7,8.0
0.9520349,True,4,4,-6.0
0.9924771,True,7,7,18.0
0.99093926,True,0,0,6.0
0.8998377,True,5,5,-6.0
0.96163183,True,2,2,16.0
0.5632571,False,10,1,8.0
0.99137807,True,6,6,-4.0
0.5820476,True,1,1,10.0
0.82471436,True,7,7,-6.0
0.99124557,True,5,5,12.0
0.9926664,True,8,8,6.0
0.99151564,True,6,6,14.0
0.9921704,True,0,0,10.0
0.9246811,True,2,2,10.0
0.94154674,True,10,10,0.0
0.9907866,True,3,3,2.0
0.97960436,True,7,7,14.0
0.99180025,True,8,8,18.0
0.99328846,True,10,10,8.0
0.9907274,True,6,6,-2.0
0.9925178,True,8,8,18.0
0.50328517,True,10,10,-2.0
0.99152327,True,6,6,0.0
0.90944934,True,2,2,16.0
0.79815626,True,1,1,14.0
0.99206686,True,6,6,6.0
0.9907987,True,3,3,8.0
0.90312666,True,2,2,8.0
0.95129955,True,2,2,-2.0
0.99161935,True,5,5,4.0
0.98279184,True,9,9,0.0
0.9878861,True,7,7,18.0
0.95942396,True,9,9,-2.0
0.65989995,False,10,1,-2.0
0.99347275,True,4,4,4.0
0.9925943,True,0,0,4.0
0.6118204,True,10,10,2.0
0.99094486,True,0,0,2.0
0.60641986,False,0,4,-6.0
0.987473,True,3,3,2.0
0.71358645,True,9,9,0.0
0.99217165,True,6,6,16.0
0.7467627,True,1,1,12.0
0.9925884,True,4,4,0.0
0.99262357,True,6,6,18.0
0.9923609,True,6,6,8.0
0.94688976,True,2,2,4.0
0.99186945,True,6,6,8.0
0.7477243,True,2,2,4.0
0.99124724,True,9,9,8.0
0.70749605,False,10,1,16.0
0.98942393,True,7,7,4.0
0.99437994,True,5,5,4.0
0.99085265,True,0,0,14.0
0.9899194,True,3,3,8.0
0.56451845,False,9,0,-4.0
0.9901726,True,8,8,12.0
0.9135298,True,8,8,-6.0
0.99212766,True,0,0,16.0
0.9915589,True,3,3,6.0
0.63911515,True,1,1,0.0
0.9900317,True,0,0,4.0
0.98992425,True,4,4,8.0
0.6039189,False,10,1,18.0
0.9873031,True,0,0,6.0
0.9860254,True,5,5,0.0
0.9031921,True,7,7,10.0
0.9866349,True,5,5,12.0
0.7255737,False,8,7,4.0
0.9913238,True,9,9,0.0
0.5401951,True,0,0,-4.0
0.9925452,True,8,8,0.0
0.99246734,True,3,3,8.0
0.6077821,True,1,1,4.0
0.99293244,True,5,5,16.0
0.99278426,True,6,6,-2.0
0.9920604,True,9,9,8.0
0.63680744,True,1,1,10.0
0.99053407,True,3,3,16.0
0.99302226,True,8,8,-2.0
0.9570941,True,3,3,-2.0
0.991774,True,4,4,6.0
0.5048117,False,10,1,-2.0
0.9937143,True,0,0,4.0
0.9965252,True,5,5,10.0
0.5316605,False,10,1,0.0
0.992642,True,9,9,8.0
0.6083796,False,0,9,-4.0
0.99154145,True,7,7,8.0
0.90406585,False,0,2,-6.0
0.98373276,True,7,7,0.0
0.9921937,True,4,4,18.0
0.99108785,True,3,3,14.0
0.9922138,True,6,6,2.0
0.9926266,True,5,5,2.0
0.7574797,False,1,10,2.0
0.9911795,True,4,4,0.0
0.9754346,True,2,2,18.0
0.9940568,True,3,3,12.0
0.99175924,True,3,3,4.0
0.9361127,True,2,2,16.0
0.9941235,True,4,4,0.0
0.9899581,True,8,8,0.0
0.9906001,True,4,4,6.0
0.992762,True,6,6,4.0
0.99048644,True,3,3,16.0
0.6324458,True,9,9,-4.0
0.566155,True,9,9,-4.0
0.9922632,True,0,0,8.0
0.645832,False,10,1,0.0
0.99404776,True,5,5,18.0
0.95072865,True,2,2,12.0
0.9871264,True,0,0,0.0
0.9897445,True,6,6,-2.0
0.9731774,True,7,7,-4.0
0.99063104,True,6,6,-4.0
0.9025283,True,3,3,-4.0
0.99093,True,5,5,16.0
0.9927152,True,5,5,6.0
0.99187535,True,3,3,18.0
0.99152863,True,6,6,8.0
0.979167,True,2,2,0.0
0.9900017,True,0,0,18.0
0.99403965,True,6,6,-4.0
0.9890131,True,8,8,2.0
0.9909554,True,7,7,2.0
0.99183464,True,3,3,4.0
0.61589605,True,1,1,8.0
0.9483676,True,2,2,10.0
0.96899486,False,0,9,-2.0
0.9350118,True,2,2,-4.0
0.99217165,True,6,6,18.0
0.99197125,True,0,0,8.0
0.99084795,True,4,4,18.0
0.9611993,True,2,2,12.0
0.5674117,False,10,1,18.0
0.99412537,True,10,10,4.0
0.9916037,True,4,4,0.0
0.5691628,True,1,1,18.0
0.6559834,True,7,7,-4.0
0.5078935,True,10,10,-6.0
0.60840344,True,1,1,-2.0
0.62255317,False,7,8,12.0
0.54808784,False,10,1,8.0
0.9900484,True,5,5,4.0
0.9601597,True,2,2,8.0
0.9918937,True,8,8,-4.0
0.9233494,True,2,2,12.0
0.99346715,True,3,3,0.0
0.99084187,True,4,4,0.0
0.9906378,True,4,4,8.0
0.9732667,True,2,2,0.0
0.9899365,True,8,8,12.0
0.9904721,True,10,10,10.0
0.9915799,True,6,6,8.0
0.9917721,True,8,8,18.0
0.9886497,True,3,3,14.0
0.99119747,True,8,8,10.0
0.9232202,True,5,5,-2.0
0.9930166,True,8,8,12.0
0.9925655,True,3,3,8.0
0.99358785,True,8,8,-6.0
0.99143445,True,0,0,18.0
0.9928832,True,8,8,8.0
0.9888494,True,4,4,10.0
0.9928718,True,9,9,18.0
0.9913419,True,0,0,4.0
0.99212897,True,5,5,2.0
0.99255943,True,6,6,18.0
0.57295734,True,1,1,14.0
0.9938075,True,8,8,-2.0
0.991488,True,3,3,16.0
0.6716085,False,10,1,-6.0
0.989144,True,3,3,18.0
0.9631314,True,2,2,-6.0
0.6440544,True,1,1,10.0
0.9898783,True,7,7,18.0
0.9913414,True,5,5,0.0
0.6903111,True,0,0,-2.0
0.9694151,True,2,2,12.0
0.99105024,True,4,4,18.0
0.9920946,True,9,9,12.0
0.99137235,True,0,0,16.0
0.56714916,False,10,1,18.0
0.99242026,True,0,0,18.0
0.9916481,True,7,7,4.0
0.99214387,True,6,6,16.0
0.62946856,False,10,1,6.0
0.846427,False,0,9,-4.0
0.56793547,False,10,1,18.0
0.9904259,True,0,0,6.0
0.99289906,True,5,5,10.0
0.99320704,True,4,4,18.0
0.9537796,True,2,2,10.0
0.9317787,True,2,2,0.0
0.9916659,True,9,9,12.0
0.99148446,True,4,4,0.0
0.3554276,False,0,4,-6.0
0.9618666,True,2,2,6.0
0.72930807,False,8,7,-2.0
0.9903985,True,7,7,18.0
0.9099124,True,2,2,0.0
0.98872596,True,4,4,14.0
0.5054573,True,2,2,18.0
0.9890308,True,6,6,-6.0
0.98772484,True,10,10,2.0
0.9926946,True,5,5,4.0
0.5529616,True,1,1,10.0
0.9226054,True,5,5,-2.0
0.99226534,True,9,9,6.0
0.9749878,False,3,2,-6.0
0.9914021,True,6,6,14.0
0.99403375,True,4,4,-2.0
0.99209774,True,6,6,4.0
0.9894559,True,0,0,18.0
0.90665025,True,5,5,2.0
0.9921474,True,4,4,14.0
0.9916099,True,0,0,2.0
0.94014436,True,2,2,-4.0
0.5409384,False,0,9,-4.0
0.9933689,True,0,0,14.0
0.880938,True,9,9,0.0
0.98689854,True,7,7,10.0
0.9905324,True,7,7,16.0
0.98808515,True,6,6,18.0
0.966214,True,3,3,-2.0
0.9403576,True,2,2,6.0
0.8224601,False,1,10,2.0
0.9907006,True,8,8,10.0
0.9885959,True,8,8,-4.0
0.99018645,True,6,6,-2.0
0.57530147,True,1,1,6.0
0.9932996,True,6,6,4.0
0.9921267,True,7,7,10.0
0.9914888,True,4,4,-2.0
0.9911942,True,8,8,-6.0
0.9930878,True,5,5,10.0
0.7667059,True,2,2,2.0
0.85310096,True,1,1,2.0
0.9911583,True,9,9,18.0
0.8271661,True,5,5,0.0
0.96009606,True,3,3,-4.0
0.98895115,True,0,0,8.0
0.9916837,True,6,6,6.0
0.991487,True,4,4,6.0
0.9800085,True,4,4,-2.0
0.36026102,False,9,2,-6.0
0.9915911,True,5,5,-2.0
0.99291843,True,4,4,6.0
0.8518333,True,2,2,10.0
0.9930949,True,0,0,18.0
0.9903841,True,8,8,16.0
0.9898337,True,3,3,12.0
0.99314755,True,8,8,2.0
0.5665194,False,10,1,18.0
0.99198157,True,6,6,12.0
0.9912717,True,4,4,16.0
0.5471559,False,10,1,-6.0
0.9926433,True,9,9,4.0
0.992767,True,6,6,10.0
0.5743777,False,10,1,4.0
0.9917761,True,6,6,18.0
0.99128085,True,7,7,0.0
0.99273056,True,6,6,2.0
0.99101263,True,0,0,6.0
0.99102217,True,6,6,6.0
0.99085945,True,4,4,-2.0
0.606507,False,10,1,12.0
0.9359712,True,10,10,2.0
0.9922879,True,9,9,14.0
0.9894037,True,8,8,10.0
0.992444,True,4,4,2.0
0.7360558,True,9,9,-4.0
0.9790692,True,5,5,-4.0
0.7359524,True,3,3,-6.0
0.9878686,True,10,10,10.0
0.9913589,True,5,5,16.0
0.5588113,True,10,10,-4.0
0.5336406,True,1,1,0.0
0.992254,True,9,9,8.0
0.9930266,True,5,5,6.0
0.9320724,True,2,2,14.0
0.9920482,True,7,7,16.0
0.9912281,True,8,8,-2.0
0.99030393,True,10,10,10.0
0.9683335,True,2,2,4.0
0.57641506,False,10,1,18.0
0.8805356,True,2,2,-6.0
0.9921192,True,10,10,16.0
0.9906675,True,4,4,6.0
0.93737286,True,2,2,0.0
0.94421214,True,2,2,12.0
0.99419457,True,5,5,12.0
0.99081486,True,5,5,6.0
0.99217105,True,4,4,10.0
0.9880586,True,6,6,-6.0
0.5183749,False,10,1,-6.0
0.9911146,True,8,8,2.0
0.9781716,True,7,7,18.0
0.9908846,True,8,8,14.0
0.74029386,True,1,1,18.0
0.99093974,True,6,6,-6.0
0.9849621,True,5,5,12.0
0.9926669,True,9,9,16.0
0.9843912,True,5,5,2.0
0.9293813,True,2,2,4.0
0.99182653,True,6,6,18.0
0.9908668,True,8,8,10.0
0.9911889,True,0,0,10.0
0.79758394,True,8,8,12.0
0.99212545,True,9,9,18.0
0.99023706,True,8,8,2.0
0.99194723,True,10,10,6.0
0.63503224,False,10,1,2.0
0.97153264,True,2,2,12.0
0.9910445,True,6,6,18.0
0.9902596,True,3,3,2.0
0.9922396,True,0,0,18.0
0.9557773,True,2,2,8.0
0.99194825,True,9,9,16.0
0.7958335,False,3,9,-6.0
0.9935607,True,6,6,-4.0
0.56901544,False,10,1,6.0
0.99110365,True,7,7,2.0
0.99161536,True,0,0,18.0
0.99288964,True,8,8,-4.0
0.9917469,True,6,6,8.0
0.5834127,False,0,9,-4.0
0.9924009,True,6,6,18.0
0.99034965,True,0,0,6.0
0.99310017,True,9,9,0.0
0.94807905,False,9,2,4.0
0.926726,True,2,2,2.0
0.6246342,True,1,1,0.0
0.5684079,False,10,1,18.0
0.98184305,True,8,8,0.0
0.99118,True,6,6,4.0
0.9892063,True,4,4,12.0
0.67731637,False,10,1,18.0
0.99243903,True,6,6,8.0
0.9931124,True,4,4,10.0
0.5677367,True,1,1,14.0
0.98949707,True,4,4,18.0
0.9923369,True,4,4,12.0
0.993814,True,9,9,18.0
0.9903888,True,4,4,14.0
0.6560575,True,1,1,12.0
0.99040765,True,6,6,10.0
0.58819187,False,1,2,-6.0
0.9290152,True,2,2,14.0
0.9920521,True,6,6,-2.0
0.68280816,True,1,1,18.0
0.99274206,True,4,4,0.0
0.83567446,True,1,1,12.0
0.9937715,True,6,6,10.0
0.9906384,True,4,4,18.0
0.9649366,True,8,8,0.0
0.95809734,True,2,2,16.0
0.88268274,True,2,2,2.0
0.99330187,True,6,6,4.0
0.99128586,True,0,0,2.0
0.99157387,True,0,0,18.0
0.9872459,True,7,7,0.0
0.782679,False,3,2,-6.0
0.5732184,False,10,1,14.0
0.8775509,True,2,2,10.0
0.96129465,False,10,5,-4.0
0.9922828,True,8,8,6.0
0.99030745,True,3,3,18.0
0.99283844,True,9,9,10.0
0.57276136,True,1,1,16.0
0.991659,True,9,9,14.0
0.9906915,True,8,8,4.0
0.9915549,True,4,4,10.0
0.5793649,False,10,1,14.0
0.99397767,True,5,5,-2.0
0.9544809,True,2,2,10.0
0.8907812,True,1,1,14.0
0.5337122,True,9,9,-4.0
0.94051075,True,2,2,2.0
0.9892509,True,10,10,14.0
0.5385797,True,1,1,8.0
0.98282987,True,7,7,-6.0
0.9936108,True,5,5,16.0
0.99254286,True,3,3,2.0
0.9548242,True,4,4,-6.0
0.99283797,True,6,6,-2.0
0.9875503,True,7,7,6.0
0.5808357,False,10,1,4.0
0.9927983,True,5,5,14.0
0.99206173,True,9,9,4.0
0.99285126,True,6,6,2.0
0.9543051,True,2,2,14.0
0.99071854,True,10,10,12.0
0.9825716,True,7,7,4.0
0.96769774,False,3,2,14.0
0.99103093,True,8,8,10.0
0.99161315,True,4,4,0.0
0.9917978,True,8,8,0.0
0.9909169,True,3,3,16.0
0.9875942,True,5,5,16.0
0.8615166,True,2,2,16.0
0.99118596,True,8,8,4.0
0.9824327,False,8,7,-6.0
0.993932,True,9,9,10.0
0.6023071,True,1,1,-2.0
0.72291917,True,1,1,18.0
0.5636017,False,10,1,12.0
0.5085802,False,0,8,16.0
0.9913085,True,0,0,4.0
0.5926125,False,10,1,6.0
0.9913936,True,6,6,12.0
0.99198854,True,8,8,10.0
0.99233514,True,8,8,8.0
0.9920643,True,6,6,6.0
0.58806133,True,1,1,10.0
0.92644525,True,2,2,8.0
0.99318403,True,6,6,6.0
0.99107516,True,10,10,18.0
0.95957,True,2,2,4.0
0.62264013,False,10,1,4.0
0.98490787,True,8,8,-4.0
0.9922603,True,0,0,18.0
0.9631591,True,2,2,12.0
0.96351165,True,2,2,14.0
0.57513183,False,9,0,-2.0
0.99204004,True,9,9,4.0
0.9955864,True,4,4,-2.0
0.892634,True,1,1,18.0
0.9865804,True,7,7,14.0
0.57223046,True,1,1,16.0
0.994925,True,10,10,6.0
0.99206173,True,9,9,4.0
0.9909614,True,3,3,4.0
0.99188226,True,6,6,10.0
0.99161154,True,4,4,2.0
0.9707826,True,4,4,-2.0
0.83026606,True,2,2,16.0
0.980433,True,5,5,10.0
0.9921051,True,0,0,6.0
0.99063677,True,10,10,8.0
0.92447007,False,3,2,0.0
0.9912567,True,4,4,10.0
0.9930736,True,9,9,16.0
0.9904992,True,7,7,18.0
0.8508045,False,4,5,-6.0
0.9914113,True,8,8,16.0
0.9617438,True,2,2,18.0
0.9356702,True,2,2,18.0
0.7315153,False,4,0,-6.0
0.98935986,True,5,5,6.0
0.99114543,True,9,9,14.0
0.5615612,True,1,1,-6.0
0.99326575,True,9,9,10.0
0.9488642,True,10,10,2.0
0.9946707,True,5,5,8.0
0.6732222,True,1,1,8.0
0.9914915,True,7,7,2.0
0.99084926,True,0,0,18.0
0.99280846,True,9,9,10.0
0.9170398,True,8,8,2.0
0.9821814,True,5,5,-4.0
0.9900115,True,6,6,0.0
0.9909078,True,5,5,10.0
0.54555225,True,1,1,4.0
0.99199206,True,3,3,6.0
0.86761165,True,10,10,8.0
0.9917828,True,6,6,8.0
0.586854,False,10,1,16.0
0.9913748,True,10,10,12.0
0.9829921,True,10,10,16.0
0.97732085,True,7,7,8.0
0.992019,True,7,7,10.0
0.742239,True,0,0,-2.0
0.77669144,True,5,5,2.0
0.991446,True,7,7,10.0
0.9922994,True,8,8,12.0
0.989956,True,8,8,18.0
0.99082994,True,6,6,0.0
0.67026913,True,1,1,-6.0
0.99403113,True,5,5,18.0
0.9930032,True,9,9,0.0
0.99274445,True,8,8,-2.0
0.875362,True,2,2,-6.0
0.9927741,True,6,6,0.0
0.6736013,True,5,5,-6.0
0.5024458,False,0,9,-4.0
0.9492609,True,2,2,-4.0
0.9949982,True,5,5,0.0
0.9920441,True,0,0,4.0
0.71611214,False,9,2,-6.0
0.9905343,True,3,3,10.0
0.6213963,False,10,1,12.0
0.93736,True,4,4,-4.0
0.6862506,True,1,1,14.0
0.99203837,True,4,4,2.0
0.9524181,True,2,2,16.0
0.7708431,True,1,1,18.0
0.6393554,False,10,1,-2.0
0.98832804,True,3,3,-2.0
0.7260977,True,1,1,-6.0
0.99091864,True,0,0,0.0
0.9891829,True,7,7,16.0
0.99237275,True,4,4,18.0
0.98933905,True,3,3,0.0
0.9549695,True,2,2,10.0
0.99196386,True,4,4,6.0
0.92262995,False,8,7,-6.0
0.77797604,False,3,6,-4.0
0.617504,True,1,1,16.0
0.93497056,True,2,2,4.0
0.9922271,True,7,7,14.0
0.9903805,True,6,6,4.0
0.60847104,False,10,1,2.0
0.6929547,True,1,1,10.0
0.99532855,True,4,4,-2.0
0.9917269,True,3,3,6.0
0.9915257,True,4,4,18.0
0.9914902,True,3,3,18.0
0.6188865,False,0,7,0.0
0.9926845,True,6,6,0.0
0.9877149,True,10,10,18.0
0.9859336,True,5,5,4.0
0.98868525,True,5,5,-4.0
0.57634753,True,1,1,14.0
0.76932025,False,9,0,-4.0
0.9915936,True,8,8,2.0
0.5704706,False,10,1,-4.0
0.9885069,True,7,7,-2.0
0.62664163,True,9,9,-4.0
0.53153026,True,3,3,-6.0
0.9816226,True,9,9,8.0
0.9912561,True,4,4,18.0
0.5826408,False,10,1,0.0
0.99144673,True,4,4,8.0
0.9814766,True,7,7,2.0
0.9896917,True,7,7,8.0
0.9929804,True,3,3,6.0
0.9904862,True,6,6,-6.0
0.99182034,True,6,6,16.0
0.9924419,True,6,6,18.0
0.99092287,True,4,4,6.0
0.9914016,True,6,6,12.0
0.9919606,True,6,6,2.0
0.9253935,True,2,2,12.0
0.5861951,True,1,1,12.0
0.9920157,True,8,8,0.0
0.9904935,True,7,7,6.0
0.79701865,False,9,0,-2.0
0.99277604,True,0,0,14.0
0.99167305,True,3,3,14.0
0.9454023,True,6,6,-6.0
0.7117913,True,4,4,-6.0
0.9693721,True,7,7,-2.0
0.9925541,True,5,5,18.0
0.991152,True,5,5,6.0
0.51314473,True,1,1,2.0
0.9370646,True,2,2,4.0
0.58178616,False,10,1,8.0
0.6762082,True,0,0,-4.0
0.93611187,True,2,2,8.0
0.9919017,True,5,5,10.0
0.98892653,True,8,8,-2.0
0.66132504,False,10,1,-6.0
0.93481153,True,2,2,-4.0
0.9613366,True,8,8,14.0
0.9909108,True,7,7,4.0
0.9750733,True,9,9,0.0
0.9913863,True,9,9,10.0
0.9901434,True,5,5,16.0
0.9438034,True,2,2,-6.0
0.9921238,True,7,7,12.0
0.99058366,True,7,7,14.0
0.83727837,True,7,7,-6.0
0.99137324,True,8,8,0.0
0.94743514,True,2,2,10.0
0.9408446,True,2,2,18.0
0.9937914,True,5,5,8.0
0.9335469,True,2,2,14.0
0.98361063,True,7,7,-6.0
0.9874763,True,9,9,0.0
0.9923644,True,6,6,14.0
0.9873562,True,4,4,6.0
0.9838891,True,5,5,16.0
0.9929773,True,8,8,-4.0
0.99243826,True,3,3,10.0
0.9922597,True,3,3,4.0
0.9905787,True,7,7,16.0
0.97794706,True,7,7,-4.0
0.99181646,True,9,9,10.0
0.99308515,True,3,3,2.0
0.9921678,True,4,4,14.0
0.99069476,True,8,8,16.0
0.9919887,True,0,0,14.0
0.99312055,True,8,8,-2.0
0.99177706,True,9,9,10.0
0.99138665,True,3,3,-4.0
0.993359,True,9,9,12.0
0.9346676,True,2,2,8.0
0.99110365,True,6,6,4.0
0.99103373,True,4,4,10.0
0.8436826,True,9,9,0.0
0.99224114,True,4,4,12.0
0.9780914,True,7,7,-6.0
0.98859745,True,7,7,6.0
0.55658895,True,1,1,10.0
0.9885267,True,4,4,12.0
0.6552738,True,1,1,-2.0
0.9712177,True,10,10,14.0
0.9926817,True,9,9,12.0
0.99325013,True,5,5,0.0
0.99103266,True,6,6,-4.0
0.5754688,True,1,1,16.0
0.6142685,True,1,1,-2.0
0.9921227,True,9,9,6.0
0.93590724,True,2,2,2.0
0.988189,True,0,0,0.0
0.9906759,True,0,0,12.0
0.9906455,True,5,5,16.0
0.9914452,True,5,5,8.0
0.670383,True,0,0,-4.0
0.99386495,True,5,5,12.0
0.55985487,True,1,1,12.0
0.95232296,True,2,2,-4.0
0.98445064,True,8,8,-4.0
0.99292165,True,7,7,-6.0
0.721524,False,10,1,8.0
0.7065448,True,9,9,8.0
0.99210733,True,8,8,8.0
0.99063766,True,0,0,8.0
0.99296474,True,6,6,4.0
0.9866937,True,4,4,14.0
0.428595,False,0,3,-6.0
0.96289593,True,2,2,0.0
0.9944073,True,5,5,8.0
0.90713584,True,8,8,-4.0
0.9904661,True,7,7,10.0
0.9914737,True,6,6,2.0
0.99253404,True,9,9,4.0
0.9912805,True,8,8,16.0
0.9908461,True,3,3,-4.0
0.6157599,True,1,1,-4.0
0.97661555,True,7,7,2.0
0.99209917,True,6,6,4.0
0.9917325,True,6,6,16.0
0.99220747,True,0,0,18.0
0.98768324,True,7,7,18.0
0.6071187,False,10,1,-6.0
0.9930815,True,5,5,6.0
0.574701,False,10,1,10.0
0.719286,False,10,1,-6.0
0.99032027,True,4,4,12.0
0.92862886,True,3,3,-2.0
0.6033608,True,1,1,0.0
0.94491464,False,3,2,16.0
0.8894153,True,2,2,14.0
0.9822979,True,5,5,2.0
0.6191766,True,3,3,-4.0
0.51218104,True,5,5,-4.0
0.99573046,True,5,5,14.0
0.6690275,True,1,1,2.0
0.61170506,False,10,1,8.0
0.5238428,True,1,1,-6.0
0.9533264,True,2,2,16.0
0.9913657,True,9,9,6.0
0.993103,True,9,9,6.0
0.9918617,True,8,8,14.0
0.40643868,True,10,10,-6.0
0.96838814,True,2,2,10.0
0.4522359,True,5,5,-6.0
0.991991,True,4,4,16.0
0.9907065,True,3,3,14.0
0.9910841,True,9,9,14.0
0.9909779,True,5,5,8.0
0.8378929,False,4,5,-6.0
0.5690504,True,9,9,-4.0
0.99675816,True,10,10,2.0
0.99166447,True,6,6,4.0
0.9916898,True,3,3,12.0
0.9918108,True,10,10,10.0
0.99246514,True,6,6,14.0
0.99141663,True,5,5,6.0
0.56692165,True,1,1,18.0
0.9484122,True,5,5,2.0
0.5967244,True,1,1,8.0
0.9919206,True,3,3,10.0
0.99145645,True,6,6,6.0
0.9882543,True,5,5,-6.0
0.70585865,True,1,1,2.0
0.99259675,True,6,6,-2.0
0.63170826,False,10,1,2.0
0.9641128,True,7,7,16.0
0.9943731,True,9,9,0.0
0.99046457,True,5,5,10.0
0.56018484,True,1,1,18.0
0.9687108,True,2,2,-4.0
0.5332748,True,1,1,-4.0
0.99570966,True,10,10,16.0
0.99263716,True,5,5,6.0
0.65542436,True,10,10,0.0
0.9920093,True,0,0,8.0
0.37880498,False,5,9,-4.0
0.9918395,True,8,8,-2.0
0.9530838,True,2,2,4.0
0.56970435,False,10,1,18.0
0.99044997,True,6,6,6.0
0.9864125,True,8,8,-6.0
0.59748507,True,1,1,2.0
0.99526995,True,5,5,12.0
0.98746955,True,7,7,6.0
0.99271035,True,9,9,10.0
0.990767,True,5,5,2.0
0.570405,True,1,1,18.0
0.5229449,True,3,3,-4.0
0.6189361,False,10,1,8.0
0.99112695,True,6,6,12.0
0.9938403,True,9,9,12.0
0.5734955,False,10,1,18.0
0.9910858,True,7,7,-6.0
0.84504634,True,0,0,-2.0
0.9917259,True,8,8,6.0
0.98985916,True,8,8,12.0
0.9927683,True,5,5,14.0
0.9912929,True,6,6,2.0
0.99264824,True,3,3,6.0
0.989885,True,4,4,6.0
0.98996264,True,4,4,18.0
0.99155384,True,7,7,18.0
0.92556053,True,2,2,-2.0
0.9918168,True,8,8,16.0
0.5661716,True,1,1,8.0
0.8324373,True,7,7,-6.0
0.99026066,True,4,4,10.0
0.9915024,True,6,6,18.0
0.9883018,True,0,0,4.0
0.99438876,True,5,5,8.0
0.9955324,True,3,3,-4.0
0.9905033,True,7,7,0.0
0.93752605,True,6,6,-6.0
0.9089778,True,5,5,0.0
0.99328834,True,9,9,16.0
0.5654308,False,10,1,4.0
0.9914095,True,8,8,10.0
0.991499,True,3,3,6.0
0.9908689,True,0,0,2.0
0.98801035,True,4,4,8.0
0.9888896,True,6,6,-2.0
0.9885146,True,4,4,0.0
0.99143,True,7,7,12.0
0.95704895,True,7,7,4.0
0.9918075,True,8,8,10.0
0.9918522,True,6,6,0.0
0.9319429,False,8,7,-6.0
0.99155664,True,4,4,14.0
0.99313736,True,5,5,18.0
0.9876329,True,5,5,14.0
0.9926963,True,8,8,18.0
0.9926318,True,3,3,4.0
0.9931537,True,5,5,-2.0
0.99060106,True,4,4,8.0
0.99122965,True,8,8,2.0
0.99212414,True,5,5,6.0
0.99127734,True,4,4,6.0
0.9216717,True,2,2,-2.0
0.7410503,False,0,7,-2.0
0.5616678,False,7,8,10.0
0.9907342,True,7,7,12.0
0.9910279,True,4,4,16.0
0.9902262,True,3,3,16.0
0.98734516,True,6,6,-6.0
0.57748455,False,10,1,16.0
0.9605119,True,2,2,-6.0
0.9341554,True,2,2,12.0
0.98443156,True,7,7,0.0
0.637817,False,10,1,0.0
0.99228066,True,6,6,-2.0
0.67574143,False,10,1,-4.0
0.93106645,False,7,2,6.0
0.9937882,True,5,5,16.0
0.9917978,True,4,4,14.0
0.9925103,True,8,8,-4.0
0.99087757,True,4,4,10.0
0.99034697,True,6,6,2.0
0.9918426,True,6,6,-4.0
0.99402446,True,4,4,-2.0
0.6576375,True,1,1,-2.0
0.99523336,True,5,5,8.0
0.9911747,True,10,10,8.0
0.9906213,True,4,4,6.0
0.6033039,False,10,1,-4.0
0.9905013,True,3,3,16.0
0.99219114,True,6,6,2.0
0.9903042,True,7,7,18.0
0.99154776,True,6,6,16.0
0.9919469,True,6,6,16.0
0.57436496,True,10,10,-6.0
0.9920512,True,4,4,0.0
0.9880909,True,0,0,8.0
0.99011225,True,6,6,-4.0
0.9901816,True,4,4,6.0
0.9920887,True,7,7,2.0
0.99339783,True,5,5,6.0
0.8523645,True,2,2,10.0
0.42637563,False,3,9,-6.0
0.6013788,True,1,1,4.0
0.99253255,True,0,0,10.0
0.99490935,True,5,5,-2.0
0.9765945,True,5,5,0.0
0.9919396,True,7,7,2.0
0.93678623,True,2,2,4.0
0.9920447,True,3,3,10.0
0.99026626,True,4,4,18.0
0.98028266,True,8,8,-6.0
0.9931687,True,8,8,0.0
0.9897432,True,6,6,12.0
0.9904923,True,6,6,16.0
0.98993695,True,6,6,4.0
0.9436895,True,2,2,-2.0
0.60584116,False,10,1,-2.0
0.5001646,False,1,10,0.0
0.9936009,True,5,5,14.0
0.99141407,True,9,9,14.0
0.99226415,True,8,8,18.0
0.99236333,True,4,4,10.0
0.5051633,True,1,1,-2.0
0.99285567,True,8,8,12.0
0.99435693,True,6,6,0.0
0.99223536,True,9,9,6.0
0.9950599,True,4,4,-2.0
0.98976374,True,4,4,4.0
0.99189657,True,7,7,16.0
0.65007126,True,1,1,14.0
0.63174033,True,1,1,10.0
0.9903983,True,6,6,6.0
0.8065407,False,4,5,-4.0
0.61350167,True,1,1,0.0
0.9917509,True,5,5,6.0
0.98896456,True,4,4,-4.0
0.61750835,True,10,10,-4.0
0.9915222,True,9,9,4.0
0.9900095,True,4,4,16.0
0.99053675,True,7,7,10.0
0.98704267,True,5,5,8.0
0.9910377,True,3,3,16.0
0.98959804,True,7,7,10.0
0.9914193,True,8,8,18.0
0.973332,True,2,2,10.0
0.9914771,True,9,9,16.0
0.98942626,True,4,4,6.0
0.9724753,True,9,9,-2.0
0.619108,False,10,1,4.0
0.9904695,True,5,5,6.0
0.99116653,True,5,5,16.0
0.99259454,True,6,6,14.0
0.9408872,True,2,2,6.0
0.9935735,True,5,5,8.0
0.94691294,True,2,2,8.0
0.9908409,True,4,4,8.0
0.9916112,True,0,0,16.0
0.98960227,True,8,8,0.0
0.9933636,True,3,3,4.0
0.99252945,True,0,0,14.0
0.85341215,False,0,9,-2.0
0.9869999,True,7,7,4.0
0.81854844,True,7,7,0.0
0.9926857,True,3,3,8.0
0.31299475,False,4,9,-6.0
0.9915331,True,3,3,0.0
0.99233645,True,9,9,16.0
0.9919613,True,6,6,6.0
0.5698792,False,10,1,4.0
0.99381316,True,4,4,2.0
0.9821759,True,0,0,0.0
0.9098905,True,2,2,0.0
0.99065304,True,5,5,18.0
0.99273235,True,0,0,12.0
0.9930704,True,9,9,4.0
0.9916558,True,3,3,16.0
0.9907918,True,4,4,4.0
0.9918412,True,8,8,12.0
0.9922173,True,8,8,0.0
0.9922976,True,9,9,2.0
0.9917862,True,6,6,-2.0
0.6018067,True,1,1,4.0
0.92530674,False,9,0,-4.0
0.9897423,True,4,4,4.0
0.8059839,True,1,1,8.0
0.9271307,True,8,8,-6.0
0.9901558,True,0,0,6.0
0.9625058,True,2,2,4.0
0.7805652,True,1,1,14.0
0.99167997,True,6,6,-6.0
0.99105024,True,3,3,14.0
0.99063945,True,8,8,18.0
0.99287355,True,8,8,18.0
0.8402799,False,10,5,-6.0
0.7196358,True,0,0,-4.0
0.9890515,True,6,6,-6.0
0.9879325,True,10,10,0.0
0.99236745,True,0,0,8.0
0.99192566,True,6,6,8.0
0.9923866,True,8,8,12.0
0.99227047,True,8,8,4.0
0.8709095,True,7,7,10.0
0.9923941,True,8,8,16.0
0.8286915,True,9,9,-4.0
0.99347985,True,8,8,8.0
0.9943479,True,3,3,10.0
0.982434,True,7,7,14.0
0.99163693,True,8,8,4.0
0.537431,False,10,1,-4.0
0.8558274,True,7,7,-4.0
0.98739064,True,5,5,0.0
0.9921153,True,6,6,2.0
0.9740012,True,8,8,14.0
0.54104704,True,1,1,4.0
0.9907204,True,4,4,-4.0
0.5325851,False,3,9,-4.0
0.9266228,True,5,5,0.0
0.609154,True,1,1,16.0
0.88236594,True,2,2,-6.0
0.9901811,True,8,8,16.0
0.99305636,True,9,9,18.0
0.98964804,True,7,7,16.0
0.9921485,True,0,0,8.0
0.9571668,True,5,5,-4.0
0.9555305,True,7,7,4.0
0.9930461,True,9,9,18.0
0.5610516,False,10,1,2.0
0.9700981,True,2,2,-6.0
0.9915792,True,3,3,16.0
0.99297583,True,0,0,2.0
0.5022775,True,10,10,-2.0
0.5950662,False,10,1,0.0
0.95360005,True,2,2,2.0
0.7354511,True,1,1,-6.0
0.9718249,True,4,4,-4.0
0.9921112,True,9,9,8.0
0.94742125,True,2,2,-2.0
0.99013,True,5,5,10.0
0.9916372,True,6,6,12.0
0.99149525,True,3,3,18.0
0.9908791,True,0,0,12.0
0.99280375,True,8,8,12.0
0.9853764,True,8,8,8.0
0.9928964,True,7,7,6.0
0.98981756,True,4,4,-4.0
0.84683186,True,7,7,-2.0
0.97108924,True,7,7,2.0
0.9947902,True,5,5,0.0
0.98748964,True,8,8,-4.0
0.59741396,True,1,1,6.0
0.77640235,True,1,1,4.0
0.96543723,True,2,2,8.0
0.74179894,True,1,1,12.0
0.8716334,True,2,2,6.0
0.98492336,True,5,5,4.0
0.99193925,True,9,9,18.0
0.9914101,True,9,9,6.0
0.9392534,False,0,2,-6.0
0.99398273,True,3,3,6.0
0.7346234,True,1,1,0.0
0.99157375,True,4,4,8.0
0.9927407,True,4,4,2.0
0.99061793,True,7,7,4.0
0.6591666,True,1,1,-4.0
0.9935241,True,3,3,-2.0
0.99606687,True,5,5,0.0
0.99186337,True,9,9,4.0
0.99485236,True,10,10,2.0
0.99531555,True,4,4,-2.0
0.99120164,True,0,0,8.0
0.9910816,True,6,6,0.0
0.99113876,True,5,5,6.0
0.5229968,True,10,10,-2.0
0.58903974,False,10,1,16.0
0.9911618,True,7,7,18.0
0.9911606,True,9,9,4.0
0.9914693,True,5,5,10.0
0.64522105,True,1,1,6.0
0.99395,True,5,5,6.0
0.99335676,True,3,3,6.0
0.5644025,False,10,1,18.0
0.9921744,True,8,8,18.0
0.98978955,True,8,8,16.0
0.8350187,True,2,2,6.0
0.87556565,True,5,5,-6.0
0.9859243,True,6,6,-6.0
0.6393382,False,10,1,6.0
0.99067175,True,4,4,18.0
0.99299824,True,5,5,2.0
0.9916264,True,8,8,6.0
0.9940077,True,5,5,6.0
0.55916625,False,10,1,8.0
0.99321944,True,3,3,8.0
0.9949262,True,3,3,-2.0
0.9425537,True,2,2,-6.0
0.9909801,True,0,0,8.0
0.99271727,True,5,5,6.0
0.8933167,True,2,2,14.0
0.9907872,True,6,6,14.0
0.98968375,True,10,10,10.0
0.9567573,True,2,2,14.0
0.6345378,True,1,1,6.0
0.62665516,True,1,1,-4.0
0.99249,True,6,6,18.0
0.5868424,True,7,7,2.0
0.99309796,True,4,4,12.0
0.9910691,True,9,9,8.0
0.7368687,True,1,1,12.0
0.99089664,True,6,6,10.0
0.99064624,True,3,3,2.0
0.99349713,True,6,6,8.0
0.9922161,True,6,6,6.0
0.87094647,True,2,2,14.0
0.4157408,False,0,2,-6.0
0.99103594,True,7,7,18.0
0.989778,True,0,0,14.0
0.74280655,True,1,1,18.0
0.9906715,True,3,3,4.0
0.6744421,True,1,1,14.0
0.57252985,True,1,1,8.0
0.99240303,True,8,8,8.0
0.96975154,True,5,5,6.0
0.9904715,True,0,0,14.0
0.9902174,True,7,7,12.0
0.88938713,True,2,2,-2.0
0.9901777,True,7,7,4.0
0.513966,False,3,9,-6.0
0.9930796,True,4,4,2.0
0.9572404,True,5,5,2.0
0.98861796,True,7,7,8.0
0.91386133,False,8,2,10.0
0.99336654,True,8,8,4.0
0.9924359,True,6,6,4.0
0.50047946,True,1,1,0.0
0.99080783,True,4,4,8.0
0.99056256,True,8,8,6.0
0.99149925,True,4,4,8.0
0.9935318,True,5,5,8.0
0.9909576,True,9,9,6.0
0.99090123,True,8,8,14.0
0.96545225,False,4,2,-6.0
0.95791084,True,2,2,-6.0
0.9947325,True,3,3,4.0
0.62669384,False,9,0,-6.0
0.99293137,True,9,9,16.0
0.8951669,True,2,2,-6.0
0.60025936,False,10,1,-2.0
0.9924861,True,8,8,18.0
0.9937499,True,6,6,2.0
0.8996503,True,2,2,-2.0
0.9866267,True,5,5,2.0
0.99151796,True,4,4,14.0
0.9928035,True,9,9,10.0
0.98761475,True,7,7,-2.0
0.8915036,True,2,2,-2.0
0.9901502,True,8,8,-4.0
0.6431715,True,10,10,2.0
0.54445285,False,10,1,-6.0
0.9904649,True,3,3,8.0
0.55610305,False,10,1,-6.0
0.9895879,True,3,3,14.0
0.99114907,True,6,6,4.0
0.9911714,True,9,9,2.0
0.93014544,True,2,2,16.0
0.9932439,True,3,3,12.0
0.73251086,True,2,2,10.0
0.99506843,True,4,4,-2.0
0.6439513,False,10,5,-6.0
0.63883144,False,10,1,-4.0
0.9930911,True,5,5,18.0
0.57319933,True,3,3,-4.0
0.65700656,True,0,0,-4.0
0.99111605,True,5,5,-4.0
0.99223715,True,0,0,8.0
0.97109467,True,2,2,6.0
0.9195138,True,2,2,-4.0
0.64775103,True,8,8,18.0
0.9933274,True,6,6,14.0
0.9928141,True,0,0,14.0
0.992728,True,0,0,12.0
0.99434114,True,5,5,18.0
0.9909079,True,9,9,6.0
0.9214763,True,2,2,10.0
0.9843196,True,7,7,2.0
0.60581404,False,1,10,-6.0
0.9917235,True,9,9,2.0
0.99272186,True,8,8,16.0
0.99413174,True,5,5,10.0
0.9931022,True,3,3,18.0
0.9904412,True,7,7,14.0
0.99171525,True,0,0,8.0
0.99078184,True,6,6,10.0
0.9925021,True,6,6,2.0
0.61125135,True,1,1,14.0
0.98937035,True,7,7,12.0
0.99057543,True,8,8,16.0
0.56508404,True,10,10,-4.0
0.9917713,True,5,5,12.0
0.9918624,True,6,6,6.0
0.5677511,True,1,1,-4.0
0.98914754,True,7,7,12.0
0.9897621,True,9,9,6.0
0.93830806,False,7,9,-6.0
0.9793341,False,9,4,-4.0
0.9914329,True,8,8,8.0
0.9902748,True,4,4,2.0
0.9904544,True,7,7,18.0
0.99049723,True,0,0,16.0
0.9510681,True,2,2,-6.0
0.58944464,False,10,1,0.0
0.9928398,True,8,8,-2.0
0.98844016,True,7,7,16.0
0.5838864,False,4,5,-4.0
0.9935347,True,3,3,0.0
0.95281,True,2,2,6.0
0.99302506,True,5,5,10.0
0.993523,True,9,9,14.0
0.9922276,True,0,0,10.0
0.991892,True,7,7,2.0
0.5589005,True,1,1,4.0
0.9923619,True,3,3,18.0
0.6753381,True,1,1,0.0
0.9911423,True,0,0,12.0
0.52454674,False,10,1,-4.0
0.93588376,True,10,10,18.0
0.9668742,False,7,2,8.0
0.99174553,True,6,6,12.0
0.98788536,True,7,7,-2.0
0.77672744,True,3,3,-4.0
0.8589038,False,5,10,-4.0
0.9916427,True,7,7,2.0
0.5357628,False,9,0,-6.0
0.5524548,True,1,1,-6.0
0.99084646,True,9,9,2.0
0.7215233,True,0,0,-6.0
0.9722276,True,2,2,18.0
0.9920107,True,0,0,6.0
0.9923753,True,3,3,6.0
0.5489652,True,9,9,-2.0
0.99367505,True,5,5,14.0
0.99165475,True,8,8,2.0
0.993009,True,6,6,-4.0
0.61123264,False,10,1,-4.0
0.9900282,True,8,8,12.0
0.91023606,True,2,2,0.0
0.9933954,True,3,3,8.0
0.8246011,True,1,1,16.0
0.94594294,True,2,2,4.0
0.63788104,True,1,1,-6.0
0.5618784,True,1,1,6.0
0.9931114,True,9,9,6.0
0.8407702,True,2,2,10.0
0.9903206,True,4,4,4.0
0.9931359,True,8,8,10.0
0.9854822,True,8,8,-4.0
0.99423224,True,4,4,2.0
0.70280033,False,10,1,-6.0
0.98938006,True,7,7,2.0
0.99358714,True,8,8,2.0
0.925397,True,2,2,6.0
0.63045853,False,4,9,-6.0
0.991715,True,8,8,14.0
0.9909504,True,3,3,18.0
0.92447156,True,2,2,2.0
0.5036406,True,0,0,-4.0
0.9959889,True,10,10,0.0
0.9910206,True,4,4,4.0
0.97790295,True,0,0,-2.0
0.9935184,True,5,5,6.0
0.9932452,True,5,5,18.0
0.99350315,True,3,3,6.0
0.99137795,True,0,0,10.0
0.5437991,False,8,7,-4.0
0.9926978,True,6,6,10.0
0.61916006,False,0,9,-6.0
0.9900131,True,4,4,6.0
0.99221647,True,8,8,0.0
0.5175151,False,10,1,-4.0
0.99190044,True,8,8,18.0
0.9931815,True,3,3,-4.0
0.99273854,True,7,7,12.0
0.9901479,True,10,10,16.0
0.9912545,True,7,7,4.0
0.99193925,True,9,9,6.0
0.9942516,True,3,3,-2.0
0.99309605,True,6,6,4.0
0.48538426,True,0,0,-6.0
0.39567655,False,9,0,-6.0
0.9640648,True,2,2,-4.0
0.5946664,False,5,10,2.0
0.64137954,False,8,7,14.0
0.99286675,True,7,7,4.0
0.9907766,True,6,6,18.0
0.99120986,True,5,5,8.0
0.99389523,True,8,8,-2.0
0.99251634,True,6,6,-4.0
0.40569603,False,1,10,-6.0
0.99210477,True,7,7,6.0
0.90778285,True,7,7,10.0
0.9911288,True,6,6,6.0
0.97510004,True,0,0,0.0
0.99086374,True,6,6,-6.0
0.9904489,True,4,4,8.0
0.9899344,True,5,5,12.0
0.99043274,True,4,4,12.0
0.9856727,True,5,5,12.0
0.98955464,True,7,7,8.0
0.994241,True,10,10,10.0
0.9900501,True,7,7,18.0
0.347419,False,3,0,-6.0
0.85770833,True,4,4,-6.0
0.60826015,True,1,1,4.0
0.99173284,True,3,3,12.0
0.9914063,True,7,7,16.0
0.99451387,True,5,5,18.0
0.99177766,True,6,6,16.0
0.50267243,True,10,10,-2.0
0.992374,True,0,0,10.0
0.9922903,True,8,8,18.0
0.9672926,True,9,9,0.0
0.9916808,True,3,3,16.0
0.8881252,False,7,8,-2.0
0.82391816,True,10,10,8.0
0.9921834,True,9,9,10.0
0.9939498,True,5,5,16.0
0.9913612,True,7,7,10.0
0.9847943,True,3,3,-2.0
0.553593,True,1,1,0.0
0.4173674,True,3,3,-4.0
0.94382125,True,2,2,18.0
0.99010545,True,6,6,4.0
0.93322223,True,4,4,-4.0
0.9900765,True,6,6,-2.0
0.98929113,True,7,7,-4.0
0.99002844,True,7,7,2.0
0.99133575,True,6,6,2.0
0.60075176,False,10,1,-4.0
0.99246347,True,6,6,18.0
0.9911781,True,9,9,4.0
0.9919789,True,4,4,14.0
0.9925364,True,10,10,18.0
0.9910266,True,7,7,10.0
0.9932637,True,9,9,16.0
0.9931706,True,6,6,18.0
0.98933136,True,3,3,14.0
0.99228305,True,0,0,12.0
0.9908302,True,3,3,0.0
0.99147195,True,7,7,14.0
0.9904981,True,7,7,2.0
0.9821206,True,8,8,10.0
0.9675918,False,0,2,4.0
0.90907335,False,6,2,2.0
0.9926738,True,8,8,-2.0
0.9903155,True,7,7,8.0
0.9906018,True,6,6,12.0
0.9914051,True,9,9,16.0
0.930707,True,2,2,-2.0
0.9479482,True,2,2,-2.0
0.99142843,True,6,6,8.0
0.930837,False,9,2,-6.0
0.99065477,True,9,9,2.0
0.9908965,True,3,3,-2.0
0.9915868,True,6,6,6.0
0.9916574,True,3,3,2.0
0.8371667,True,10,10,12.0
0.8837424,False,1,10,-4.0
0.9929,True,9,9,2.0
0.99247485,True,7,7,18.0
0.3860655,True,8,8,2.0
0.992566,True,9,9,0.0
0.98956233,True,4,4,4.0
0.9904349,True,7,7,16.0
0.5929492,False,10,1,-2.0
0.9913168,True,0,0,2.0
0.7910583,True,1,1,12.0
0.9890792,True,4,4,18.0
0.9933389,True,5,5,16.0
0.98920536,True,6,6,8.0
0.5857661,True,1,1,4.0
0.5370976,False,9,2,-6.0
0.6429902,False,10,1,0.0
0.9904855,True,7,7,14.0
0.99242014,True,4,4,2.0
0.9928838,True,3,3,6.0
0.99008405,True,4,4,6.0
0.63909125,False,10,1,2.0
0.9695767,True,2,2,18.0
0.7778947,False,7,8,8.0
0.99078935,True,4,4,8.0
0.98750055,True,0,0,4.0
0.9915174,True,4,4,16.0
0.9921944,True,0,0,8.0
0.9938129,True,5,5,6.0
0.8949417,False,6,3,-6.0
0.60119754,True,0,0,-4.0
0.5560538,True,1,1,12.0
0.9920135,True,8,8,10.0
0.9914517,True,3,3,16.0
0.9867552,True,5,5,18.0
0.9913498,True,0,0,14.0
0.5278202,True,1,1,-2.0
0.6031231,False,0,4,-6.0
0.9906289,True,0,0,2.0
0.99166846,True,0,0,4.0
0.9951041,True,3,3,0.0
0.9801973,True,5,5,-2.0
0.88722295,True,2,2,16.0
0.43699762,True,2,2,0.0
0.99032205,True,8,8,18.0
0.99116,True,6,6,2.0
0.9942368,True,3,3,0.0
0.9909496,True,4,4,2.0
0.9915241,True,0,0,6.0
0.99220145,True,3,3,14.0
0.99148154,True,3,3,6.0
0.65983844,True,1,1,-2.0
0.9924355,True,6,6,2.0
0.654155,True,1,1,2.0
0.39372057,False,0,9,-2.0
0.9945522,True,10,10,8.0
0.9918181,True,4,4,10.0
0.99324375,True,5,5,18.0
0.9910932,True,4,4,16.0
0.9924787,True,4,4,16.0
0.83226264,False,3,2,-6.0
0.99416226,True,5,5,4.0
0.49733588,False,4,0,-6.0
0.49719045,False,10,1,-2.0
0.5656539,True,1,1,6.0
0.99273175,True,9,9,18.0
0.6593673,True,1,1,16.0
0.70175076,False,10,1,4.0
0.59094554,False,10,1,10.0
0.5962893,True,1,1,10.0
0.95807153,True,0,0,0.0
0.9564267,True,2,2,18.0
0.38760054,False,6,8,14.0
0.99267274,True,0,0,12.0
0.9615207,True,2,2,6.0
0.9951728,True,10,10,16.0
0.9909769,True,5,5,16.0
0.9895216,True,4,4,12.0
0.99233985,True,3,3,2.0
0.9915052,True,8,8,0.0
0.9913229,True,0,0,0.0
0.9422149,True,2,2,10.0
0.9935875,True,6,6,18.0
0.6238852,False,10,1,-6.0
0.976444,True,7,7,4.0
0.4142943,False,0,4,-6.0
0.96826744,True,0,0,2.0
0.9917447,True,4,4,12.0
0.99112904,True,8,8,16.0
0.9921697,True,3,3,2.0
0.771653,True,0,0,0.0
0.99209654,True,5,5,12.0
0.872108,True,2,2,-4.0
0.994368,True,6,6,2.0
0.99222213,True,0,0,8.0
0.57348377,True,0,0,-4.0
0.99571913,True,7,7,-6.0
0.61383665,True,1,1,-6.0
0.70295393,True,5,5,-4.0
0.99313813,True,8,8,4.0
0.6176064,True,1,1,14.0
0.9923808,True,3,3,12.0
0.60320354,True,1,1,10.0
0.9878769,True,0,0,0.0
0.99107075,True,3,3,16.0
0.99315006,True,4,4,-2.0
0.9033756,True,2,2,0.0
0.991143,True,8,8,10.0
0.99112165,True,8,8,0.0
0.9901202,True,10,10,14.0
0.9921085,True,8,8,4.0
0.9912531,True,4,4,8.0
0.75970596,True,7,7,-4.0
0.99303997,True,0,0,18.0
0.967888,True,2,2,12.0
0.98477453,True,9,9,6.0
0.9912231,True,5,5,18.0
0.9490545,True,3,3,-6.0
0.7719996,True,9,9,-4.0
0.9920259,True,4,4,18.0
0.9915268,True,4,4,10.0
0.98977995,True,7,7,12.0
0.7869303,True,1,1,14.0
0.99222744,True,7,7,18.0
0.9229519,True,2,2,8.0
0.65068346,False,10,1,-4.0
0.9918429,True,4,4,6.0
0.99073714,True,5,5,12.0
0.9932581,True,5,5,6.0
0.6764786,True,1,1,6.0
0.9913031,True,3,3,6.0
0.8994716,True,3,3,-2.0
0.99462587,True,10,10,10.0
0.9961312,True,5,5,-4.0
0.56289953,False,10,1,-2.0
0.9911412,True,4,4,10.0
0.99316347,True,4,4,0.0
0.99153125,True,6,6,0.0
0.98685884,True,5,5,-2.0
0.56576145,False,10,1,16.0
0.99297863,True,8,8,-2.0
0.564479,False,10,1,2.0
0.9920311,True,8,8,10.0
0.99293935,True,6,6,-4.0
0.98882806,True,10,10,18.0
0.6001131,True,1,1,-6.0
0.9913079,True,6,6,18.0
0.56230783,True,1,1,0.0
0.59340256,False,10,1,12.0
0.9926602,True,6,6,12.0
0.5387449,True,0,0,-4.0
0.89201176,True,2,2,-2.0
0.9929482,True,5,5,4.0
0.98466206,True,8,8,2.0
0.9910226,True,3,3,12.0
0.99088997,True,6,6,8.0
0.5747328,False,10,1,6.0
0.9924453,True,9,9,8.0
0.9907472,True,9,9,12.0
0.9935992,True,8,8,6.0
0.99352115,True,6,6,0.0
0.5120898,True,1,1,0.0
0.9934175,True,3,3,18.0
0.9917836,True,8,8,4.0
0.99287236,True,0,0,14.0
0.9948886,True,4,4,-4.0
0.9893994,True,3,3,0.0
0.5997624,True,1,1,-6.0
0.5338079,True,1,1,0.0
0.56358474,True,1,1,10.0
0.99275863,True,8,8,12.0
0.5617543,False,9,0,-6.0
0.6497571,True,1,1,8.0
0.99165076,True,7,7,6.0
0.98846674,True,7,7,6.0
0.9945411,True,10,10,2.0
0.99121875,True,7,7,18.0
0.9911056,True,7,7,6.0
0.46398532,False,0,3,-6.0
0.99185467,True,8,8,2.0
0.6336535,True,1,1,2.0
0.99103206,True,0,0,4.0
0.6756201,True,1,1,10.0
0.9913333,True,5,5,6.0
0.9894958,True,4,4,16.0
0.99543226,True,5,5,16.0
0.99112403,True,3,3,6.0
0.991861,True,6,6,8.0
0.91081846,True,2,2,-6.0
0.99223644,True,8,8,12.0
0.9896399,True,0,0,2.0
0.9901939,True,5,5,10.0
0.9263227,True,2,2,-4.0
0.99053735,True,4,4,16.0
0.55513996,True,0,0,10.0
0.9898538,True,6,6,10.0
0.99204904,True,9,9,12.0
0.9921135,True,7,7,6.0
0.99459475,True,5,5,6.0
0.9934422,True,6,6,0.0
0.54355025,True,1,1,-6.0
0.9390436,True,2,2,18.0
0.992401,True,8,8,18.0
0.9882946,True,4,4,14.0
0.70787805,True,10,10,10.0
0.9923402,True,7,7,6.0
0.9083575,False,8,7,-2.0
0.9917196,True,0,0,16.0
0.9914665,True,4,4,18.0
0.9928508,True,9,9,8.0
0.9913374,True,3,3,6.0
0.9911287,True,0,0,4.0
0.9808592,True,7,7,-4.0
0.99261546,True,5,5,12.0
0.9448551,True,2,2,6.0
0.99305236,True,6,6,12.0
0.96776766,True,5,5,0.0
0.9911476,True,4,4,16.0
0.6055825,True,1,1,12.0
0.75937295,True,3,3,-4.0
0.9911801,True,7,7,18.0
0.9875973,True,7,7,10.0
0.9941975,True,10,10,4.0
0.94397646,True,2,2,0.0
0.99199194,True,3,3,8.0
0.70070416,False,10,1,-6.0
0.9940468,True,5,5,-2.0
0.98310167,True,7,7,-4.0
0.901581,True,10,10,2.0
0.9698945,True,6,6,-6.0
0.9918847,True,6,6,6.0
0.99454194,True,4,4,0.0
0.96478915,True,7,7,-2.0
0.97058386,True,2,2,-4.0
0.9917303,True,6,6,4.0
0.55482984,False,10,1,-2.0
0.5575869,False,10,1,8.0
0.98283976,True,6,6,-6.0
0.9696993,False,9,4,-2.0
0.56963754,True,1,1,12.0
0.99126804,True,6,6,-4.0
0.9916822,True,4,4,4.0
0.99050856,True,0,0,10.0
0.6258945,True,1,1,2.0
0.9898483,True,0,0,4.0
0.99092567,True,7,7,4.0
0.6744196,False,7,0,-6.0
0.9894476,True,4,4,14.0
0.9446767,True,2,2,16.0
0.8307622,True,2,2,-2.0
0.9424288,True,2,2,14.0
0.99252397,True,9,9,8.0
0.9927013,True,0,0,18.0
0.9055674,True,2,2,10.0
0.9919099,True,10,10,12.0
0.9926328,True,7,7,6.0
0.57645565,True,10,10,-2.0
0.9903167,True,3,3,10.0
0.589751,False,10,1,-6.0
0.99116766,True,7,7,4.0
0.9900641,True,8,8,14.0
0.8027654,True,1,1,18.0
0.45237276,True,4,4,-4.0
0.67179483,False,8,7,-6.0
0.64733326,True,1,1,0.0
0.754641,True,3,3,-6.0
0.9928888,True,6,6,2.0
0.6253504,True,1,1,18.0
0.95815504,True,2,2,18.0
0.9930066,True,7,7,10.0
0.5685425,False,10,1,0.0
0.9913851,True,8,8,12.0
0.99186736,True,5,5,-4.0
0.450992,True,10,10,-6.0
0.9914486,True,6,6,12.0
0.85823303,True,10,10,0.0
0.5093307,False,10,1,-4.0
0.70422363,True,1,1,-2.0
0.94905424,False,0,5,-4.0
0.6704108,True,1,1,-6.0
0.5799655,True,1,1,0.0
0.98977566,True,0,0,4.0
0.99360526,True,5,5,10.0
0.9395407,True,2,2,2.0
0.9924269,True,0,0,10.0
0.9920095,True,5,5,-4.0
0.9910166,True,6,6,10.0
0.6957591,True,1,1,2.0
0.68005806,False,10,1,-2.0
0.91246337,True,2,2,10.0
0.58036745,True,1,1,14.0
0.99183476,True,9,9,4.0
0.9669498,True,2,2,0.0
0.991167,True,10,10,16.0
0.9923179,True,4,4,2.0
0.99189395,True,6,6,14.0
0.9929194,True,8,8,0.0
0.9921441,True,3,3,14.0
0.99343055,True,8,8,4.0
0.9927763,True,9,9,16.0
0.96080863,True,2,2,-4.0
0.5985001,True,10,10,-4.0
0.9919117,True,9,9,8.0
0.99437237,True,10,10,2.0
0.9916505,True,8,8,14.0
0.5749807,False,0,9,-2.0
0.9856997,True,5,5,8.0
0.9915399,True,6,6,8.0
0.992462,True,5,5,16.0
0.992334,True,4,4,16.0
0.58547765,True,1,1,10.0
0.9921341,True,3,3,2.0
0.9903604,True,6,6,0.0
0.989782,True,9,9,0.0
0.9918887,True,0,0,10.0
0.6945163,True,1,1,12.0
0.99036705,True,4,4,10.0
0.576049,False,10,1,12.0
0.9667944,True,2,2,16.0
0.99162406,True,0,0,6.0
0.9895599,True,6,6,12.0
0.90395826,True,2,2,12.0
0.94331163,False,9,2,8.0
0.9921787,True,8,8,6.0
0.9845499,True,7,7,14.0
0.9926541,True,4,4,4.0
0.78093517,False,7,8,-2.0
0.9522022,True,2,2,10.0
0.5616907,False,10,1,8.0
0.5005299,True,9,9,-6.0
0.987911,True,7,7,16.0
0.9916958,True,0,0,16.0
0.397367,False,4,9,-4.0
0.981629,True,6,6,-6.0
0.977495,True,5,5,-6.0
0.5908158,False,10,1,12.0
0.81854934,True,10,10,0.0
0.9932267,True,6,6,2.0
0.7401523,True,1,1,-2.0
0.9921062,True,0,0,12.0
0.9610452,True,7,7,12.0
0.992593,True,9,9,10.0
0.96689075,True,2,2,-4.0
0.99250036,True,8,8,4.0
0.99323165,True,4,4,8.0
0.99243104,True,8,8,0.0
0.99166685,True,8,8,12.0
0.56547993,False,2,3,-2.0
0.99180156,True,0,0,12.0
0.9902378,True,4,4,10.0
0.9921131,True,8,8,18.0
0.9916083,True,4,4,16.0
0.92426574,True,2,2,12.0
0.9920438,True,5,5,10.0
0.99139965,True,6,6,-2.0
0.99314135,True,5,5,6.0
0.99298865,True,5,5,16.0
0.9909723,True,4,4,18.0
0.57401544,True,1,1,16.0
0.55663353,False,10,1,8.0
0.9939746,True,8,8,-4.0
0.7981754,True,0,0,-2.0
0.96992433,True,2,2,6.0
0.98470473,True,8,8,4.0
0.9748249,True,7,7,2.0
0.61740613,True,1,1,0.0
0.99502397,True,4,4,0.0
0.6075588,False,10,1,-2.0
0.9916999,True,8,8,6.0
0.5639789,False,10,1,4.0
0.6890552,True,1,1,0.0
0.99636936,True,5,5,10.0
0.99075025,True,3,3,18.0
0.9820754,True,7,7,-6.0
0.99276817,True,5,5,18.0
0.59350795,False,10,1,2.0
0.8857066,True,2,2,6.0
0.97013974,True,2,2,14.0
0.64863044,True,1,1,0.0
0.9911418,True,6,6,-4.0
0.9922619,True,0,0,2.0
0.61227304,True,1,1,16.0
0.99189454,True,8,8,-2.0
0.94168216,True,1,1,16.0
0.9915386,True,5,5,12.0
0.99228233,True,5,5,16.0
0.9927676,True,6,6,14.0
0.99055076,True,7,7,8.0
0.99288005,True,9,9,18.0
0.99222296,True,6,6,2.0
0.99105597,True,7,7,10.0
0.99028754,True,4,4,14.0
0.9914169,True,4,4,18.0
0.99097544,True,7,7,2.0
0.99314344,True,9,9,16.0
0.99241465,True,7,7,14.0
0.82024926,True,8,8,-6.0
0.9906545,True,4,4,16.0
0.5505669,True,1,1,10.0
0.9900879,True,7,7,12.0
0.9263271,True,3,3,-4.0
0.9927973,True,9,9,8.0
0.99535215,True,5,5,-2.0
0.9919666,True,5,5,14.0
0.9901681,True,5,5,18.0
0.48168972,False,0,7,-2.0
0.9918034,True,3,3,12.0
0.98919654,True,4,4,18.0
0.9921138,True,5,5,16.0
0.95232725,True,7,7,-2.0
0.6819082,True,1,1,-6.0
0.98962176,True,7,7,0.0
0.63025844,True,1,1,4.0
0.99248177,True,8,8,14.0
0.5907644,True,1,1,6.0
0.9075601,True,2,2,4.0
0.31752974,False,3,9,-6.0
0.9917651,True,7,7,14.0
0.9914921,True,5,5,-2.0
0.596072,True,1,1,8.0
0.9402948,True,2,2,10.0
0.9894701,True,3,3,12.0
0.7714943,True,1,1,-2.0
0.6149299,False,10,1,-6.0
0.68854916,True,1,1,8.0
0.52181494,False,1,10,-4.0
0.9907727,True,8,8,4.0
0.99060667,True,5,5,18.0
0.9912881,True,4,4,6.0
0.5745738,True,1,1,2.0
0.9316932,True,2,2,2.0
0.5774162,False,3,0,-6.0
0.99242765,True,9,9,18.0
0.9909463,True,7,7,0.0
0.943318,True,2,2,10.0
0.5840423,False,10,1,10.0
0.90287006,True,2,2,14.0
0.9933563,True,8,8,-2.0
0.9899713,True,4,4,6.0
0.9917823,True,8,8,2.0
0.6227946,True,2,2,8.0
0.993034,True,4,4,10.0
0.99204755,True,9,9,18.0
0.6427864,True,1,1,-4.0
0.75794464,True,1,1,12.0
0.9451891,True,3,3,0.0
0.9579296,True,10,10,0.0
0.9496473,True,2,2,-2.0
0.9934155,True,0,0,6.0
0.99215955,True,3,3,14.0
0.9965797,True,5,5,18.0
0.6477855,False,10,1,6.0
0.57122403,False,10,1,14.0
0.9920358,True,9,9,14.0
0.9915699,True,6,6,6.0
0.99421,True,5,5,8.0
0.7911418,True,2,2,16.0
0.701378,False,9,3,-6.0
0.99480176,True,10,10,2.0
0.9914847,True,3,3,4.0
0.52112997,True,1,1,-2.0
0.9671934,True,2,2,18.0
0.987056,True,3,3,-2.0
0.9342739,True,2,2,14.0
0.99199194,True,10,10,12.0
0.9932574,True,8,8,10.0
0.9918092,True,9,9,2.0
0.990594,True,4,4,0.0
0.9914097,True,3,3,12.0
0.9931583,True,0,0,12.0
0.55789083,False,10,1,12.0
0.99261755,True,5,5,10.0
0.99209917,True,8,8,4.0
0.93934244,True,2,2,18.0
0.9371563,True,2,2,-2.0
0.9915399,True,0,0,6.0
0.99073607,True,10,10,14.0
0.9886578,True,10,10,12.0
0.9935028,True,5,5,18.0
0.6468847,True,1,1,2.0
0.99246395,True,9,9,16.0
0.66148585,False,10,1,-2.0
0.99252313,True,9,9,4.0
0.99221694,True,3,3,-2.0
0.9084307,True,10,10,-2.0
0.9918399,True,9,9,0.0
0.992669,True,9,9,6.0
0.9922558,True,9,9,14.0
0.97171086,True,6,6,-4.0
0.94740444,True,5,5,-4.0
0.6091274,True,1,1,-2.0
0.48683748,True,2,2,-2.0
0.9884481,True,7,7,6.0
0.57730764,False,10,1,2.0
0.99086446,True,0,0,4.0
0.6369559,True,9,9,-6.0
0.98490125,True,7,7,-6.0
0.97451144,True,8,8,4.0
0.9908925,True,6,6,14.0
0.95683384,True,2,2,10.0
0.99298495,True,5,5,10.0
0.5469805,True,1,1,-4.0
0.9917802,True,3,3,2.0
0.9925397,True,9,9,2.0
0.99105513,True,3,3,14.0
0.9926158,True,8,8,-6.0
0.98968214,True,4,4,4.0
0.9918373,True,6,6,16.0
0.40939462,True,4,4,-6.0
0.9916568,True,0,0,16.0
0.99269885,True,0,0,10.0
0.9904789,True,6,6,-2.0
0.5833042,True,1,1,-4.0
0.9904851,True,10,10,6.0
0.9917216,True,6,6,14.0
0.99264014,True,6,6,8.0
0.9894588,True,7,7,18.0
0.99180263,True,5,5,10.0
0.99214303,True,0,0,10.0
0.978912,True,3,3,-6.0
0.9916654,True,3,3,8.0
0.9902784,True,7,7,2.0
0.97612894,True,9,9,16.0
0.7139967,True,9,9,-2.0
0.9916074,True,4,4,18.0
0.99237317,True,7,7,18.0
0.5265792,True,10,10,-6.0
0.98924315,True,0,0,12.0
0.99124813,True,7,7,6.0
0.54254186,False,8,7,10.0
0.9914425,True,8,8,14.0
0.573741,False,10,1,16.0
0.99198115,True,5,5,6.0
0.99004525,True,7,7,10.0
0.9914146,True,9,9,8.0
0.547398,False,9,3,-6.0
0.6716437,True,1,1,-2.0
0.9693459,False,9,2,2.0
0.6591766,False,10,1,16.0
0.5479266,False,10,1,-6.0
0.9905247,True,0,0,16.0
0.97100484,True,2,2,14.0
0.9641719,True,5,5,2.0
0.6608247,True,5,5,-2.0
0.77045566,True,0,0,-2.0
0.99137443,True,6,6,0.0
0.99105996,True,8,8,16.0
0.9909446,True,6,6,-6.0
0.9930455,True,9,9,4.0
0.94828147,True,2,2,18.0
0.5892547,True,1,1,18.0
0.99215746,True,8,8,0.0
0.9899893,True,8,8,2.0
0.6359631,False,10,1,14.0
0.9896661,True,7,7,4.0
0.50547093,True,2,2,-4.0
0.992993,True,9,9,10.0
0.99164724,True,8,8,12.0
0.99226063,True,0,0,12.0
0.99142015,True,8,8,4.0
0.9925005,True,4,4,0.0
0.9926248,True,5,5,10.0
0.66088986,True,7,7,-4.0
0.5982077,True,1,1,14.0
0.99109167,True,3,3,-2.0
0.5326387,False,10,1,-4.0
0.99206614,True,3,3,10.0
0.9898291,True,4,4,8.0
0.9917224,True,8,8,10.0
0.99118865,True,7,7,10.0
0.61528605,True,1,1,4.0
0.9929316,True,3,3,0.0
0.992109,True,4,4,0.0
0.49884427,True,3,3,-4.0
0.99229324,True,7,7,6.0
0.9923422,True,6,6,10.0
0.9894187,True,3,3,4.0
0.99269193,True,8,8,-4.0
0.9911861,True,7,7,18.0
0.95411766,True,2,2,-4.0
0.95892227,True,2,2,6.0
0.9926923,True,6,6,8.0
0.94886607,True,2,2,-6.0
0.9914249,True,3,3,-4.0
0.99245936,True,4,4,4.0
0.9910296,True,7,7,4.0
0.96222764,True,0,0,2.0
0.993747,True,5,5,18.0
0.96947527,True,7,7,12.0
0.89392316,True,2,2,6.0
0.7121172,False,2,4,4.0
0.5771647,False,10,1,16.0
0.9813059,True,8,8,-4.0
0.990604,True,7,7,18.0
0.8262891,True,2,2,2.0
0.9908552,True,9,9,10.0
0.9682036,True,3,3,-4.0
0.9842679,True,8,8,14.0
0.992156,True,0,0,18.0
0.5601741,False,10,1,8.0
0.9936918,True,8,8,12.0
0.5776313,False,10,1,14.0
0.992254,True,9,9,18.0
0.8654697,True,2,2,6.0
0.9915656,True,6,6,0.0
0.9927476,True,6,6,8.0
0.65200967,True,9,9,-6.0
0.9916933,True,6,6,8.0
0.62054807,True,4,4,-6.0
0.99262965,True,3,3,14.0
0.9883476,True,5,5,2.0
0.99189454,True,3,3,10.0
0.9920683,True,4,4,0.0
0.98994935,True,4,4,12.0
0.98961043,True,3,3,14.0
0.993453,True,9,9,16.0
0.99125224,True,0,0,10.0
0.991707,True,8,8,4.0
0.6660867,True,1,1,-6.0
0.4490595,False,0,9,10.0
0.5509638,True,4,4,-6.0
0.9917808,True,4,4,2.0
0.9932991,True,9,9,8.0
0.9913872,True,6,6,14.0
0.99249226,True,5,5,16.0
0.7288937,False,8,7,10.0
0.9865318,True,9,9,-2.0
0.99321496,True,9,9,12.0
0.8034665,True,1,1,18.0
0.99005085,True,4,4,8.0
0.990173,True,3,3,12.0
0.9906533,True,6,6,2.0
0.5340083,True,1,1,8.0
0.99114406,True,6,6,12.0
0.9927691,True,8,8,-4.0
0.9610643,True,2,2,0.0
0.95352113,True,2,2,-6.0
0.5661945,True,1,1,18.0
0.99190265,True,0,0,16.0
0.62126327,True,1,1,12.0
0.99136835,True,4,4,6.0
0.93004984,True,2,2,14.0
0.9836525,True,7,7,-6.0
0.9892019,True,10,10,10.0
0.97179633,True,2,2,0.0
0.99073446,True,8,8,6.0
0.9902879,True,4,4,-2.0
0.9908014,True,3,3,4.0
0.8962187,True,4,4,-6.0
0.5777243,False,10,1,10.0
0.92604744,True,2,2,-6.0
0.99235207,True,0,0,8.0
0.8646083,False,8,7,0.0
0.99227434,True,3,3,0.0
0.9939267,True,6,6,16.0
0.97187626,True,2,2,-2.0
0.9913946,True,4,4,-2.0
0.9925128,True,8,8,0.0
0.99091595,True,3,3,-2.0
0.576049,True,1,1,12.0
0.9932186,True,6,6,4.0
0.99245703,True,6,6,2.0
0.6151613,False,4,5,-6.0
0.6664313,True,1,1,8.0
0.6225449,True,1,1,8.0
0.97268516,True,6,6,-4.0
0.99077433,True,0,0,4.0
0.9463073,True,8,8,14.0
0.65700454,True,1,1,2.0
0.99251795,True,9,9,0.0
0.5537056,False,10,1,6.0
0.9892758,True,7,7,6.0
0.93555856,True,5,5,0.0
0.57766753,True,1,1,16.0
0.99293023,True,9,9,6.0
0.9909354,True,3,3,10.0
0.58088654,True,1,1,14.0
0.56721246,False,10,1,4.0
0.98356503,True,2,2,2.0
0.9876582,True,8,8,4.0
0.9921828,True,0,0,6.0
0.98782,True,7,7,6.0
0.93062127,True,2,2,12.0
0.99159837,True,9,9,4.0
0.992442,True,10,10,12.0
0.5770586,True,1,1,16.0
0.520984,False,7,8,0.0
0.99015874,True,4,4,10.0
0.9001228,True,2,2,0.0
0.99392784,True,5,5,10.0
0.99140465,True,9,9,8.0
0.98856455,True,7,7,2.0
0.9743304,True,7,7,-6.0
0.9891874,True,0,0,12.0
0.98794204,True,0,0,2.0
0.91316783,True,2,2,16.0
0.6533786,False,10,1,-6.0
0.83777153,True,1,1,8.0
0.9936899,True,6,6,18.0
0.55875015,False,10,1,8.0
0.9823283,True,8,8,10.0
0.6578637,True,9,9,-4.0
0.99078876,True,0,0,14.0
0.94908655,True,2,2,-2.0
0.9912292,True,4,4,6.0
0.6581629,False,10,1,10.0
0.989665,True,4,4,8.0
0.9910793,True,3,3,14.0
0.9921963,True,3,3,10.0
0.9895856,True,8,8,8.0
0.9922505,True,9,9,0.0
0.9921948,True,9,9,2.0
0.53262043,True,1,1,-4.0
0.99274147,True,5,5,10.0
0.9951414,True,5,5,10.0
0.989078,True,7,7,-4.0
0.6179228,True,1,1,-2.0
0.9914158,True,0,0,0.0
0.9909471,True,3,3,8.0
0.9890805,True,7,7,18.0
0.9922855,True,5,5,16.0
0.6188996,False,0,2,14.0
0.561964,False,1,10,-6.0
0.9915826,True,9,9,18.0
0.9923694,True,6,6,-2.0
0.70816404,True,1,1,14.0
0.9950364,True,5,5,4.0
0.99037665,True,5,5,8.0
0.98971903,True,3,3,18.0
0.92664105,True,2,2,0.0
0.95136136,True,7,7,14.0
0.99197394,True,0,0,10.0
0.93636644,True,2,2,8.0
0.99025995,True,5,5,14.0
0.6843932,True,10,10,-4.0
0.98406315,True,7,7,-4.0
0.99336046,True,8,8,16.0
0.9927602,True,9,9,12.0
0.9921749,True,0,0,16.0
0.99190557,True,5,5,18.0
0.99116254,True,6,6,0.0
0.87594223,True,2,2,2.0
0.9920657,True,4,4,4.0
0.9926442,True,9,9,10.0
0.9901972,True,7,7,2.0
0.99557436,True,10,10,2.0
0.5885782,False,10,1,6.0
0.9313135,True,2,2,4.0
0.9892859,True,3,3,12.0
0.98811275,True,4,4,16.0
0.9920276,True,9,9,2.0
0.9886121,True,4,4,8.0
0.9238657,False,9,4,-4.0
0.99056786,True,5,5,16.0
0.99192905,True,7,7,4.0
0.5173332,False,9,3,-4.0
0.96177363,False,5,4,-6.0
0.99304855,True,8,8,14.0
0.9912004,True,4,4,4.0
0.7697119,False,0,9,-4.0
0.99279356,True,4,4,-2.0
0.9662041,True,2,2,4.0
0.8156252,True,9,9,-4.0
0.98947185,True,5,5,4.0
0.99359554,True,7,7,2.0
0.99299896,True,8,8,10.0
0.9942761,True,5,5,6.0
0.60227036,True,1,1,18.0
0.99111664,True,8,8,4.0
0.9914334,True,4,4,10.0
0.5710542,False,10,1,6.0
0.68679595,True,1,1,6.0
0.99536884,True,5,5,18.0
0.980208,True,7,7,10.0
0.99292046,True,9,9,6.0
0.9909903,True,0,0,8.0
0.99052435,True,3,3,8.0
0.97128725,True,2,2,0.0
0.99330455,True,6,6,0.0
0.9934861,True,5,5,6.0
0.9897452,True,3,3,18.0
0.9911969,True,3,3,12.0
0.6976795,True,1,1,10.0
0.62888783,True,1,1,12.0
0.99177223,True,0,0,16.0
0.99315095,True,9,9,12.0
0.9925343,True,8,8,-2.0
0.99351126,True,5,5,16.0
0.92725295,True,2,2,6.0
0.9912373,True,8,8,14.0
0.9920283,True,6,6,8.0
0.9923677,True,5,5,2.0
0.98837376,True,6,6,-4.0
0.989647,True,4,4,-4.0
0.5840341,False,10,1,16.0
0.9667572,True,2,2,16.0
0.5411859,True,1,1,-4.0
0.9523768,True,2,2,16.0
0.99304044,True,6,6,8.0
0.6098539,True,1,1,-6.0
0.99360955,True,6,6,2.0
0.7357769,True,7,7,2.0
0.98551524,True,7,7,-2.0
0.9871868,True,0,0,6.0
0.9629908,True,2,2,4.0
0.5423068,True,0,0,-4.0
0.99216884,True,0,0,6.0
0.9938227,True,3,3,0.0
0.99146515,True,10,10,14.0
0.9865552,True,7,7,-2.0
0.9398452,True,2,2,18.0
0.9898173,True,8,8,-2.0
0.99173135,True,9,9,4.0
0.99096674,True,4,4,10.0
0.9894684,True,4,4,0.0
0.9678755,True,2,2,4.0
0.9927187,True,6,6,4.0
0.9324976,False,9,2,6.0
0.99575955,True,3,3,0.0
0.5732096,False,10,1,6.0
0.33089298,False,0,4,-6.0
0.9908546,True,0,0,2.0
0.9903126,True,6,6,12.0
0.9825554,True,7,7,0.0
0.99228525,True,4,4,-2.0
0.99288577,True,4,4,0.0
0.5793611,True,1,1,14.0
0.9693327,True,2,2,10.0
0.9916317,True,8,8,14.0
0.9919091,True,8,8,-6.0
0.99215615,True,6,6,12.0
0.99587184,True,4,4,-4.0
0.51013625,True,9,9,-4.0
0.73025984,True,4,4,-6.0
0.9928403,True,9,9,12.0
0.99480283,True,4,4,-2.0
0.9837946,True,2,2,14.0
0.9920442,True,6,6,8.0
0.992384,True,6,6,-2.0
0.99085605,True,3,3,10.0
0.5120834,True,10,10,-2.0
0.979959,True,7,7,-6.0
0.919597,True,2,2,14.0
0.9915816,True,4,4,8.0
0.9867906,True,8,8,4.0
0.9900635,True,6,6,-2.0
0.9866415,True,0,0,2.0
0.9915298,True,6,6,14.0
0.5702354,False,10,1,16.0
0.99414104,True,5,5,2.0
0.9916345,True,0,0,18.0
0.98993963,True,5,5,2.0
0.703242,True,1,1,10.0
0.6383967,False,10,1,-4.0
0.67221105,True,1,1,-4.0
0.9894884,True,3,3,16.0
0.5653881,False,10,1,8.0
0.99353445,True,8,8,4.0
0.99182796,True,0,0,8.0
0.5823862,True,1,1,16.0
0.5313754,False,4,2,-6.0
0.9909185,True,5,5,6.0
0.94614357,True,2,2,18.0
0.9909281,True,7,7,0.0
0.99115306,True,4,4,14.0
0.9422406,True,2,2,8.0
0.9919329,True,6,6,4.0
0.9914847,True,5,5,12.0
0.9900309,True,8,8,12.0
0.99380565,True,5,5,12.0
0.99471444,True,3,3,-2.0
0.99392164,True,8,8,-2.0
0.9920731,True,6,6,0.0
0.9208451,True,2,2,18.0
0.608752,False,0,9,-4.0
0.98142254,True,8,8,14.0
0.9945938,True,10,10,8.0
0.57639474,True,1,1,14.0
0.99284196,True,8,8,-2.0
0.99328715,True,9,9,2.0
0.58708596,True,8,8,2.0
0.86195266,False,3,6,-4.0
0.97730947,True,9,9,-2.0
0.99300474,True,9,9,2.0
0.99299604,True,10,10,0.0
0.9919608,True,3,3,-2.0
0.98827654,True,7,7,12.0
0.9908331,True,7,7,16.0
0.9939826,True,5,5,12.0
0.911025,False,9,2,2.0
0.99320626,True,6,6,10.0
0.9522434,True,2,2,-2.0
0.9916019,True,6,6,18.0
0.98979783,True,3,3,16.0
0.9353301,True,7,7,-2.0
0.5583702,True,1,1,2.0
0.6639698,False,10,1,2.0
0.9920712,True,9,9,8.0
0.58734584,False,10,1,12.0
0.9952173,True,3,3,-2.0
0.97743976,True,7,7,12.0
0.6827658,True,1,1,-6.0
0.6313917,False,0,2,-6.0
0.7687812,True,7,7,-4.0
0.98317486,True,7,7,4.0
0.9919349,True,8,8,10.0
0.9914369,True,6,6,-2.0
0.9844753,True,10,10,14.0
0.85802203,True,1,1,10.0
0.9603644,True,2,2,-2.0
0.9964761,True,4,4,-2.0
0.9923854,True,6,6,16.0
0.9690205,True,5,5,0.0
0.9935143,True,9,9,18.0
0.9893171,True,7,7,0.0
0.9907348,True,4,4,6.0
0.57885075,False,10,1,14.0
0.99496484,True,4,4,-2.0
0.991601,True,4,4,18.0
0.9949409,True,8,8,-4.0
0.9937389,True,8,8,0.0
0.9930462,True,8,8,0.0
0.58779216,False,8,7,-6.0
0.9911334,True,0,0,8.0
0.95660216,True,2,2,6.0
0.9923516,True,0,0,10.0
0.556542,False,10,1,8.0
0.8540831,False,7,8,18.0
0.9918493,True,5,5,14.0
0.97243136,True,5,5,0.0
0.9923437,True,9,9,8.0
0.6383617,True,1,1,-6.0
0.9911567,True,6,6,0.0
0.9925206,True,7,7,12.0
0.6156432,True,0,0,-4.0
0.9898085,True,3,3,14.0
0.993189,True,0,0,18.0
0.9909643,True,6,6,2.0
0.9927089,True,8,8,0.0
0.990542,True,5,5,4.0
0.76489836,True,7,7,4.0
0.990245,True,3,3,0.0
0.99202055,True,5,5,10.0
0.644033,False,10,1,10.0
0.9927417,True,9,9,0.0
0.9955592,True,5,5,18.0
0.5393143,True,1,1,8.0
0.9911924,True,7,7,8.0
0.99404526,True,3,3,16.0
0.9922792,True,9,9,6.0
0.9930253,True,8,8,-2.0
0.99143,True,6,6,6.0
0.59266764,True,1,1,0.0
0.9558106,True,2,2,-6.0
0.99253595,True,3,3,16.0
0.99417627,True,5,5,4.0
0.62400055,True,1,1,8.0
0.9917675,True,9,9,8.0
0.54077417,True,1,1,-6.0
0.79994935,True,9,9,-2.0
0.93122977,True,6,6,-6.0
0.9920826,True,6,6,16.0
0.9484837,True,2,2,6.0
0.98980635,True,7,7,2.0
0.42052937,True,5,5,-6.0
0.39728203,False,0,3,-6.0
0.886472,True,0,0,0.0
0.6081802,True,1,1,-2.0
0.9896395,True,10,10,10.0
0.95247734,True,2,2,-6.0
0.9920431,True,4,4,18.0
0.5675123,False,10,1,18.0
0.62978417,True,5,5,-6.0
0.55996376,False,10,1,10.0
0.56334895,True,1,1,10.0
0.9915691,True,6,6,16.0
0.9937696,True,9,9,10.0
0.6667978,True,1,1,8.0
0.49812913,False,9,0,-4.0
0.9260043,True,1,1,16.0
0.9916658,True,6,6,4.0
0.99093115,True,8,8,16.0
0.9901509,True,6,6,4.0
0.99267733,True,9,9,2.0
0.9933565,True,9,9,6.0
0.6124071,False,0,9,-6.0
0.6227052,True,1,1,8.0
0.9902559,True,7,7,4.0
0.87140083,True,8,8,18.0
0.9915107,True,6,6,2.0
0.6482425,True,1,1,-6.0
0.9908646,True,7,7,8.0
0.8233834,True,10,10,6.0
0.5746626,True,10,10,-6.0
0.56960446,False,10,1,18.0
0.9917715,True,3,3,16.0
0.9899532,True,8,8,12.0
0.99191624,True,0,0,12.0
0.9893773,True,5,5,14.0
0.9911589,True,3,3,0.0
0.99025506,True,6,6,2.0
0.9927303,True,9,9,16.0
0.9922883,True,9,9,18.0
0.8625831,True,2,2,16.0
0.92612123,False,0,2,4.0
0.6474675,True,5,5,-2.0
0.9940078,True,5,5,-2.0
0.53494245,False,1,10,-4.0
0.46671596,False,3,2,-6.0
0.99314547,True,6,6,8.0
0.9959609,True,10,10,2.0
0.4368891,True,1,1,-6.0
0.98534375,True,5,5,2.0
0.9755705,False,10,5,-6.0
0.98946685,True,9,9,2.0
0.9912471,True,6,6,2.0
0.9904923,True,8,8,10.0
0.99060714,True,10,10,18.0
0.99051243,True,8,8,6.0
0.6056069,False,10,1,0.0
0.63061154,False,10,1,14.0
0.9903869,True,5,5,4.0
0.50318307,True,9,9,-6.0
0.60139316,True,1,1,2.0
0.991963,True,7,7,4.0
0.9917201,True,9,9,4.0
0.57399064,True,5,5,-6.0
0.98920375,True,7,7,2.0
0.4804257,False,3,9,-6.0
0.95216036,True,2,2,8.0
0.9900563,True,7,7,10.0
0.9922293,True,8,8,6.0
0.9924476,True,4,4,16.0
0.99174774,True,7,7,16.0
0.99127287,True,8,8,18.0
0.60678434,False,10,1,10.0
0.55568624,True,1,1,8.0
0.99161047,True,8,8,4.0
0.99088883,True,0,0,12.0
0.9914484,True,6,6,18.0
0.99336314,True,5,5,14.0
0.9908332,True,0,0,8.0
0.9931744,True,9,9,12.0
0.31244105,False,0,3,-2.0
0.9275432,True,5,5,-2.0
0.9571228,True,2,2,18.0
0.91829354,True,2,2,14.0
0.84218615,False,0,4,-6.0
0.98949546,True,6,6,-6.0
0.99371004,True,0,0,18.0
0.9924771,True,4,4,10.0
0.9921017,True,3,3,12.0
0.99280715,True,4,4,4.0
0.7277392,True,1,1,10.0
0.52878076,True,0,0,-4.0
0.64732456,False,10,1,16.0
0.94098705,True,7,7,18.0
0.77626073,True,9,9,-4.0
0.5224082,False,0,9,-4.0
0.47559017,False,3,6,-6.0
0.9483043,True,3,3,-2.0
0.9918018,True,8,8,14.0
0.98977834,True,4,4,12.0
0.9896381,True,0,0,0.0
0.9148845,True,2,2,18.0
0.9898039,True,4,4,-4.0
0.9923819,True,5,5,-2.0
0.9923455,True,9,9,8.0
0.99124134,True,6,6,10.0
0.99292177,True,9,9,16.0
0.69804966,True,1,1,-2.0
0.9920202,True,0,0,0.0
0.99420565,True,10,10,4.0
0.52161855,True,0,0,-6.0
0.99131924,True,8,8,2.0
0.55448776,True,10,10,-2.0
0.9914886,True,9,9,18.0
0.5504128,True,0,0,16.0
0.99132603,True,6,6,8.0
0.9948301,True,4,4,0.0
0.63341093,False,10,1,2.0
0.9907528,True,7,7,14.0
0.99322903,True,9,9,10.0
0.57375073,False,10,1,16.0
0.93511814,True,2,2,6.0
0.6605038,True,1,1,18.0
0.9878748,True,5,5,14.0
0.3631738,False,9,2,-6.0
0.5709568,True,1,1,8.0
0.9934268,True,0,0,18.0
0.9474717,True,2,2,-4.0
0.98969847,True,7,7,10.0
0.96129555,False,8,7,-4.0
0.9933315,True,8,8,-6.0
0.8223945,True,1,1,16.0
0.966769,True,2,2,0.0
0.9908242,True,8,8,12.0
0.9910131,True,4,4,10.0
0.9915006,True,6,6,12.0
0.63516337,False,10,1,0.0
0.9926238,True,9,9,2.0
0.51133496,True,10,10,-6.0
0.9916837,True,6,6,16.0
0.99023247,True,5,5,12.0
0.99165136,True,9,9,0.0
0.95281357,True,5,5,-4.0
0.99099123,True,6,6,18.0
0.99197197,True,10,10,6.0
0.9922367,True,3,3,14.0
0.4844253,True,0,0,-6.0
0.9912815,True,6,6,16.0
0.99358165,True,3,3,4.0
0.288106,False,1,0,-6.0
0.9935128,True,5,5,6.0
0.99134266,True,6,6,6.0
0.78293973,True,7,7,-4.0
0.9913645,True,6,6,0.0
0.56996894,False,10,1,16.0
0.9916225,True,4,4,4.0
0.9937692,True,4,4,4.0
0.9958968,True,10,10,4.0
0.94996446,True,2,2,16.0
0.9370268,True,0,0,0.0
0.91100746,True,2,2,4.0
0.49464428,False,9,0,-4.0
0.59849423,True,1,1,-6.0
0.9902497,True,6,6,-2.0
0.9934401,True,3,3,6.0
0.64969003,False,10,1,0.0
0.90011245,True,7,7,10.0
0.6333792,True,1,1,4.0
0.9897015,True,7,7,18.0
0.89252937,True,4,4,-4.0
0.9900608,True,3,3,-2.0
0.52886164,True,0,0,-4.0
0.93905693,True,0,0,-2.0
0.65429103,True,1,1,2.0
0.9893044,True,4,4,12.0
0.9699201,True,4,4,-4.0
0.9938268,True,8,8,-4.0
0.9920108,True,6,6,16.0
0.9935215,True,9,9,8.0
0.99223495,True,8,8,2.0
0.9931612,True,0,0,14.0
0.98923606,True,4,4,12.0
0.9575183,True,2,2,18.0
0.9903499,True,0,0,6.0
0.99300146,True,6,6,0.0
0.8772252,True,7,7,6.0
0.992211,True,6,6,4.0
0.49707955,False,0,9,-2.0
0.99344313,True,9,9,0.0
0.98834085,True,7,7,12.0
0.9337497,True,8,8,-4.0
0.9362359,True,2,2,14.0
0.9909532,True,4,4,18.0
0.99075806,True,7,7,-4.0
0.9921341,True,9,9,6.0
0.99378335,True,8,8,18.0
0.5747173,True,1,1,18.0
0.9322105,True,2,2,4.0
0.693405,False,10,1,-4.0
0.9914281,True,7,7,10.0
0.9968407,True,5,5,6.0
0.99185914,True,7,7,14.0
0.94221216,False,3,2,16.0
0.9733,True,7,7,-6.0
0.6275707,True,1,1,6.0
0.98877174,True,0,0,14.0
0.9898896,True,7,7,6.0
0.9926602,True,0,0,14.0
0.991247,True,0,0,0.0
0.9920923,True,8,8,18.0
0.95767546,True,2,2,6.0
0.9931594,True,9,9,4.0
0.9899867,True,4,4,4.0
0.99111193,True,9,9,6.0
0.39679366,False,5,4,-6.0
0.99211675,True,4,4,8.0
0.57122856,True,0,0,-4.0
0.92916495,True,2,2,-4.0
0.99225533,True,6,6,6.0
0.59272707,False,9,3,-6.0
0.99246514,True,8,8,14.0
0.958231,True,2,2,18.0
0.9948796,True,3,3,2.0
0.9919218,True,6,6,12.0
0.992222,True,4,4,12.0
0.992027,True,6,6,18.0
0.6110518,False,10,1,8.0
0.99181575,True,8,8,4.0
0.9918642,True,6,6,2.0
0.9903606,True,4,4,6.0
0.98855907,True,4,4,16.0
0.9917474,True,6,6,4.0
0.9568353,True,2,2,12.0
0.54385144,True,1,1,0.0
0.99037826,True,8,8,18.0
0.95266396,True,2,2,-2.0
0.9954236,True,5,5,2.0
0.5645404,False,10,1,0.0
0.9926379,True,6,6,8.0
0.5717923,False,10,1,18.0
0.99285626,True,6,6,0.0
0.654614,False,10,1,-6.0
0.99188143,True,0,0,18.0
0.99260825,True,5,5,14.0
0.9910452,True,5,5,0.0
0.54627466,True,10,10,-2.0
0.99323046,True,8,8,-2.0
0.9927004,True,9,9,10.0
0.99154305,True,6,6,4.0
0.9291814,True,2,2,-6.0
0.9217578,True,2,2,14.0
0.95816666,True,2,2,0.0
0.9866151,True,4,4,-4.0
0.9865068,True,0,0,8.0
0.99086285,True,0,0,12.0
0.92856026,True,2,2,-2.0
0.5824158,True,1,1,16.0
0.7989678,True,8,8,-6.0
0.90702754,True,2,2,0.0
0.9899448,True,0,0,18.0
0.6282528,True,1,1,4.0
0.59198487,False,10,1,0.0
0.9560795,True,7,7,0.0
0.96164167,True,3,3,-6.0
0.9925567,True,6,6,14.0
0.9919641,True,9,9,12.0
0.98940265,True,7,7,10.0
0.6086552,False,10,1,8.0
0.9855524,True,7,7,6.0
0.95162517,True,2,2,2.0
0.61147696,True,1,1,-6.0
0.9924386,True,0,0,12.0
0.99240726,True,9,9,4.0
0.98397475,True,7,7,-6.0
0.99246216,True,5,5,18.0
0.98798895,True,0,0,18.0
0.96463513,True,3,3,-4.0
0.98817843,True,9,9,-2.0
0.9913935,True,0,0,18.0
0.9918988,True,9,9,14.0
0.9566618,True,1,1,18.0
0.8325804,True,2,2,18.0
0.63261473,True,1,1,10.0
0.991689,True,8,8,8.0
0.5986291,True,0,0,-2.0
0.8555379,True,8,8,-6.0
0.99229044,True,8,8,2.0
0.9903414,True,0,0,12.0
0.99199283,True,9,9,10.0
0.99139047,True,10,10,18.0
0.73681396,True,7,7,-4.0
0.84788907,True,2,2,-2.0
0.8878585,True,3,3,-2.0
0.4988642,False,10,1,-6.0
0.9913059,True,5,5,14.0
0.6602347,False,10,1,16.0
0.8811872,True,2,2,14.0
0.94944257,True,2,2,12.0
0.9922287,True,9,9,4.0
0.8621668,True,2,2,18.0
0.9920517,True,6,6,16.0
0.8175543,True,1,1,18.0
0.9933674,True,5,5,16.0
0.9669576,True,7,7,12.0
0.95801353,True,2,2,-6.0
0.9923224,True,0,0,2.0
0.9850145,True,3,3,-2.0
0.43612087,False,7,9,-4.0
0.99296534,True,0,0,8.0
0.9923543,True,8,8,16.0
0.9935475,True,5,5,6.0
0.9907481,True,0,0,18.0
0.9912675,True,10,10,14.0
0.99108255,True,6,6,12.0
0.98474914,True,0,0,2.0
0.9930962,True,5,5,4.0
0.9342093,True,10,10,4.0
0.9930559,True,9,9,4.0
0.48697528,False,9,2,6.0
0.9927735,True,5,5,10.0
0.99098223,True,8,8,0.0
0.99348044,True,10,10,6.0
0.9936678,True,4,4,2.0
0.6347894,True,0,0,-2.0
0.53886974,False,4,0,-4.0
0.9893076,True,5,5,10.0
0.99193704,True,6,6,4.0
0.93924725,True,2,2,6.0
0.9910715,True,6,6,8.0
0.9931356,True,6,6,-2.0
0.9497404,True,2,2,16.0
0.9911936,True,3,3,8.0
0.99047333,True,4,4,12.0
0.9917177,True,0,0,8.0
0.99075097,True,6,6,-4.0
0.9925615,True,5,5,12.0
0.9772625,True,9,9,2.0
0.987649,False,8,7,-2.0
0.99183637,True,6,6,-4.0
0.98915243,True,3,3,10.0
0.81272495,False,8,7,-4.0
0.5860659,False,10,1,18.0
0.94160515,True,8,8,-6.0
0.9914746,True,3,3,6.0
0.9916266,True,4,4,8.0
0.99128246,True,0,0,6.0
0.9929061,True,4,4,4.0
0.5535392,True,1,1,2.0
0.99394083,True,10,10,10.0
0.5952426,False,10,1,12.0
0.9684125,True,2,2,-2.0
0.9908104,True,6,6,6.0
0.9897949,True,4,4,18.0
0.6491411,False,10,1,-6.0
0.9921097,True,8,8,14.0
0.9664915,True,8,8,-4.0
0.98885137,True,5,5,-4.0
0.9911307,True,7,7,0.0
0.97437483,True,2,2,6.0
0.98947316,True,10,10,4.0
0.97030723,True,2,2,-2.0
0.52574193,False,0,3,-6.0
0.99163145,True,7,7,12.0
0.9910278,True,3,3,18.0
0.991172,True,8,8,14.0
0.5762192,True,1,1,14.0
0.99262697,True,9,9,6.0
0.85548913,True,5,5,-2.0
0.9930068,True,0,0,6.0
0.99234253,True,8,8,0.0
0.9906035,True,7,7,8.0
0.9926991,True,0,0,6.0
0.9925787,True,8,8,2.0
0.9919749,True,6,6,2.0
0.93377376,True,2,2,6.0
0.99419844,True,4,4,0.0
0.82869184,True,3,3,-6.0
0.98996514,True,6,6,16.0
0.99378866,True,3,3,0.0
0.5474157,True,1,1,-4.0
0.99242085,True,0,0,10.0
0.969898,True,7,7,12.0
0.95440626,True,0,0,0.0
0.9929276,True,5,5,8.0
0.98819447,True,8,8,0.0
0.9933508,True,6,6,14.0
0.60708,True,1,1,10.0
0.99367875,True,9,9,14.0
0.5788809,False,10,1,8.0
0.9280068,True,2,2,2.0
0.9922667,True,10,10,12.0
0.9906499,True,3,3,6.0
0.9908757,True,5,5,18.0
0.9881385,True,4,4,10.0
0.9156059,True,3,3,-6.0
0.9862803,True,0,0,2.0
0.5787227,False,10,1,14.0
0.99113715,True,10,10,6.0
0.5685696,True,1,1,12.0
0.69590855,True,1,1,-2.0
0.99172956,True,5,5,14.0
0.9915979,True,0,0,2.0
0.9903728,True,3,3,2.0
0.951503,True,2,2,-2.0
0.5414707,True,10,10,-2.0
0.99307764,True,4,4,2.0
0.99214363,True,0,0,14.0
0.99403894,True,10,10,16.0
0.9918469,True,9,9,2.0
0.9922954,True,10,10,12.0
0.991954,True,4,4,10.0
0.98912793,True,4,4,14.0
0.9901432,True,3,3,18.0
0.9917749,True,7,7,16.0
0.9936547,True,4,4,14.0
0.99106616,True,6,6,4.0
0.9809934,True,7,7,-4.0
0.6536234,False,10,1,6.0
0.99071306,True,7,7,6.0
0.56614166,True,7,7,2.0
0.82095927,True,9,9,-2.0
0.9884744,True,4,4,2.0
0.9919458,True,0,0,10.0
0.59864014,True,1,1,10.0
0.992638,True,6,6,0.0
0.99213296,True,8,8,16.0
0.9595045,True,2,2,16.0
0.9953062,True,3,3,2.0
0.58788365,False,10,1,10.0
0.86480755,True,4,4,-6.0
0.99416393,True,4,4,-2.0
0.9922856,True,3,3,16.0
0.9935499,True,9,9,14.0
0.9600832,True,2,2,-4.0
0.99194396,True,9,9,14.0
0.6852716,True,1,1,2.0
0.992293,True,3,3,16.0
0.9926801,True,6,6,-4.0
0.9529247,True,3,3,-4.0
0.99150497,True,8,8,8.0
0.99076205,True,8,8,14.0
0.47865975,True,1,1,-6.0
0.9913936,True,6,6,0.0
0.9933965,True,4,4,-2.0
0.9928798,True,8,8,8.0
0.9911199,True,9,9,16.0
0.9914274,True,0,0,6.0
0.99188787,True,6,6,2.0
0.9921497,True,6,6,14.0
0.99100363,True,5,5,6.0
0.9911169,True,9,9,4.0
0.99025095,True,8,8,4.0
0.9884057,True,7,7,-6.0
0.5818625,True,1,1,0.0
0.99147886,True,5,5,12.0
0.5801917,False,10,1,6.0
0.54535306,False,4,3,-6.0
0.99219066,True,4,4,8.0
0.9942526,True,5,5,4.0
0.9572827,True,2,2,14.0
0.9914301,True,6,6,6.0
0.991905,True,0,0,8.0
0.9908612,True,3,3,-4.0
0.99184155,True,4,4,2.0
0.9936087,True,3,3,-2.0
0.98831415,True,4,4,-2.0
0.99338233,True,6,6,0.0
0.9922976,True,3,3,-2.0
0.9920546,True,6,6,18.0
0.9913571,True,9,9,14.0
0.8344467,True,8,8,-6.0
0.991884,True,6,6,4.0
0.99112076,True,10,10,10.0
0.9081981,True,2,2,8.0
0.96202105,True,2,2,6.0
0.98999476,True,7,7,6.0
0.9938221,True,8,8,16.0
0.9906837,True,6,6,-4.0
0.9922891,True,5,5,14.0
0.9930768,True,3,3,16.0
0.992983,True,9,9,12.0
0.81968904,True,2,2,2.0
0.9917463,True,7,7,-6.0
0.9656484,True,5,5,-4.0
0.9913817,True,4,4,10.0
0.9903494,True,8,8,4.0
0.5531791,False,10,1,10.0
0.99475646,True,10,10,14.0
0.58612555,False,10,1,-4.0
0.66798925,True,8,8,-4.0
0.96443474,True,2,2,8.0
0.99289495,True,6,6,2.0
0.7322867,True,0,0,-4.0
0.99317956,True,5,5,10.0
0.9087989,False,9,4,-6.0
0.9899856,True,4,4,14.0
0.9872935,True,10,10,12.0
0.89787847,True,2,2,14.0
0.9910754,True,6,6,0.0
0.89295655,True,2,2,-2.0
0.93054795,True,4,4,-6.0
0.9912068,True,9,9,0.0
0.9931021,True,9,9,18.0
0.5135011,False,9,0,-2.0
0.99266315,True,9,9,4.0
0.9924523,True,4,4,8.0
0.9903314,True,9,9,12.0
0.58761036,True,1,1,-6.0
0.99343395,True,5,5,6.0
0.99311465,True,3,3,18.0
0.9733989,True,2,2,14.0
0.9891894,True,7,7,12.0
0.9885175,True,0,0,14.0
0.9899596,True,0,0,0.0
0.9716771,True,8,8,12.0
0.991392,True,6,6,18.0
0.56706107,False,10,1,18.0
0.9921451,True,4,4,6.0
0.9915803,True,8,8,-2.0
0.9925067,True,9,9,16.0
0.60206664,False,9,0,-4.0
0.6398257,True,1,1,-4.0
0.7346168,True,1,1,0.0
0.98625165,True,5,5,4.0
0.52356726,True,1,1,2.0
0.9924177,True,6,6,8.0
0.6747812,True,2,2,8.0
0.9917857,True,4,4,8.0
0.9917578,True,6,6,0.0
0.6984152,False,1,10,-4.0
0.9910944,True,5,5,10.0
0.9909286,True,6,6,0.0
0.63654846,False,10,1,8.0
0.9900377,True,3,3,4.0
0.8737557,False,8,2,10.0
0.68166924,True,1,1,16.0
0.99405754,True,6,6,-6.0
0.9897014,True,5,5,0.0
0.99248356,True,5,5,12.0
0.9929154,True,3,3,10.0
0.9945958,True,5,5,10.0
0.989767,True,4,4,18.0
0.99045324,True,4,4,-4.0
0.3512229,False,4,0,-6.0
0.9932233,True,6,6,-2.0
0.9402952,True,2,2,8.0
0.95694786,True,5,5,0.0
0.99233633,True,3,3,8.0
0.99090564,True,8,8,-2.0
0.9927527,True,8,8,4.0
0.9957795,True,5,5,10.0
0.59077656,False,10,1,10.0
0.990941,True,8,8,4.0
0.9916047,True,4,4,14.0
0.9411019,True,2,2,18.0
0.8154122,True,2,2,18.0
0.6318946,True,1,1,6.0
0.9915275,True,9,9,6.0
0.993244,True,9,9,14.0
0.9852882,True,0,0,2.0
0.99375665,True,10,10,16.0
0.9936878,True,3,3,6.0
0.6962502,True,0,0,-6.0
0.58595383,False,10,1,16.0
0.9928135,True,5,5,8.0
0.9623125,True,7,7,14.0
0.99208635,True,0,0,14.0
0.99063194,True,6,6,-2.0
0.99132675,True,6,6,2.0
0.99427503,True,3,3,-2.0
0.9915057,True,4,4,-2.0
0.96886146,True,2,2,10.0
0.9910205,True,4,4,0.0
0.9889443,True,6,6,-4.0
0.99221367,True,6,6,4.0
0.9509771,True,2,2,-2.0
0.99236566,True,0,0,0.0
0.994812,True,5,5,-4.0
0.9929321,True,3,3,8.0
0.95885783,True,2,2,2.0
0.9911724,True,8,8,12.0
0.3038603,False,9,5,-6.0
0.9911874,True,8,8,8.0
0.9918086,True,4,4,2.0
0.9927492,True,6,6,-2.0
0.9940598,True,9,9,16.0
0.9907268,True,9,9,16.0
0.65289265,True,10,10,4.0
0.7659258,False,0,3,-6.0
0.9936566,True,6,6,14.0
0.52697486,True,1,1,-2.0
0.9922935,True,8,8,4.0
0.5674694,True,1,1,18.0
0.98997736,True,6,6,0.0
0.993349,True,9,9,14.0
0.5388902,True,1,1,-2.0
0.9910068,True,6,6,16.0
0.9918373,True,9,9,14.0
0.98954844,True,3,3,14.0
0.9415417,True,2,2,0.0
0.56006867,False,10,1,10.0
0.99676526,True,10,10,4.0
0.9576533,True,7,7,6.0
0.9912651,True,0,0,6.0
0.99204683,True,9,9,10.0
0.95480007,True,2,2,8.0
0.9055901,True,2,2,8.0
0.61909115,True,1,1,10.0
0.96651465,True,2,2,4.0
0.9918372,True,6,6,2.0
0.5950408,True,1,1,2.0
0.9185496,True,2,2,4.0
0.99169475,True,9,9,4.0
0.88432586,True,7,7,-4.0
0.49933702,False,9,0,-6.0
0.9894967,True,4,4,8.0
0.5092482,False,9,0,-2.0
0.56892824,False,10,1,14.0
0.899666,True,2,2,10.0
0.95356363,True,2,2,10.0
0.99253696,True,6,6,18.0
0.9920426,True,4,4,2.0
0.991871,True,0,0,10.0
0.49725598,False,7,0,10.0
0.9918252,True,5,5,8.0
0.99065334,True,0,0,12.0
0.6859541,True,1,1,-4.0
0.9914193,True,3,3,12.0
0.61812675,True,1,1,6.0
0.9920655,True,9,9,14.0
0.99210584,False,0,9,2.0
0.9913918,True,4,4,2.0
0.99681073,True,10,10,2.0
0.9926398,True,3,3,-6.0
0.9916648,True,9,9,14.0
0.6227998,True,0,0,-2.0
0.56907684,False,9,3,-6.0
0.6147354,True,10,10,-2.0
0.9330074,True,2,2,14.0
0.95175534,True,2,2,-2.0
0.9920976,True,9,9,6.0
0.9807366,True,2,2,8.0
0.99335575,True,8,8,-4.0
0.9906984,True,5,5,16.0
0.9910847,True,8,8,8.0
0.9926802,True,0,0,12.0
0.98973477,True,7,7,6.0
0.7453633,False,0,7,0.0
0.49205184,False,0,9,-4.0
0.991833,True,9,9,10.0
0.9904,True,5,5,4.0
0.9916169,True,4,4,12.0
0.99125296,True,3,3,14.0
0.9927336,True,6,6,18.0
0.9918759,True,5,5,4.0
0.56948596,True,1,1,8.0
0.96646565,True,2,2,4.0
0.99288285,True,8,8,-2.0
0.9514517,True,2,2,14.0
0.9917706,True,6,6,10.0
0.9921228,True,9,9,18.0
0.9505451,True,2,2,2.0
0.9387268,True,2,2,4.0
0.5614324,False,10,1,-6.0
0.99118584,True,8,8,4.0
0.98967373,True,5,5,12.0
0.99205846,True,4,4,0.0
0.99534947,True,5,5,18.0
0.99118793,True,7,7,18.0
0.56815964,True,1,1,12.0
0.989301,True,5,5,-2.0
0.9929951,True,9,9,12.0
0.9920324,True,8,8,2.0
0.992539,True,9,9,10.0
0.99056375,True,4,4,16.0
0.99147356,True,7,7,8.0
0.91101444,True,2,2,-2.0
0.9914699,True,4,4,18.0
0.64903826,True,1,1,-4.0
0.98614025,True,7,7,4.0
0.9817723,True,4,4,-4.0
0.989764,True,3,3,16.0
0.98909295,True,4,4,14.0
0.56375694,False,4,5,-4.0
0.5555852,False,10,1,10.0
0.9922444,True,0,0,6.0
0.99198467,True,8,8,10.0
0.9756142,True,0,0,0.0
0.6908657,True,1,1,0.0
0.992671,True,9,9,16.0
0.9972458,True,5,5,6.0
0.96127415,True,5,5,0.0
0.9926924,True,8,8,8.0
0.9891009,True,5,5,4.0
0.9932272,True,4,4,2.0
0.99100906,True,6,6,2.0
0.5468478,False,10,1,-2.0
0.99216753,True,8,8,0.0
0.9919059,True,0,0,16.0
0.9637144,True,7,7,-4.0
0.98980534,True,3,3,18.0
0.9436965,True,7,7,0.0
0.99114686,True,8,8,18.0
0.9194153,True,2,2,12.0
0.98843247,True,8,8,2.0
0.5996307,False,0,9,-4.0
0.97983474,True,10,10,16.0
0.9907821,True,4,4,18.0
0.99188226,True,6,6,6.0
0.991168,True,6,6,16.0
0.9918522,True,6,6,6.0
0.63087636,True,1,1,4.0
0.98950654,True,7,7,2.0
0.97607565,True,7,7,14.0
0.95168775,True,2,2,14.0
0.99041045,True,0,0,12.0
0.991156,True,8,8,16.0
0.99048036,True,3,3,14.0
0.99070203,True,7,7,18.0
0.99052256,True,4,4,4.0
0.99037606,True,0,0,8.0
0.86860216,True,2,2,6.0
0.9231083,False,3,2,-6.0
0.97720975,True,7,7,10.0
0.98801917,True,7,7,2.0
0.9917721,True,9,9,10.0
0.5921133,False,10,1,4.0
0.7203794,True,1,1,16.0
0.99293846,True,9,9,14.0
0.8386616,True,5,5,-6.0
0.8276897,True,1,1,12.0
0.9496818,True,2,2,-6.0
0.99043196,True,7,7,18.0
0.99273574,True,0,0,2.0
0.99338645,True,6,6,0.0
0.99141955,True,6,6,18.0
0.6580952,True,1,1,2.0
0.5373942,False,1,10,-2.0
0.29425603,False,2,0,12.0
0.5696569,False,10,1,-4.0
0.99229395,True,6,6,14.0
0.6576545,False,10,1,-4.0
0.9912355,True,5,5,6.0
0.991017,True,6,6,14.0
0.8922934,True,5,5,-2.0
0.9409234,True,2,2,8.0
0.9935602,True,9,9,16.0
0.9911972,True,7,7,4.0
0.99298906,True,8,8,6.0
0.99306035,True,6,6,14.0
0.97536045,True,2,2,-6.0
0.9921985,True,9,9,2.0
0.9909575,True,8,8,12.0
0.8168473,True,8,8,14.0
0.9810261,True,5,5,8.0
0.991197,True,4,4,16.0
0.99429286,True,4,4,-2.0
0.98981047,True,3,3,14.0
0.5765353,True,1,1,-2.0
0.36474591,False,4,9,-6.0
0.9906978,True,0,0,4.0
0.952521,True,2,2,2.0
0.6686394,True,8,8,-6.0
0.50566304,True,4,4,-6.0
0.9938484,True,5,5,14.0
0.99048704,True,7,7,0.0
0.99182266,True,9,9,18.0
0.8829468,True,2,2,4.0
0.9410674,True,10,10,-4.0
0.57213914,False,10,1,18.0
0.9828569,True,9,9,-2.0
0.9919986,True,7,7,12.0
0.6149055,True,1,1,2.0
0.59366745,True,1,1,18.0
0.83825165,False,3,6,-2.0
0.9917046,True,8,8,0.0
0.9843626,True,7,7,12.0
0.9951315,True,6,6,-6.0
0.9892441,True,4,4,12.0
0.5851919,False,10,1,8.0
0.98976785,True,7,7,8.0
0.9038262,True,7,7,-4.0
0.8786759,True,2,2,8.0
0.9922523,True,6,6,8.0
0.64631355,True,1,1,4.0
0.88501775,True,2,2,-2.0
0.9917618,True,8,8,6.0
0.99202216,True,5,5,4.0
0.9949504,True,4,4,0.0
0.9906481,True,4,4,12.0
0.42886457,False,9,0,-6.0
0.9931666,True,3,3,6.0
0.99111134,True,7,7,4.0
0.98987776,True,0,0,8.0
0.99195015,True,8,8,18.0
0.73734415,True,0,0,-4.0
0.59879065,True,1,1,6.0
0.9923056,True,3,3,6.0
0.58491844,True,1,1,4.0
0.4772409,True,3,3,-6.0
0.99056995,True,3,3,0.0
0.9734798,True,7,7,-4.0
0.991606,True,6,6,6.0
0.99066585,True,8,8,2.0
0.52154267,True,1,1,-2.0
0.576665,True,1,1,-4.0
0.9929987,True,9,9,4.0
0.40233555,False,3,0,-6.0
0.9921489,True,5,5,16.0
0.9896689,True,6,6,18.0
0.9926226,True,6,6,14.0
0.8751047,True,2,2,-2.0
0.68778783,True,5,5,-2.0
0.99068123,True,0,0,8.0
0.9908206,True,8,8,10.0
0.6712591,False,10,1,-4.0
0.6093575,True,6,6,-6.0
0.9885642,True,10,10,14.0
0.99506515,True,3,3,4.0
0.61886334,True,1,1,2.0
0.9592345,True,2,2,0.0
0.95366997,True,4,4,-4.0
0.9524979,True,8,8,-6.0
0.99119747,True,6,6,12.0
0.99234515,True,8,8,0.0
0.57231945,False,10,1,2.0
0.9887216,True,7,7,2.0
0.6546668,False,1,10,-4.0
0.98813164,True,6,6,-6.0
0.5054954,True,1,1,-2.0
0.99048036,True,4,4,16.0
0.56318533,True,1,1,18.0
0.99363446,True,10,10,12.0
0.9926939,True,5,5,12.0
0.9827288,True,7,7,-4.0
0.9877694,True,7,7,18.0
0.561805,False,10,1,14.0
0.9909971,True,6,6,0.0
0.9917896,True,3,3,8.0
0.9924912,True,6,6,14.0
0.8822145,True,5,5,-6.0
0.99150544,True,7,7,8.0
0.95839816,True,2,2,14.0
0.99137974,True,4,4,10.0
0.99243486,True,3,3,6.0
0.99177366,True,6,6,-2.0
0.9804174,True,8,8,10.0
0.9938776,True,7,7,-6.0
0.99054295,True,4,4,10.0
0.95664626,True,2,2,16.0
0.5952018,False,10,1,-4.0
0.9910727,True,3,3,14.0
0.9329628,True,2,2,10.0
0.99219817,True,0,0,4.0
0.7608067,True,1,1,12.0
0.98909014,True,4,4,18.0
0.99018735,True,9,9,0.0
0.9938128,True,5,5,10.0
0.9911908,True,0,0,12.0
0.97837114,True,6,6,-6.0
0.44777206,True,9,9,-6.0
0.8644723,True,2,2,4.0
0.99076885,True,9,9,8.0
0.6917192,False,10,1,0.0
0.5815561,False,10,1,0.0
0.993193,True,9,9,14.0
0.9219904,True,2,2,-6.0
0.42765483,True,3,3,-6.0
0.99284816,True,5,5,14.0
0.70917225,False,10,1,-2.0
0.99112636,True,3,3,18.0
0.9928987,True,9,9,8.0
0.9283794,True,2,2,2.0
0.9922793,True,3,3,8.0
0.9920557,True,5,5,10.0
0.9910658,True,3,3,10.0
0.92843974,True,2,2,4.0
0.9925789,True,8,8,18.0
0.5744278,False,10,1,14.0
0.9906784,True,3,3,10.0
0.9902858,True,0,0,4.0
0.99209845,True,9,9,16.0
0.99239606,True,6,6,4.0
0.9910846,True,8,8,6.0
0.9912143,True,0,0,12.0
0.99160016,True,7,7,14.0
0.99159884,True,0,0,8.0
0.64453214,True,1,1,2.0
0.53949785,True,1,1,-4.0
0.9898817,True,8,8,10.0
0.5661823,False,9,0,-4.0
0.920883,True,7,7,-2.0
0.9902082,True,0,0,6.0
0.98872685,True,3,3,18.0
0.993291,True,4,4,0.0
0.6762458,True,10,10,-4.0
0.5707238,False,10,1,16.0
0.993834,True,3,3,2.0
0.9908324,True,7,7,18.0
0.9923235,True,0,0,12.0
0.9916946,True,7,7,16.0
0.99106044,True,6,6,0.0
0.94844335,True,9,9,-2.0
0.8906668,True,5,5,-4.0
0.9922117,True,8,8,-6.0
0.99062234,True,6,6,6.0
0.588589,False,10,1,-2.0
0.9902867,True,0,0,16.0
0.9938046,True,6,6,12.0
0.9463469,True,2,2,16.0
0.883657,True,2,2,6.0
0.9463361,True,2,2,12.0
0.9932051,True,5,5,18.0
0.96111536,True,2,2,-6.0
0.99238527,True,3,3,4.0
0.5669866,True,5,5,-2.0
0.9897428,True,9,9,6.0
0.9910471,True,10,10,4.0
0.9935795,True,0,0,12.0
0.5764058,True,1,1,0.0
0.81599414,True,10,10,-2.0
0.9921319,True,4,4,2.0
0.9893356,True,4,4,12.0
0.5758937,True,1,1,14.0
0.5672198,False,10,1,10.0
0.6436244,True,1,1,-6.0
0.95204765,True,2,2,6.0
0.9937044,True,4,4,8.0
0.72008824,True,2,2,16.0
0.98795146,True,5,5,0.0
0.9934011,True,8,8,16.0
0.9932637,True,8,8,-4.0
0.9525338,True,5,5,-6.0
0.96158314,False,9,0,-2.0
0.78108793,True,9,9,-4.0
0.9752846,True,4,4,-4.0
0.9879936,True,0,0,4.0
0.9931901,True,5,5,18.0
0.68609893,False,10,1,-2.0
0.99220335,True,6,6,8.0
0.99304235,True,8,8,4.0
0.98915917,True,7,7,2.0
0.99308515,True,8,8,8.0
0.99270624,True,8,8,12.0
0.99207366,True,0,0,14.0
0.616002,False,0,9,-6.0
0.61222607,True,1,1,-2.0
0.990871,True,4,4,10.0
0.9928899,True,4,4,-2.0
0.9927654,True,5,5,18.0
0.99149466,True,7,7,-2.0
0.99294454,True,4,4,16.0
0.9927664,True,6,6,18.0
0.9923447,True,3,3,4.0
0.9943164,True,5,5,10.0
0.57688826,True,1,1,4.0
0.9911118,True,5,5,-4.0
0.9912498,True,0,0,2.0
0.94506973,True,2,2,-2.0
0.9961261,True,5,5,12.0
0.5844827,False,10,1,10.0
0.9917053,True,7,7,8.0
0.9903627,True,0,0,8.0
0.9282057,False,7,2,-2.0
0.99153227,True,4,4,18.0
0.5654215,True,1,1,18.0
0.9880735,True,7,7,10.0
0.57486355,False,10,1,-6.0
0.99075997,True,3,3,14.0
0.9930188,True,9,9,16.0
0.9918447,True,8,8,14.0
0.5674041,True,1,1,14.0
0.99407804,True,5,5,14.0
0.99349904,True,6,6,-2.0
0.5010883,False,1,10,-2.0
0.55579567,False,3,6,0.0
0.6116772,True,9,9,-4.0
0.9928067,True,6,6,4.0
0.538259,False,3,0,-6.0
0.99032027,True,0,0,4.0
0.9647339,True,5,5,0.0
0.9925902,True,0,0,12.0
0.99156827,True,5,5,10.0
0.99059033,True,4,4,18.0
0.68625593,True,7,7,-6.0
0.9499804,True,2,2,6.0
0.5942129,True,1,1,16.0
0.69486463,False,10,1,4.0
0.76544917,True,5,5,-4.0
0.99179584,True,3,3,16.0
0.9928651,True,9,9,14.0
0.9911209,True,9,9,0.0
0.99470466,True,8,8,-4.0
0.6825184,True,1,1,6.0
0.9897565,True,6,6,16.0
0.99282044,True,8,8,18.0
0.9107785,True,7,7,-4.0
0.9903045,True,4,4,10.0
0.8042069,False,9,0,-2.0
0.98786306,True,8,8,-2.0
0.9932191,True,5,5,4.0
0.9053367,False,3,2,0.0
0.7448779,True,3,3,-4.0
0.54501504,True,1,1,8.0
0.99051636,True,9,9,10.0
0.991779,True,9,9,10.0
0.98843294,True,10,10,10.0
0.5982876,True,1,1,14.0
0.99055415,True,6,6,2.0
0.99151987,True,5,5,4.0
0.29565558,False,0,4,-6.0
0.99438924,True,4,4,0.0
0.9591092,False,9,2,8.0
0.97712064,True,2,2,0.0
0.9933804,True,3,3,-4.0
0.6781387,True,1,1,4.0
0.93005824,True,0,0,0.0
0.9283161,True,2,2,18.0
0.98366964,True,9,9,-2.0
0.5706315,True,1,1,10.0
0.5865433,True,1,1,18.0
0.59823585,True,1,1,2.0
0.9924729,True,5,5,6.0
0.9927539,True,4,4,2.0
0.9018197,True,2,2,-6.0
0.991731,True,6,6,12.0
0.557226,False,0,9,-4.0
0.664488,True,0,0,-4.0
0.7261861,True,1,1,16.0
0.9905657,True,6,6,18.0
0.80269873,False,0,9,-2.0
0.8224571,True,9,9,-4.0
0.99052984,True,8,8,8.0
0.9928092,True,4,4,14.0
0.9913776,True,3,3,4.0
0.6204558,False,10,1,4.0
0.9926817,True,5,5,2.0
0.48346338,False,4,3,-6.0
0.99245363,True,8,8,16.0
0.9922184,True,9,9,16.0
0.99144006,True,0,0,16.0
0.64233816,False,10,1,-6.0
0.71144956,True,1,1,-2.0
0.99160814,True,9,9,4.0
0.9918635,True,3,3,6.0
0.9915481,True,0,0,2.0
0.62738377,False,10,1,2.0
0.98826504,True,3,3,14.0
0.9894393,True,7,7,2.0
0.9897196,True,0,0,0.0
0.3750158,False,4,2,-6.0
0.989507,True,8,8,10.0
0.991443,True,7,7,4.0
0.99505335,True,7,7,-6.0
0.9911124,True,9,9,2.0
0.99226224,True,6,6,10.0
0.99503386,True,5,5,0.0
0.92021066,True,7,7,-6.0
0.94836694,True,2,2,2.0
0.36467874,False,9,8,6.0
0.9894406,True,6,6,-2.0
0.6734937,True,1,1,0.0
0.99167,True,5,5,14.0
0.9722055,True,2,2,0.0
0.96005905,True,2,2,0.0
0.99316025,True,6,6,4.0
0.96241087,False,7,2,2.0
0.9911641,True,6,6,18.0
0.9915065,True,5,5,-6.0
0.6998452,True,1,1,14.0
0.9915445,True,4,4,14.0
0.9803253,True,4,4,-4.0
0.99180335,True,0,0,10.0
0.74576515,True,1,1,8.0
0.9931243,True,8,8,-4.0
0.991846,True,6,6,8.0
0.990195,True,3,3,14.0
0.99247473,True,6,6,-4.0
0.9421509,True,1,1,12.0
0.99057263,True,3,3,8.0
0.9953774,True,10,10,4.0
0.5969647,False,10,1,4.0
0.9876751,True,4,4,0.0
0.9897193,True,4,4,18.0
0.9911141,True,0,0,4.0
0.80218214,False,9,0,-4.0
0.89378154,False,3,2,-6.0
0.9908035,True,7,7,12.0
0.9939812,True,9,9,16.0
0.99182,True,5,5,12.0
0.9909785,True,4,4,0.0
0.68297803,True,1,1,0.0
0.9899136,True,0,0,-2.0
0.9858723,True,7,7,10.0
0.96604544,True,2,2,6.0
0.99325436,True,8,8,18.0
0.99193794,True,6,6,8.0
0.97514194,True,8,8,-6.0
0.99213225,True,8,8,-4.0
0.98923874,True,4,4,10.0
0.6942309,False,10,1,14.0
0.9918252,True,6,6,4.0
0.9505017,True,9,9,0.0
0.9909507,True,5,5,10.0
0.9869943,True,7,7,6.0
0.9901545,True,3,3,8.0
0.5325232,False,1,10,-4.0
0.99280304,True,3,3,16.0
0.98979443,True,7,7,-6.0
0.74407846,True,1,1,0.0
0.9924211,True,9,9,16.0
0.4933466,False,9,0,-6.0
0.7958374,False,10,5,-6.0
0.5733906,True,1,1,6.0
0.99211544,True,9,9,4.0
0.99242485,True,8,8,14.0
0.6121134,True,1,1,18.0
0.9292965,True,2,2,10.0
0.93406457,True,2,2,12.0
0.9919773,True,9,9,10.0
0.57218057,True,1,1,16.0
0.5574124,True,0,0,-2.0
0.99308103,True,5,5,0.0
0.9839931,True,9,9,2.0
0.96512944,True,2,2,8.0
0.9916276,True,3,3,0.0
0.8945273,True,2,2,8.0
0.9925799,True,6,6,-2.0
0.9936899,True,9,9,0.0
0.99167496,True,8,8,16.0
0.9908019,True,4,4,16.0
0.9917548,True,8,8,6.0
0.98679185,True,7,7,4.0
0.9895978,True,7,7,0.0
0.9758625,True,7,7,0.0
0.9911287,True,3,3,-4.0
0.9925208,True,4,4,16.0
0.99283385,True,6,6,0.0
0.9460357,True,2,2,18.0
0.99243075,True,6,6,16.0
0.5739397,True,1,1,6.0
0.98790646,True,7,7,0.0
0.6413422,False,10,1,-6.0
0.9899365,True,3,3,4.0
0.9868645,True,7,7,-4.0
0.9904847,True,3,3,14.0
0.99465805,True,5,5,6.0
0.9484317,True,2,2,2.0
0.5248126,True,1,1,-4.0
0.9937098,True,9,9,4.0
0.99180084,True,5,5,8.0
0.5825511,False,0,9,-6.0
0.99150085,True,4,4,18.0
0.97895354,True,2,2,-4.0
0.6142343,True,1,1,2.0
0.99162793,True,3,3,2.0
0.7399713,True,1,1,12.0
0.6555799,False,0,9,-6.0
0.86563647,True,0,0,-4.0
0.9926547,True,6,6,12.0
0.9907436,True,9,9,4.0
0.9936283,True,9,9,10.0
0.56010616,True,1,1,12.0
0.9915455,True,0,0,18.0
0.9913663,True,9,9,16.0
0.5834924,True,1,1,12.0
0.9926093,True,9,9,8.0
0.49760044,False,10,1,-2.0
0.9897002,True,7,7,16.0
0.9928086,True,4,4,0.0
0.74740404,True,3,3,-4.0
0.92413354,True,7,7,10.0
0.988931,True,3,3,-4.0
0.5899048,True,1,1,2.0
0.9824598,True,7,7,-2.0
0.9898198,True,7,7,16.0
0.84132034,True,0,0,-2.0
0.9931376,True,3,3,8.0
0.9914022,True,8,8,8.0
0.9363229,True,2,2,8.0
0.61976147,False,10,1,10.0
0.99156135,True,3,3,0.0
0.99148625,True,9,9,2.0
0.9905137,True,0,0,12.0
0.9909809,True,8,8,10.0
0.9936293,True,6,6,14.0
0.99166447,True,4,4,6.0
0.99192107,True,7,7,16.0
0.5961622,True,1,1,2.0
0.9916579,True,8,8,6.0
0.9922125,True,0,0,10.0
0.40528032,False,2,5,16.0
0.99177176,True,3,3,18.0
0.99354124,True,3,3,0.0
0.99007696,True,10,10,8.0
0.93331766,True,2,2,18.0
0.5765179,True,1,1,-2.0
0.9673441,True,7,7,18.0
0.99420667,True,10,10,4.0
0.5723893,True,1,1,12.0
0.93683195,True,2,2,16.0
0.99296546,True,0,0,16.0
0.8007817,False,10,1,0.0
0.9600717,True,2,2,12.0
0.96703726,False,8,7,2.0
0.6691901,True,1,1,-6.0
0.99184096,True,6,6,8.0
0.99198806,True,8,8,4.0
0.99028814,True,8,8,18.0
0.98927504,True,8,8,8.0
0.9915148,True,0,0,18.0
0.99407864,True,5,5,4.0
0.6169437,False,10,1,4.0
0.9895588,True,0,0,14.0
0.5723123,True,10,10,-6.0
0.9930125,True,5,5,8.0
0.9920282,True,6,6,-4.0
0.9921205,True,6,6,14.0
0.9610004,True,2,2,4.0
0.99256855,True,9,9,0.0
0.99046963,True,0,0,12.0
0.99118525,True,8,8,6.0
0.9924185,True,5,5,16.0
0.96213853,True,2,2,-2.0
0.9364681,True,2,2,-6.0
0.9907442,True,4,4,10.0
0.9924388,True,3,3,18.0
0.9922139,True,6,6,0.0
0.9330174,True,8,8,-2.0
0.99447775,True,4,4,-2.0
0.99071676,True,9,9,10.0
0.62089944,True,1,1,-4.0
0.7292943,True,1,1,12.0
0.9889897,True,4,4,6.0
0.9947813,True,10,10,12.0
0.99089855,True,7,7,16.0
0.99172276,True,0,0,16.0
0.6289013,True,1,1,14.0
0.98892874,True,6,6,-6.0
0.9907578,True,4,4,12.0
0.99131703,True,4,4,6.0
0.9838125,True,5,5,-4.0
0.9913926,True,8,8,14.0
0.989151,True,5,5,4.0
0.92865187,True,4,4,-2.0
0.9902384,True,0,0,6.0
0.9920393,True,6,6,4.0
0.99123085,True,4,4,14.0
0.9917589,True,4,4,6.0
0.3528247,True,3,3,-6.0
0.9922174,True,6,6,12.0
0.96430326,True,2,2,-4.0
0.5546369,True,1,1,0.0
0.9868286,True,7,7,18.0
0.5737743,False,10,1,12.0
0.9888108,True,7,7,6.0
0.8334686,True,3,3,-6.0
0.9926041,True,8,8,0.0
0.8678975,True,0,0,-2.0
0.9905509,True,6,6,6.0
0.96805644,True,2,2,-4.0
0.96202403,True,2,2,-2.0
0.9353757,True,2,2,6.0
0.99202394,True,9,9,12.0
0.99193054,True,4,4,8.0
0.99057615,True,7,7,12.0
0.9832671,True,7,7,16.0
0.99141556,True,7,7,10.0
0.9930369,True,3,3,6.0
0.9909378,True,9,9,4.0
0.9935546,True,9,9,12.0
0.9928773,True,0,0,10.0
0.98912305,True,4,4,18.0
0.9909774,True,4,4,8.0
0.9432499,True,2,2,4.0
0.978229,True,10,10,6.0
0.9907783,True,5,5,14.0
0.67450637,True,1,1,2.0
0.9914072,True,8,8,18.0
0.9902824,True,8,8,6.0
0.992386,True,4,4,14.0
0.99205786,True,8,8,6.0
0.57245797,True,1,1,18.0
0.9914035,True,7,7,4.0
0.9923826,True,8,8,2.0
0.6432023,True,9,9,-4.0
0.9910725,True,6,6,8.0
0.99195546,True,4,4,16.0
0.98517597,True,3,3,-2.0
0.5511981,True,3,3,-4.0
0.99136,True,3,3,16.0
0.3739647,False,8,3,8.0
0.98852986,True,7,7,-6.0
0.9912142,True,5,5,16.0
0.99123293,True,0,0,4.0
0.99154586,True,9,9,6.0
0.9823512,True,0,0,0.0
0.688266,True,2,2,-2.0
0.5874775,True,1,1,0.0
0.5816175,False,10,1,16.0
0.99222976,True,8,8,10.0
0.9921658,True,8,8,2.0
0.9929884,True,6,6,-6.0
0.9921801,True,3,3,16.0
0.9712124,True,2,2,-4.0
0.9923995,True,8,8,-2.0
0.992255,True,0,0,12.0
0.9915177,True,6,6,0.0
0.9923126,True,4,4,-2.0
0.6825124,False,4,0,-6.0
0.9292682,True,7,7,-4.0
0.9887173,True,3,3,0.0
0.57547283,False,10,1,14.0
0.9910025,True,3,3,0.0
0.9729908,True,5,5,-6.0
0.99149525,True,3,3,8.0
0.99355114,True,0,0,14.0
0.9908867,True,10,10,14.0
0.99422765,True,3,3,10.0
0.9901917,True,0,0,18.0
0.99148643,True,6,6,8.0
0.9899503,True,3,3,0.0
0.9908139,True,4,4,16.0
0.99220264,True,3,3,18.0
0.99082863,True,6,6,2.0
0.99198955,True,0,0,18.0
0.8797059,True,5,5,-4.0
0.65700835,False,10,1,6.0
0.8261901,True,8,8,-6.0
0.9923402,True,0,0,10.0
0.59289306,False,10,1,16.0
0.99188906,True,3,3,12.0
0.99245435,True,7,7,10.0
0.8434562,True,7,7,-2.0
0.7179624,True,1,1,14.0
0.9922546,True,3,3,16.0
0.38436913,True,3,3,-4.0
0.9878172,True,5,5,18.0
0.99159384,True,0,0,12.0
0.5416555,True,1,1,2.0
0.98046196,False,0,4,-4.0
0.9907849,True,9,9,6.0
0.45830512,True,1,1,-6.0
0.8229246,False,9,0,-4.0
0.9910052,True,7,7,16.0
0.43814918,False,9,0,-6.0
0.9929153,True,9,9,12.0
0.99246985,True,8,8,-6.0
0.9934837,True,10,10,12.0
0.9293599,True,2,2,-2.0
0.99100024,True,4,4,12.0
0.9863599,True,7,7,6.0
0.35662496,True,5,5,-6.0
0.9915714,True,6,6,-2.0
0.92756474,True,2,2,12.0
0.9929669,True,9,9,14.0
0.61607456,True,1,1,18.0
0.53985167,True,10,10,0.0
0.7263253,True,10,10,-6.0
0.99227273,True,5,5,12.0
0.9887108,True,4,4,14.0
0.97358876,True,2,2,2.0
0.9934941,True,4,4,-4.0
0.9934557,True,5,5,4.0
0.9955123,True,10,10,6.0
0.98445743,True,7,7,14.0
0.57154983,True,1,1,2.0
0.99156135,True,3,3,12.0
0.9236778,True,10,10,10.0
0.99212486,True,5,5,14.0
0.45346186,False,4,0,-6.0
0.99166405,True,9,9,4.0
0.4417566,False,0,9,-6.0
0.9922954,True,4,4,-2.0
0.9742613,True,7,7,14.0
0.9891593,True,3,3,10.0
0.99253416,True,4,4,16.0
0.99110293,True,0,0,6.0
0.97780025,True,8,8,-4.0
0.9927396,True,7,7,12.0
0.55005664,True,10,10,-6.0
0.9920157,True,8,8,16.0
0.9912916,True,6,6,0.0
0.9050222,True,5,5,-2.0
0.99350834,True,9,9,18.0
0.9730862,True,2,2,2.0
0.57346416,False,10,1,16.0
0.9721662,True,7,7,8.0
0.5588053,False,7,8,-4.0
0.5745271,False,10,1,16.0
0.89087075,True,10,10,16.0
0.6009891,True,1,1,-4.0
0.98833394,True,7,7,-2.0
0.99058026,True,4,4,10.0
0.70942235,True,1,1,12.0
0.4458526,False,0,9,-6.0
0.99186486,True,3,3,8.0
0.99040157,True,6,6,-6.0
0.9928745,True,8,8,8.0
0.99218243,True,6,6,4.0
0.991223,True,5,5,14.0
0.9311387,False,5,4,-6.0
0.8643502,True,2,2,4.0
0.98878086,True,7,7,4.0
0.9926402,True,3,3,8.0
0.943327,True,2,2,14.0
0.9915684,True,6,6,8.0
0.96602196,True,0,0,0.0
0.99143386,True,8,8,0.0
0.9914117,True,7,7,8.0
0.9909932,True,0,0,4.0
0.9902631,True,10,10,6.0
0.9903951,True,3,3,14.0
0.9916368,True,7,7,0.0
0.9831065,True,7,7,0.0
0.83609176,True,1,1,16.0
0.990998,True,7,7,-2.0
0.6235343,False,10,1,6.0
0.9902816,True,0,0,18.0
0.7445988,True,2,2,18.0
0.5886282,True,1,1,10.0
0.9944027,True,4,4,-2.0
0.99185705,True,3,3,14.0
0.99169356,True,3,3,10.0
0.99158317,True,0,0,18.0
0.57315093,True,1,1,18.0
0.9412705,True,2,2,14.0
0.6678425,True,1,1,-4.0
0.58166575,True,1,1,6.0
0.697897,False,0,2,-6.0
0.51807904,True,1,1,-4.0
0.99104565,True,7,7,4.0
0.93654025,False,9,0,-2.0
0.99300873,True,8,8,2.0
0.9923179,True,9,9,14.0
0.9929858,True,0,0,4.0
0.99155957,True,8,8,12.0
0.9884171,True,5,5,14.0
0.5333611,False,5,1,-6.0
0.9907924,True,0,0,18.0
0.9910787,True,8,8,8.0
0.99322504,True,9,9,10.0
0.6865048,True,5,5,-2.0
0.9924509,True,6,6,6.0
0.991084,True,8,8,10.0
0.99182135,True,8,8,14.0
0.35467672,False,3,9,-6.0
0.44858775,False,8,2,18.0
0.56470144,True,1,1,2.0
0.99257153,True,0,0,8.0
0.517521,False,1,10,-4.0
0.99076605,True,4,4,10.0
0.9908202,True,6,6,4.0
0.9911556,True,6,6,10.0
0.9928745,True,8,8,-2.0
0.9914409,True,3,3,14.0
0.9192005,True,2,2,-4.0
0.9016589,True,2,2,10.0
0.9582117,True,2,2,-2.0
0.99104077,True,9,9,16.0
0.9868188,True,7,7,18.0
0.54233,False,0,4,-4.0
0.9915359,True,9,9,6.0
0.9886889,True,6,6,-4.0
0.5684121,True,1,1,16.0
0.9954684,True,5,5,8.0
0.9917408,True,9,9,10.0
0.92643577,True,2,2,18.0
0.99069524,True,4,4,12.0
0.992067,True,9,9,4.0
0.5998673,False,10,1,16.0
0.9931954,True,5,5,6.0
0.99183965,True,9,9,12.0
0.99201137,True,0,0,2.0
0.573674,True,1,1,14.0
0.991627,True,8,8,6.0
0.98304164,False,9,0,0.0
0.57041144,False,7,8,6.0
0.72271913,True,1,1,16.0
0.9929469,True,5,5,-4.0
0.77844065,False,8,7,-6.0
0.991012,True,7,7,12.0
0.9875606,True,3,3,2.0
0.56338394,True,1,1,12.0
0.9913084,True,7,7,12.0
0.921757,True,2,2,12.0
0.9915854,True,9,9,6.0
0.6348199,True,1,1,-4.0
0.993665,True,5,5,4.0
0.9912896,True,3,3,6.0
0.5984273,False,10,1,10.0
0.9907128,True,9,9,2.0
0.60410154,False,10,1,18.0
0.991578,True,0,0,8.0
0.99130344,True,5,5,12.0
0.9934095,True,3,3,10.0
0.9888334,True,6,6,14.0
0.48761111,True,0,0,-6.0
0.9917167,True,8,8,2.0
0.9909554,True,9,9,12.0
0.9938964,True,6,6,-2.0
0.98710537,True,9,9,4.0
0.99046904,True,3,3,10.0
0.8124386,False,7,2,14.0
0.99239665,True,4,4,8.0
0.9088342,True,2,2,4.0
0.9946814,True,5,5,2.0
0.9890485,True,0,0,0.0
0.99071336,True,0,0,16.0
0.99059474,True,7,7,6.0
0.99221873,True,8,8,0.0
0.9165556,True,5,5,-4.0
0.99279743,True,8,8,0.0
0.9910097,True,3,3,2.0
0.99216324,True,3,3,4.0
0.9936154,True,10,10,18.0
0.99083227,True,8,8,-6.0
0.9924642,True,7,7,-6.0
0.6414792,True,1,1,-2.0
0.9911835,True,7,7,2.0
0.67842984,True,1,1,0.0
0.9910958,True,6,6,8.0
0.9904912,True,7,7,16.0
0.67090714,False,10,1,2.0
0.8292102,True,7,7,-2.0
0.98979366,True,5,5,4.0
0.99205726,True,0,0,18.0
0.57574314,True,1,1,-2.0
0.99188036,True,7,7,4.0
0.9917142,True,6,6,-2.0
0.9060785,True,2,2,6.0
0.9416426,True,2,2,12.0
0.9930408,True,5,5,18.0
0.9903532,True,9,9,4.0
0.99027985,True,7,7,4.0
0.9902563,True,4,4,14.0
0.6917821,True,1,1,2.0
0.9586136,True,2,2,14.0
0.99309945,True,6,6,-2.0
0.5975654,True,1,1,2.0
0.441004,True,9,9,-6.0
0.55339223,True,1,1,6.0
0.6398798,True,10,10,-4.0
0.9937389,True,4,4,6.0
0.6761874,True,1,1,4.0
0.30810946,False,0,9,-6.0
0.9387295,True,9,9,4.0
0.99114007,True,8,8,8.0
0.8223548,True,7,7,2.0
0.99176437,True,5,5,14.0
0.99128854,True,6,6,0.0
0.99174035,True,3,3,8.0
0.9901839,True,3,3,12.0
0.98989946,True,3,3,14.0
0.97380644,True,4,4,-4.0
0.9880987,True,5,5,12.0
0.44691542,False,0,4,-4.0
0.5618799,True,1,1,6.0
0.9929012,True,6,6,6.0
0.90253925,True,2,2,18.0
0.99307936,True,8,8,4.0
0.9763772,True,5,5,-2.0
0.99244106,True,10,10,8.0
0.9921818,True,6,6,14.0
0.9908592,True,4,4,18.0
0.8881771,True,2,2,6.0
0.5716872,True,1,1,-6.0
0.9476393,True,2,2,-2.0
0.9908601,True,3,3,8.0
0.9883719,True,5,5,2.0
0.9166336,True,7,7,16.0
0.99037886,True,5,5,18.0
0.9232433,False,8,2,-4.0
0.99086624,True,3,3,14.0
0.570335,True,1,1,-6.0
0.98683363,True,5,5,-6.0
0.99558014,True,5,5,4.0
0.5376913,True,0,0,-6.0
0.9919803,True,7,7,12.0
0.993067,True,0,0,8.0
0.52629143,False,10,5,-4.0
0.9919572,True,9,9,6.0
0.95729285,True,2,2,6.0
0.8687192,True,4,4,-6.0
0.9281521,True,2,2,-4.0
0.99204636,True,4,4,0.0
0.99096656,True,0,0,2.0
0.99100983,True,0,0,6.0
0.5946061,False,10,1,14.0
0.5003447,False,0,9,-4.0
0.97782487,True,0,0,2.0
0.98890626,True,0,0,14.0
0.99229527,True,7,7,2.0
0.6636274,False,0,4,-6.0
0.94152135,True,2,2,6.0
0.99229527,True,8,8,-2.0
0.98996836,True,3,3,-4.0
0.98952407,True,0,0,10.0
0.97591406,True,8,8,14.0
0.99111474,True,7,7,8.0
0.9923471,True,7,7,16.0
0.99092335,True,3,3,16.0
0.99275583,True,4,4,0.0
0.9927898,True,0,0,4.0
0.9347478,True,2,2,-2.0
0.89588696,True,2,2,18.0
0.9826639,True,7,7,0.0
0.9916979,True,9,9,12.0
0.9907075,True,4,4,14.0
0.99157435,True,6,6,0.0
0.6599344,True,1,1,4.0
0.9902222,True,4,4,10.0
0.9864188,True,0,0,4.0
0.9934203,True,4,4,0.0
0.5624387,False,10,1,8.0
0.990604,True,0,0,0.0
0.9945897,True,5,5,10.0
0.9005791,True,2,2,14.0
0.64047885,True,1,1,4.0
0.99051976,True,6,6,10.0
0.99165666,True,6,6,18.0
0.51924866,True,1,1,-6.0
0.9887024,True,4,4,10.0
0.58195084,True,10,10,-6.0
0.99343914,True,6,6,8.0
0.9912574,True,5,5,10.0
0.99035877,True,7,7,0.0
0.9399519,True,2,2,0.0
0.6343095,False,3,0,-6.0
0.9920896,True,9,9,6.0
0.99171793,True,6,6,10.0
0.99453235,True,5,5,-2.0
0.56444824,False,7,8,6.0
0.99046105,True,3,3,16.0
0.9105799,True,2,2,14.0
0.9193137,True,3,3,-4.0
0.9899148,True,7,7,8.0
0.7954624,True,4,4,-6.0
0.99177235,True,4,4,10.0
0.9888314,True,3,3,-2.0
0.9906431,True,4,4,6.0
0.5584248,False,10,1,12.0
0.9922167,True,9,9,12.0
0.99105376,True,3,3,16.0
0.9535813,True,2,2,12.0
0.9176335,True,2,2,0.0
0.5651993,False,10,1,14.0
0.9923248,True,0,0,12.0
0.7711757,True,10,10,-4.0
0.99213505,True,0,0,6.0
0.6423671,True,7,7,-6.0
0.6684611,True,1,1,-4.0
0.99212766,True,4,4,2.0
0.9658381,True,5,5,-4.0
0.9899603,True,0,0,8.0
0.99238646,True,0,0,12.0
0.7908253,False,4,3,-6.0
0.99188966,True,5,5,6.0
0.76394624,False,0,9,-2.0
0.99262106,True,3,3,14.0
0.99605954,True,4,4,-2.0
0.5843086,False,10,1,12.0
0.63719213,False,10,1,4.0
0.99139494,True,4,4,12.0
0.9902186,True,8,8,2.0
0.9912339,True,7,7,10.0
0.8897378,False,9,2,16.0
0.99213105,True,3,3,4.0
0.9928052,True,8,8,12.0
0.586263,True,1,1,14.0
0.9915132,True,7,7,2.0
0.991288,True,4,4,0.0
0.9909649,True,5,5,8.0
0.99347985,True,9,9,14.0
0.5641029,True,1,1,8.0
0.7140293,False,10,1,16.0
0.9853479,True,4,4,14.0
0.988577,True,4,4,-6.0
0.99274033,True,4,4,6.0
0.99244785,True,9,9,0.0
0.9910341,True,7,7,14.0
0.99024814,True,9,9,4.0
0.95402604,False,3,2,6.0
0.99248177,True,6,6,2.0
0.5980076,False,10,1,10.0
0.9907767,True,3,3,16.0
0.99125916,True,3,3,8.0
0.92502004,True,1,1,16.0
0.6095209,False,8,7,6.0
0.99001884,True,6,6,-6.0
0.7157862,True,1,1,12.0
0.6672876,True,1,1,4.0
0.5554409,False,10,1,0.0
0.9901529,True,9,9,12.0
0.9905145,True,4,4,16.0
0.8443751,True,10,10,2.0
0.99233586,True,6,6,10.0
0.99136823,True,4,4,10.0
0.48799524,True,0,0,-4.0
0.9924487,True,6,6,18.0
0.99470335,True,5,5,0.0
0.9930782,True,4,4,0.0
0.9919111,True,0,0,8.0
0.99416995,True,8,8,0.0
0.77051264,True,3,3,-6.0
0.9909877,True,8,8,10.0
0.9937132,True,8,8,-4.0
0.62840956,False,10,1,-2.0
0.99144953,True,6,6,12.0
0.9920884,True,4,4,8.0
0.58116835,False,10,1,10.0
0.9935941,True,8,8,-4.0
0.59224534,True,1,1,16.0
0.9906094,True,3,3,8.0
0.5668385,True,1,1,10.0
0.9928894,True,9,9,12.0
0.9921747,True,0,0,10.0
0.9931104,True,9,9,14.0
0.9948201,True,3,3,0.0
0.9920476,True,3,3,6.0
0.9919858,True,3,3,14.0
0.34389248,True,9,9,-6.0
0.9926744,True,6,6,12.0
0.959926,True,2,2,2.0
0.99530184,True,10,10,10.0
0.94853896,False,0,2,18.0
0.9871743,True,4,4,18.0
0.9914589,True,4,4,2.0
0.55947465,True,1,1,10.0
0.9944787,True,5,5,-2.0
0.99258065,True,4,4,0.0
0.52586645,True,10,10,-2.0
0.9629342,True,2,2,-4.0
0.991276,True,3,3,18.0
0.9903532,True,3,3,14.0
0.7929644,True,2,2,8.0
0.992124,True,0,0,8.0
0.99201995,True,3,3,6.0
0.9916939,True,6,6,10.0
0.9900726,True,10,10,14.0
0.9553803,True,2,2,-6.0
0.56849295,True,1,1,14.0
0.99243003,True,7,7,16.0
0.9713022,True,2,2,-2.0
0.9945581,True,5,5,12.0
0.9921584,True,0,0,16.0
0.9581863,False,9,4,-4.0
0.9561158,True,2,2,16.0
0.99062765,True,4,4,2.0
0.9937831,True,6,6,18.0
0.9919104,True,9,9,2.0
0.9919335,True,3,3,12.0
0.8436711,True,2,2,-2.0
0.99039614,True,6,6,10.0
0.9926812,True,8,8,8.0
0.9243517,True,5,5,-6.0
0.98730147,True,6,6,0.0
0.99162453,True,0,0,4.0
0.8539934,True,10,10,-2.0
0.9923023,True,10,10,4.0
0.9930687,True,9,9,2.0
0.99171585,True,7,7,14.0
0.99017555,True,4,4,16.0
0.99164456,True,6,6,2.0
0.99371344,True,10,10,14.0
0.992967,True,6,6,0.0
0.9882614,True,4,4,-4.0
0.9913714,True,9,9,2.0
0.9579931,True,2,2,14.0
0.99123704,True,4,4,0.0
0.99098456,True,8,8,6.0
0.98958606,True,0,0,6.0
0.98313314,True,7,7,-2.0
0.99021786,True,7,7,8.0
0.9919893,True,3,3,6.0
0.98865473,True,6,6,-6.0
0.9928168,True,5,5,-4.0
0.54907024,False,10,1,2.0
0.5919306,True,1,1,12.0
0.68360215,True,2,2,18.0
0.9936195,True,5,5,10.0
0.9874521,True,4,4,16.0
0.56634176,False,10,1,10.0
0.9899005,True,0,0,0.0
0.9900359,True,3,3,16.0
0.9916095,True,6,6,14.0
0.9911726,True,6,6,18.0
0.9346145,False,0,2,0.0
0.95926374,True,4,4,-4.0
0.5237666,True,10,10,-6.0
0.87050587,True,0,0,0.0
0.98796296,True,0,0,16.0
0.9934848,True,5,5,8.0
0.91851366,True,8,8,-2.0
0.9917532,True,3,3,4.0
0.97841144,True,2,2,2.0
0.99270636,True,7,7,4.0
0.9312754,True,2,2,16.0
0.9913511,True,0,0,8.0
0.9936878,True,6,6,-4.0
0.990642,True,3,3,12.0
0.6381166,True,1,1,-4.0
0.90733826,True,2,2,18.0
0.99162877,True,3,3,6.0
0.74552166,True,10,10,12.0
0.97427136,True,10,10,4.0
0.990761,True,6,6,4.0
0.9919059,True,6,6,-2.0
0.98800033,True,7,7,10.0
0.57946664,True,1,1,-2.0
0.9904819,True,9,9,6.0
0.7722099,True,2,2,-2.0
0.94933975,True,2,2,6.0
0.9920019,True,9,9,16.0
0.99131596,True,6,6,0.0
0.9919139,True,6,6,16.0
0.9886536,True,5,5,-2.0
0.98128533,True,4,4,-6.0
0.657673,True,4,4,-6.0
0.9916577,True,5,5,18.0
0.5489973,True,1,1,-4.0
0.57953227,True,1,1,8.0
0.9914153,True,3,3,14.0
0.9906985,True,4,4,10.0
0.9904426,True,0,0,16.0
0.97825205,True,8,8,-2.0
0.989486,True,6,6,6.0
0.67289585,False,10,1,-4.0
0.48999256,False,5,10,-6.0
0.9918651,True,9,9,16.0
0.98512834,True,7,7,4.0
0.99333125,True,9,9,18.0
0.9901957,True,3,3,0.0
0.9912918,True,3,3,10.0
0.63786954,True,1,1,2.0
0.94410384,True,2,2,4.0
0.9916624,True,3,3,16.0
0.98984456,True,4,4,16.0
0.9926623,True,3,3,4.0
0.99325174,True,3,3,8.0
0.99416554,True,4,4,-4.0
0.87572426,True,0,0,-2.0
0.9921639,True,8,8,10.0
0.99438286,True,9,9,12.0
0.9913412,True,6,6,-2.0
0.99180037,True,8,8,16.0
0.9922619,True,9,9,14.0
0.9469438,True,0,0,-4.0
0.9920276,True,7,7,4.0
0.98879707,True,0,0,8.0
0.9918805,True,9,9,10.0
0.5744827,True,1,1,16.0
0.99185705,True,8,8,10.0
0.99122757,True,3,3,18.0
0.93203014,True,8,8,-2.0
0.99011457,True,6,6,4.0
0.5349038,False,10,1,-6.0
0.5768315,False,10,1,16.0
0.99253285,True,4,4,2.0
0.9273035,True,2,2,-2.0
0.86833835,True,0,0,-2.0
0.99045056,True,6,6,2.0
0.5795652,False,10,1,8.0
0.5742296,True,1,1,16.0
0.99098563,True,3,3,8.0
0.99169475,True,9,9,18.0
0.9899301,True,8,8,14.0
0.9915733,True,8,8,6.0
0.99201113,True,9,9,10.0
0.99002993,True,7,7,8.0
0.99097073,True,0,0,0.0
0.62923455,False,10,1,8.0
0.99225026,True,8,8,0.0
0.615808,False,10,1,8.0
0.98995084,True,7,7,16.0
0.99376386,True,3,3,0.0
0.9906928,True,8,8,4.0
0.9353102,True,2,2,18.0
0.95267594,True,9,9,-2.0
0.99297863,True,6,6,-6.0
0.99148834,True,7,7,14.0
0.9946749,True,5,5,4.0
0.9955493,True,5,5,18.0
0.5999564,True,1,1,14.0
0.99212426,True,3,3,18.0
0.9912225,True,8,8,-6.0
0.99202967,True,3,3,8.0
0.5918263,True,1,1,-4.0
0.96634096,True,2,2,-4.0
0.9904807,True,3,3,6.0
0.55143034,True,1,1,0.0
0.9922834,True,9,9,12.0
0.7415326,True,9,9,-6.0
0.96466744,True,2,2,4.0
0.6618981,True,1,1,16.0
0.9912106,True,9,9,10.0
0.9922501,True,5,5,-6.0
0.928255,True,2,2,6.0
0.9912565,True,0,0,14.0
0.7750733,False,0,3,-6.0
0.70323575,False,10,1,2.0
0.9917082,True,6,6,18.0
0.75691795,True,3,3,-2.0
0.99185354,True,4,4,12.0
0.9675725,True,2,2,16.0
0.950318,True,2,2,4.0
0.75677127,True,1,1,4.0
0.9911219,True,7,7,6.0
0.99143815,True,7,7,12.0
0.99138063,True,9,9,8.0
0.72770417,False,10,1,16.0
0.98769754,True,6,6,-6.0
0.7013345,True,1,1,6.0
0.99128366,True,0,0,16.0
0.5491095,True,0,0,-2.0
0.9798013,True,0,0,0.0
0.98797345,True,7,7,2.0
0.9902084,False,8,7,0.0
0.9921394,True,3,3,6.0
0.99162126,True,0,0,8.0
0.9915842,True,5,5,10.0
0.98909634,True,0,0,4.0
0.991852,True,6,6,18.0
0.99323833,True,8,8,6.0
0.98834246,True,5,5,-6.0
0.99228424,True,9,9,8.0
0.99218446,True,7,7,2.0
0.990573,True,0,0,14.0
0.9918839,True,9,9,2.0
0.9880662,True,7,7,8.0
0.99139154,True,3,3,18.0
0.99210125,True,4,4,18.0
0.9404112,True,2,2,0.0
0.97964156,True,7,7,-2.0
0.9061065,True,2,2,0.0
0.9934941,True,9,9,10.0
0.9866151,True,7,7,18.0
0.5829617,False,10,1,2.0
0.99059695,True,6,6,2.0
0.99211043,True,5,5,18.0
0.78776073,False,9,0,-2.0
0.9542484,True,2,2,4.0
0.99324787,True,3,3,-2.0
0.9946795,True,4,4,-2.0
0.8253013,True,2,2,-6.0
0.99184084,True,8,8,12.0
0.5653177,True,1,1,16.0
0.6904101,True,10,10,-6.0
0.8336017,True,3,3,-4.0
0.7031173,False,10,1,2.0
0.99173975,True,3,3,16.0
0.9905668,True,8,8,14.0
0.601285,False,9,0,-4.0
0.9391502,True,2,2,-6.0
0.9926063,True,9,9,14.0
0.6182993,True,1,1,-6.0
0.9917494,True,4,4,16.0
0.99214244,True,4,4,12.0
0.90668386,True,7,7,-4.0
0.99092746,True,9,9,16.0
0.7445282,True,1,1,14.0
0.9920878,True,0,0,2.0
0.9904563,True,0,0,6.0
0.58499646,True,1,1,12.0
0.9907004,True,8,8,18.0
0.9924114,True,6,6,16.0
0.9923609,True,7,7,8.0
0.9931599,True,9,9,18.0
0.9870952,True,0,0,2.0
0.97982866,True,5,5,-2.0
0.9917148,True,4,4,4.0
0.9921314,True,6,6,6.0
0.5632149,False,10,1,16.0
0.6988055,True,4,4,-6.0
0.99147063,True,4,4,-4.0
0.99484974,True,5,5,14.0
0.98950154,True,7,7,-2.0
0.55129707,False,10,1,8.0
0.9931312,True,9,9,0.0
0.5165251,False,10,1,-4.0
0.58608574,False,10,1,4.0
0.9481804,True,2,2,18.0
0.99049485,True,6,6,18.0
0.99296266,True,3,3,18.0
0.9900101,True,7,7,2.0
0.99103874,True,3,3,10.0
0.99557686,True,3,3,-2.0
0.9917605,True,0,0,12.0
0.9911343,True,9,9,2.0
0.5698583,True,1,1,6.0
0.99504507,True,5,5,14.0
0.56753755,False,10,1,2.0
0.99191004,True,6,6,16.0
0.60740924,True,1,1,8.0
0.6194384,False,10,1,6.0
0.990858,True,6,6,6.0
0.98851645,True,7,7,-2.0
0.8874072,True,8,8,-6.0
0.9918074,True,0,0,4.0
0.99240816,True,0,0,10.0
0.98799556,True,0,0,0.0
0.9921228,True,6,6,14.0
0.74230003,True,2,2,14.0
0.9918784,True,8,8,10.0
0.9919932,True,0,0,6.0
0.9886735,True,3,3,-2.0
0.7024529,True,5,5,0.0
0.9920736,True,6,6,12.0
0.9833877,True,7,7,6.0
0.59923786,False,3,2,-6.0
0.8990471,True,2,2,-2.0
0.95298785,True,5,5,-4.0
0.9920535,True,6,6,0.0
0.6392503,True,1,1,0.0
0.9917346,True,6,6,8.0
0.974414,True,2,2,14.0
0.9922599,True,5,5,16.0
0.98257667,True,3,3,-4.0
0.9929986,True,10,10,12.0
0.9868009,True,5,5,0.0
0.49980196,False,10,1,-4.0
0.9907872,True,4,4,8.0
0.96954936,True,2,2,-2.0
0.54198366,True,1,1,-4.0
0.9902458,True,10,10,14.0
0.5808617,True,1,1,16.0
0.8138981,True,2,2,14.0
0.57582515,True,1,1,14.0
0.9442475,True,0,0,0.0
0.67480946,True,1,1,2.0
0.5837616,True,1,1,4.0
0.57554287,True,1,1,14.0
0.9903199,True,6,6,6.0
0.99149126,True,6,6,6.0
0.63712025,False,4,5,-4.0
0.99396235,True,8,8,-4.0
0.6883224,True,3,3,-4.0
0.9582705,True,2,2,0.0
0.65134823,True,1,1,-6.0
0.9931866,True,8,8,4.0
0.6832407,False,4,5,-6.0
0.9906983,True,8,8,6.0
0.99330854,True,4,4,18.0
0.9873533,True,8,8,2.0
0.990902,True,4,4,8.0
0.9918224,True,7,7,16.0
0.991557,True,5,5,14.0
0.9901676,True,7,7,14.0
0.9927683,True,4,4,-2.0
0.9918079,True,6,6,14.0
0.99122757,True,9,9,16.0
0.9928779,True,6,6,14.0
0.98301446,True,7,7,12.0
0.99126095,True,6,6,-2.0
0.99396616,True,5,5,18.0
0.97119987,False,9,3,-4.0
0.99605286,True,3,3,0.0
0.9918709,True,6,6,2.0
0.9911028,True,4,4,8.0
0.9933027,True,9,9,0.0
0.9915114,True,6,6,6.0
0.99344724,True,6,6,-4.0
0.50496286,True,0,0,-6.0
0.98996687,True,6,6,-2.0
0.9907837,True,6,6,-4.0
0.9924103,True,3,3,14.0
0.47132465,True,0,0,2.0
0.9927758,True,8,8,8.0
0.6592068,False,10,1,4.0
0.73443294,True,1,1,16.0
0.99235755,True,4,4,8.0
0.99358714,True,8,8,10.0
0.9681782,True,2,2,10.0
0.99195576,True,3,3,16.0
0.9912965,True,5,5,16.0
0.8949356,True,10,10,16.0
0.80167824,True,5,5,-4.0
0.9910404,True,3,3,12.0
0.8893398,True,5,5,-4.0
0.99268675,True,6,6,4.0
0.6787198,True,1,1,-2.0
0.9922261,True,6,6,-4.0
0.9902519,True,8,8,16.0
0.99020326,True,0,0,18.0
0.96623904,True,2,2,6.0
0.9881467,True,8,8,-4.0
0.9910369,True,9,9,2.0
0.98378676,True,6,6,-6.0
0.99173826,True,6,6,12.0
0.71256626,False,10,1,6.0
0.99310726,True,4,4,-2.0
0.9922334,True,9,9,16.0
0.9923896,True,8,8,16.0
0.99226695,True,0,0,2.0
0.9909671,True,8,8,4.0
0.990008,True,4,4,8.0
0.75625485,True,1,1,16.0
0.99348676,True,10,10,4.0
0.9579947,True,2,2,8.0
0.79968935,True,0,0,-4.0
0.9968459,True,10,10,2.0
0.5970512,False,10,1,10.0
0.9929992,True,9,9,18.0
0.9909334,True,8,8,6.0
0.5704496,False,1,10,-6.0
0.31577438,True,2,2,-6.0
0.5677141,True,1,1,0.0
0.3562728,False,4,2,-6.0
0.991021,True,9,9,4.0
0.99126774,True,8,8,16.0
0.99351996,True,6,6,12.0
0.9918166,True,3,3,16.0
0.9913272,True,8,8,6.0
0.6841209,True,1,1,10.0
0.99224335,True,6,6,16.0
0.87479436,True,2,2,-4.0
0.9895147,True,10,10,18.0
0.5988993,True,1,1,18.0
0.9919363,True,5,5,18.0
0.992301,True,6,6,6.0
0.6652105,True,1,1,0.0
0.9923097,True,7,7,2.0
0.99259865,True,3,3,0.0
0.99254066,True,8,8,-2.0
0.99100846,True,4,4,16.0
0.9906188,True,0,0,14.0
0.9919884,True,4,4,4.0
0.98994523,True,7,7,18.0
0.9059106,True,8,8,-6.0
0.9798237,True,5,5,6.0
0.5738596,True,1,1,12.0
0.97904646,True,8,8,10.0
0.5527192,True,3,3,-6.0
0.9917156,True,8,8,12.0
0.9897827,True,7,7,18.0
0.9923773,True,6,6,14.0
0.99164927,True,8,8,18.0
0.9910711,True,5,5,8.0
0.99172956,True,8,8,14.0
0.9510902,True,2,2,0.0
0.9915925,True,6,6,-6.0
0.99124604,True,4,4,18.0
0.9878229,True,3,3,14.0
0.99391127,True,9,9,14.0
0.5801011,False,10,1,10.0
0.9930248,True,6,6,-4.0
0.92627966,True,2,2,-4.0
0.5707284,True,1,1,16.0
0.9592178,True,2,2,12.0
0.99224806,True,0,0,10.0
0.9909581,True,8,8,12.0
0.9931492,True,9,9,16.0
0.9926495,True,5,5,-2.0
0.99076957,True,6,6,0.0
0.99269474,True,0,0,0.0
0.994052,True,5,5,18.0
0.9915149,True,4,4,4.0
0.99369824,True,4,4,0.0
0.99272835,True,0,0,4.0
0.96739566,True,2,2,0.0
0.99104077,True,9,9,4.0
0.99336,True,5,5,18.0
0.9947214,True,4,4,-2.0
0.99021685,True,3,3,12.0
0.9914302,True,0,0,16.0
0.64464,False,2,0,0.0
0.9084132,True,6,6,-6.0
0.50567585,True,4,4,-4.0
0.59709877,True,1,1,2.0
0.9483307,False,3,2,2.0
0.8240752,True,1,1,12.0
0.9913249,True,6,6,6.0
0.9905938,True,6,6,10.0
0.98249006,True,3,3,-4.0
0.59532803,True,10,10,-6.0
0.99627244,True,5,5,4.0
0.6094908,False,9,0,-4.0
0.9907318,True,4,4,0.0
0.99134916,True,5,5,4.0
0.56701833,True,1,1,16.0
0.9908454,True,3,3,16.0
0.6873951,False,10,1,4.0
0.9893967,True,7,7,14.0
0.99368083,True,0,0,4.0
0.8904933,False,8,7,-4.0
0.99183756,True,0,0,8.0
0.9928289,True,9,9,4.0
0.9905353,True,5,5,8.0
0.99223095,True,6,6,-4.0
0.9417202,True,2,2,18.0
0.59563774,True,1,1,-2.0
0.9919774,True,9,9,8.0
0.9453456,True,2,2,2.0
0.98913527,True,9,9,-2.0
0.99073386,True,7,7,8.0
0.5833849,False,10,1,-6.0
0.9920879,True,8,8,18.0
0.9902354,True,4,4,16.0
0.9924229,True,0,0,12.0
0.5804899,False,10,1,0.0
0.9523195,True,2,2,16.0
0.898166,True,10,10,18.0
0.6485205,True,1,1,-4.0
0.9874923,True,0,0,0.0
0.95164233,True,2,2,-2.0
0.5510071,False,10,1,-4.0
0.5249196,False,8,7,-4.0
0.66266006,True,7,7,-2.0
0.9801058,True,4,4,-4.0
0.98427874,True,0,0,10.0
0.98300695,True,8,8,0.0
0.9913288,True,4,4,0.0
0.9897315,True,5,5,8.0
0.92666763,True,2,2,-2.0
0.99102634,True,3,3,18.0
0.9921434,True,0,0,6.0
0.88048154,True,2,2,4.0
0.9911895,True,3,3,8.0
0.994396,True,5,5,14.0
0.52716774,True,1,1,-2.0
0.9477013,True,2,2,-2.0
0.9939904,True,8,8,-4.0
0.96709174,True,4,4,-4.0
0.46500662,False,9,4,-2.0
0.99147403,True,6,6,4.0
0.98987246,True,4,4,16.0
0.99002296,True,8,8,6.0
0.99044025,True,0,0,0.0
0.9619802,True,7,7,6.0
0.9909819,True,6,6,-4.0
0.9859519,True,7,7,4.0
0.9917651,True,3,3,8.0
0.99325484,True,5,5,8.0
0.99076813,True,6,6,10.0
0.9115049,True,6,6,-6.0
0.99128354,True,8,8,14.0
0.59100527,True,1,1,10.0
0.57685554,False,10,1,14.0
0.8928533,True,6,6,-6.0
0.99001443,True,0,0,4.0
0.98976797,True,4,4,8.0
0.9916164,True,8,8,8.0
0.9136102,True,7,7,-4.0
0.97922415,True,5,5,-2.0
0.98409915,True,8,8,-2.0
0.9905246,True,0,0,10.0
0.99198055,True,3,3,6.0
0.9914723,True,9,9,2.0
0.93651974,True,2,2,0.0
0.6854082,True,1,1,8.0
0.9915452,True,10,10,14.0
0.94383574,True,2,2,12.0
0.9912356,True,0,0,6.0
0.9865232,True,5,5,-2.0
0.68930674,True,1,1,4.0
0.9939446,True,5,5,6.0
0.77118015,True,7,7,-6.0
0.9907616,True,3,3,8.0
0.68401617,False,10,1,4.0
0.96697503,True,7,7,18.0
0.9925299,True,9,9,12.0
0.9891166,True,4,4,14.0
0.99436873,True,5,5,12.0
0.5618382,False,7,8,0.0
0.990476,True,6,6,-2.0
0.9934645,True,3,3,12.0
0.9924879,True,7,7,8.0
0.97471255,True,7,7,12.0
0.98832524,True,3,3,8.0
0.99167424,True,6,6,-4.0
0.90429527,False,0,2,-6.0
0.99234396,True,7,7,18.0
0.7181084,True,4,4,-4.0
0.9919918,True,3,3,14.0
0.9915244,True,0,0,12.0
0.586248,True,1,1,8.0
0.673676,True,1,1,-6.0
0.98583454,True,3,3,-2.0
0.99316335,True,6,6,10.0
0.74668515,False,10,1,-6.0
0.7685069,True,1,1,12.0
0.9918023,True,4,4,12.0
0.99119663,True,0,0,12.0
0.9732022,True,7,7,0.0
0.9907582,True,3,3,6.0
0.99207544,True,6,6,0.0
0.9894079,True,9,9,4.0
0.9898233,True,9,9,0.0
0.9916358,True,0,0,16.0
0.99306023,True,5,5,16.0
0.9902534,True,5,5,8.0
0.6284397,True,1,1,4.0
0.99151105,True,6,6,4.0
0.31406006,False,3,9,-6.0
0.99098045,True,3,3,2.0
0.57947856,True,0,0,-6.0
0.9925411,True,0,0,12.0
0.99183804,True,0,0,14.0
0.9906996,True,4,4,12.0
0.9633483,True,2,2,14.0
0.5574066,True,1,1,8.0
0.5796815,True,1,1,2.0
0.98396873,True,7,7,8.0
0.995742,True,5,5,8.0
0.98942554,True,7,7,14.0
0.9215411,True,2,2,0.0
0.98963016,True,0,0,2.0
0.99286735,True,5,5,0.0
0.99465996,True,5,5,2.0
0.6968227,True,1,1,10.0
0.9924689,True,0,0,14.0
0.9636253,True,4,4,-6.0
0.98704845,True,4,4,14.0
0.9869257,True,7,7,18.0
0.9700686,True,3,3,-4.0
0.9919065,True,3,3,2.0
0.9907911,True,4,4,6.0
0.96480066,True,2,2,2.0
0.99463344,True,4,4,-2.0
0.50466466,False,0,9,-4.0
0.9949961,True,5,5,0.0
0.5919031,False,10,1,-2.0
0.9678748,True,2,2,-6.0
0.94262654,True,1,1,16.0
0.9490809,True,2,2,14.0
0.99484044,True,10,10,18.0
0.95367527,True,2,2,-6.0
0.9918142,True,3,3,14.0
0.94761616,True,2,2,0.0
0.9951308,True,5,5,-4.0
0.9930757,True,5,5,10.0
0.9911442,True,8,8,10.0
0.9895056,True,5,5,-4.0
0.9910383,True,4,4,18.0
0.99105525,True,10,10,12.0
0.99443805,True,4,4,0.0
0.9606522,True,2,2,18.0
0.9932127,True,6,6,8.0
0.9595311,True,2,2,2.0
0.9793514,True,5,5,2.0
0.99375266,True,5,5,14.0
0.991772,True,9,9,14.0
0.98953784,True,7,7,8.0
0.9925702,True,8,8,6.0
0.7893502,False,0,3,-4.0
0.9901462,True,4,4,6.0
0.7920088,True,2,2,-6.0
0.9906956,True,8,8,12.0
0.7183491,False,10,1,-2.0
0.9857265,True,3,3,-2.0
0.91324824,True,7,7,4.0
0.99061334,True,4,4,18.0
0.8904069,True,7,7,-4.0
0.992663,True,8,8,8.0
0.57124484,False,10,1,16.0
0.9912896,True,6,6,10.0
0.9871082,True,3,3,0.0
0.9908528,True,4,4,14.0
0.94788706,True,2,2,-4.0
0.9200201,True,4,4,-2.0
0.9931805,True,6,6,4.0
0.73055273,False,10,1,0.0
0.5682307,True,1,1,16.0
0.9029337,True,2,2,-4.0
0.99168944,True,6,6,10.0
0.6187528,False,9,4,-6.0
0.9914886,True,4,4,0.0
0.9923504,True,4,4,-2.0
0.9354878,True,2,2,10.0
0.25379336,True,2,2,0.0
0.5692584,True,1,1,16.0
0.9172751,True,2,2,16.0
0.9913254,True,9,9,6.0
0.76361555,True,2,2,4.0
0.54448104,False,10,1,0.0
0.9953784,True,3,3,0.0
0.9923213,True,0,0,2.0
0.55586755,True,1,1,8.0
0.9412843,True,2,2,14.0
0.9901619,True,0,0,4.0
0.9591444,True,2,2,-2.0
0.9924631,True,6,6,10.0
0.51850134,False,0,9,-4.0
0.96056306,True,2,2,14.0
0.9491331,True,2,2,2.0
0.9926918,True,6,6,-4.0
0.98955137,True,3,3,12.0
0.56845534,False,10,1,10.0
0.987815,True,8,8,2.0
0.9924867,True,3,3,-2.0
0.95408183,True,2,2,18.0
0.99091446,True,4,4,16.0
0.40647426,False,9,0,-6.0
0.98195803,True,6,6,-6.0
0.95120203,True,2,2,18.0
0.9258936,True,2,2,2.0
0.99238867,True,9,9,8.0
0.9825013,True,5,5,-4.0
0.9315358,True,7,7,-2.0
0.52922714,False,7,0,-6.0
0.6716981,True,1,1,-2.0
0.9903432,True,0,0,10.0
0.99147594,True,4,4,10.0
0.6252012,True,9,9,-6.0
0.9913157,True,7,7,12.0
0.5872296,True,10,10,-6.0
0.5793626,True,1,1,-4.0
0.9919395,True,0,0,6.0
0.5743894,True,1,1,16.0
0.9892681,True,0,0,16.0
0.5766386,True,1,1,0.0
0.67951506,True,1,1,-4.0
0.9251833,True,2,2,14.0
0.9903728,True,6,6,8.0
0.78470355,True,2,2,-4.0
0.6517556,True,1,1,4.0
0.86301076,True,2,2,12.0
0.991779,True,0,0,12.0
0.61338097,True,1,1,4.0
0.76782644,True,8,8,-6.0
0.99030757,True,6,6,12.0
0.9631144,True,5,5,-6.0
0.9880584,True,7,7,2.0
0.94656044,True,2,2,18.0
0.9366944,True,2,2,0.0
0.98624474,True,8,8,6.0
0.49218988,True,3,3,-4.0
0.992149,True,7,7,4.0
0.9921759,True,8,8,-2.0
0.99177927,True,8,8,14.0
0.98991525,True,7,7,18.0
0.5806434,True,1,1,12.0
0.99365705,True,8,8,-6.0
0.9914239,True,8,8,8.0
0.9935307,True,9,9,18.0
0.8368946,True,5,5,-4.0
0.99250776,True,3,3,14.0
0.9905371,True,7,7,2.0
0.9917366,True,9,9,10.0
0.99265563,True,3,3,2.0
0.9899468,True,4,4,-2.0
0.56367046,False,10,1,18.0
0.55219465,False,9,0,-6.0
0.56730944,True,5,5,-4.0
0.99048656,True,6,6,12.0
0.53901726,True,4,4,-4.0
0.99056,True,3,3,16.0
0.9934325,True,0,0,10.0
0.5620233,False,10,1,12.0
0.99141884,True,4,4,12.0
0.5717303,False,10,5,-6.0
0.98949707,True,8,8,10.0
0.9191371,True,2,2,2.0
0.9389036,True,0,0,-2.0
0.98425335,True,7,7,-6.0
0.9917631,True,0,0,4.0
0.9906641,True,0,0,6.0
0.60035425,True,1,1,-6.0
0.9912214,True,7,7,8.0
0.9894572,True,4,4,4.0
0.9929281,True,3,3,4.0
0.9929844,True,3,3,0.0
0.99154013,True,3,3,16.0
0.98986596,True,8,8,-4.0
0.92124325,True,2,2,-2.0
0.9885799,True,5,5,-6.0
0.99249214,True,4,4,0.0
0.9922621,True,4,4,6.0
0.9931083,True,0,0,12.0
0.99131924,True,8,8,6.0
0.98995084,True,6,6,-6.0
0.56808615,True,1,1,6.0
0.6281536,False,10,1,-4.0
0.70235384,True,1,1,14.0
0.990875,True,6,6,8.0
0.99015754,True,8,8,14.0
0.6397142,False,10,1,18.0
0.5608514,False,10,1,8.0
0.9824583,True,8,8,6.0
0.99148107,True,4,4,16.0
0.54161286,False,9,0,-6.0
0.99153614,True,8,8,2.0
0.990062,True,5,5,2.0
0.99338454,True,9,9,2.0
0.99137306,True,9,9,8.0
0.99319834,True,9,9,4.0
0.99137515,True,3,3,2.0
0.56107885,False,5,1,-2.0
0.99133146,True,9,9,4.0
0.99151444,True,6,6,16.0
0.48360637,False,4,9,-6.0
0.99180615,True,9,9,12.0
0.64969546,True,1,1,14.0
0.9918121,True,8,8,14.0
0.8372163,False,5,10,-4.0
0.99096346,True,0,0,8.0
0.99139434,True,8,8,16.0
0.990207,True,3,3,8.0
0.83600116,True,1,1,18.0
0.9396878,True,2,2,8.0
0.48543426,False,0,4,-6.0
0.9902148,True,4,4,16.0
0.7260068,True,7,7,0.0
0.9907136,True,9,9,8.0
0.99223495,True,4,4,10.0
0.883305,True,2,2,14.0
0.9915202,True,3,3,12.0
0.98758197,True,7,7,-6.0
0.99378586,True,10,10,10.0
0.991915,True,9,9,10.0
0.44056523,False,2,3,16.0
0.9929004,True,3,3,12.0
0.9917454,True,5,5,8.0
0.99006104,True,3,3,14.0
0.98913515,True,4,4,12.0
0.588664,True,1,1,6.0
0.94627255,True,2,2,0.0
0.6473767,False,10,1,8.0
0.99223083,True,3,3,4.0
0.9915998,True,6,6,8.0
0.9867835,True,0,0,10.0
0.9911543,True,7,7,12.0
0.971032,True,0,0,-2.0
0.98520666,True,7,7,0.0
0.993958,True,5,5,18.0
0.9840717,True,7,7,0.0
0.9882245,True,10,10,14.0
0.9883938,True,7,7,8.0
0.99254143,True,0,0,14.0
0.5985191,True,9,9,-2.0
0.97809076,True,7,7,0.0
0.9790082,True,7,7,10.0
0.99101627,True,6,6,0.0
0.64377874,True,1,1,16.0
0.99352056,True,9,9,18.0
0.993541,True,5,5,4.0
0.98667485,True,2,2,14.0
0.9894595,True,10,10,18.0
0.99101174,True,8,8,14.0
0.9904604,True,5,5,10.0
0.6068052,True,1,1,14.0
0.98921776,True,5,5,16.0
0.52567136,False,10,1,-2.0
0.7965407,True,2,2,4.0
0.9929443,True,9,9,14.0
0.968642,True,6,6,0.0
0.9914589,True,8,8,8.0
0.5505296,True,10,10,-4.0
0.99137974,True,7,7,18.0
0.64335746,False,10,1,4.0
0.9715943,True,6,6,-4.0
0.9758779,True,8,8,12.0
0.9904047,True,4,4,2.0
0.99033993,True,5,5,16.0
0.9915535,True,0,0,18.0
0.9925316,True,5,5,16.0
0.9918208,True,9,9,6.0
0.940814,True,4,4,-2.0
0.6012207,True,1,1,4.0
0.5098774,False,1,10,-2.0
0.9935601,True,3,3,14.0
0.9910471,True,4,4,10.0
0.993871,True,3,3,-2.0
0.99268734,True,9,9,4.0
0.3487213,False,0,2,-6.0
0.9922333,True,6,6,6.0
0.99056655,True,8,8,0.0
0.9935521,True,0,0,6.0
0.854804,True,7,7,0.0
0.9894426,True,0,0,14.0
0.7480012,True,10,10,6.0
0.9922576,True,0,0,18.0
0.9921886,True,4,4,10.0
0.9886164,True,4,4,18.0
0.5907242,False,10,1,4.0
0.98589677,True,3,3,-2.0
0.5796912,False,10,1,16.0
0.9940217,True,3,3,0.0
0.9892386,True,6,6,-6.0
0.5659551,False,10,1,-2.0
0.9799498,True,7,7,-2.0
0.9907459,True,6,6,0.0
0.9919848,True,7,7,4.0
0.9936853,True,9,9,10.0
0.9876725,True,7,7,6.0
0.5905868,False,10,1,0.0
0.7401434,False,10,1,-6.0
0.98938507,True,7,7,-2.0
0.97727555,True,7,7,0.0
0.9900587,True,7,7,8.0
0.94922286,True,8,8,0.0
0.98976034,True,0,0,16.0
0.6738305,False,10,1,14.0
0.57459563,True,1,1,12.0
0.5113704,False,3,9,-4.0
0.99127126,True,4,4,4.0
0.99303573,True,9,9,8.0
0.5669843,True,1,1,14.0
0.98963517,True,7,7,6.0
0.9895153,True,8,8,14.0
0.96943855,True,0,0,2.0
0.48833534,True,0,0,-2.0
0.9304432,True,2,2,8.0
0.99198884,True,5,5,14.0
0.9916421,True,0,0,2.0
0.99051136,True,3,3,0.0
0.94579256,True,7,7,-2.0
0.9899691,True,8,8,-6.0
0.94378483,True,2,2,16.0
0.6117143,False,2,9,16.0
0.5381156,True,1,1,-2.0
0.99242604,True,6,6,16.0
0.5928452,True,1,1,4.0
0.6317945,True,1,1,4.0
0.56092227,True,1,1,2.0
0.98939484,True,4,4,6.0
0.99287605,True,9,9,8.0
0.9904999,True,3,3,10.0
0.9917286,True,6,6,4.0
0.9908565,True,7,7,-4.0
0.98927736,True,0,0,18.0
0.99161947,True,9,9,2.0
0.9909565,True,3,3,14.0
0.6571671,True,1,1,-4.0
0.9034685,True,2,2,-4.0
0.99268615,True,9,9,14.0
0.993739,True,9,9,14.0
0.9917862,True,3,3,8.0
0.9935406,True,9,9,18.0
0.9905566,True,4,4,14.0
0.99258375,True,6,6,-4.0
0.9929717,True,9,9,10.0
0.9944957,True,5,5,12.0
0.580687,True,1,1,16.0
0.97614527,True,7,7,12.0
0.9914834,True,3,3,10.0
0.9906345,True,0,0,18.0
0.9912128,True,8,8,10.0
0.9920121,True,3,3,4.0
0.5677821,True,1,1,16.0
0.9926252,True,8,8,0.0
0.5646047,False,10,1,4.0
0.50229764,True,3,3,-4.0
0.9723961,True,2,2,-4.0
0.98999757,True,5,5,16.0
0.99357843,True,3,3,4.0
0.9822004,True,3,3,16.0
0.5752383,False,10,1,10.0
0.9760534,True,7,7,4.0
0.5800267,True,1,1,16.0
0.9907684,True,8,8,12.0
0.9918066,True,9,9,4.0
0.9905641,True,4,4,12.0
0.5848729,True,1,1,16.0
0.9920948,True,0,0,14.0
0.99377054,True,6,6,-4.0
0.99379325,True,10,10,6.0
0.99351585,True,9,9,4.0
0.94793695,False,3,2,-6.0
0.6628411,True,1,1,18.0
0.6865901,True,10,10,0.0
0.97855103,True,0,0,0.0
0.9909809,True,7,7,6.0
0.99109155,True,5,5,18.0
0.9926906,True,3,3,4.0
0.99182093,True,7,7,16.0
0.99035597,True,6,6,18.0
0.9781552,True,7,7,-2.0
0.49699786,True,9,9,-4.0
0.95873815,True,2,2,-4.0
0.9436602,True,8,8,8.0
0.988704,True,0,0,4.0
0.99170035,True,8,8,2.0
0.99295557,True,9,9,16.0
0.99236274,True,3,3,-2.0
0.9880453,True,0,0,14.0
0.57842374,True,2,2,0.0
0.99048084,True,10,10,16.0
0.5386679,False,10,1,2.0
0.97877216,True,2,2,2.0
0.9909904,True,5,5,-6.0
0.99135625,True,3,3,0.0
0.99190545,True,9,9,14.0
0.99103326,True,0,0,2.0
0.9913447,True,6,6,4.0
0.98853916,True,7,7,16.0
0.567042,False,10,1,12.0
0.9897307,True,5,5,8.0
0.99377584,True,8,8,12.0
0.9913913,True,3,3,4.0
0.96352303,True,4,4,-2.0
0.99320036,True,9,9,0.0
0.9072727,True,2,2,10.0
0.9909581,True,6,6,2.0
0.991147,True,4,4,8.0
0.99319893,True,8,8,4.0
0.99205106,True,0,0,10.0
0.536579,True,5,5,-2.0
0.992673,True,6,6,16.0
0.99310255,True,8,8,-2.0
0.9857392,True,7,7,4.0
0.98935145,True,5,5,4.0
0.5623734,False,10,1,12.0
0.9927825,True,6,6,14.0
0.90977,True,2,2,4.0
0.992515,True,9,9,2.0
0.5416754,False,9,0,0.0
0.9257915,True,10,10,-2.0
0.9901157,True,3,3,8.0
0.9816921,True,6,6,-6.0
0.99314535,True,9,9,14.0
0.99265033,True,5,5,12.0
0.5591932,False,1,10,-4.0
0.9940659,True,3,3,-2.0
0.98948157,True,4,4,10.0
0.9931184,True,5,5,14.0
0.9904212,True,5,5,8.0
0.5665103,False,10,1,18.0
0.96216005,True,2,2,-4.0
0.99442923,True,5,5,-2.0
0.8289601,True,1,1,16.0
0.9892755,True,0,0,12.0
0.9217353,True,10,10,-2.0
0.9367456,True,2,2,8.0
0.99026567,True,3,3,14.0
0.48124617,True,0,0,-2.0
0.99342793,True,5,5,-2.0
0.4730824,False,0,4,-2.0
0.48629948,False,3,0,-6.0
0.9916102,True,7,7,16.0
0.990697,True,6,6,12.0
0.9930709,True,0,0,14.0
0.9919125,True,9,9,6.0
0.6183562,True,1,1,-2.0
0.99064285,True,7,7,0.0
0.60300696,True,1,1,-4.0
0.99146855,True,4,4,6.0
0.9927906,True,9,9,16.0
0.47972158,False,4,9,-6.0
0.9912282,True,0,0,4.0
0.9916448,True,3,3,4.0
0.9905543,True,3,3,2.0
0.6723585,False,0,9,-4.0
0.5611314,True,1,1,8.0
0.9366557,False,7,8,-2.0
0.99160975,True,5,5,12.0
0.99223137,True,5,5,12.0
0.9924521,True,9,9,14.0
0.9915911,True,4,4,6.0
0.9150301,True,2,2,14.0
0.99149984,True,6,6,14.0
0.9911171,True,6,6,2.0
0.60941225,True,7,7,-4.0
0.54533285,True,8,8,18.0
0.5695549,True,1,1,16.0
0.9914027,True,9,9,4.0
0.48642018,False,5,1,-4.0
0.98967326,True,6,6,18.0
0.9918298,True,3,3,14.0
0.99185055,True,4,4,14.0
0.99129033,True,3,3,18.0
0.96762776,True,2,2,6.0
0.5949335,True,1,1,2.0
0.9869856,True,8,8,14.0
0.66394943,True,1,1,10.0
0.98974633,True,5,5,14.0
0.9888777,True,0,0,16.0
0.9126634,False,7,2,6.0
0.58208907,True,0,0,-4.0
0.56765074,True,1,1,14.0
0.93487424,True,4,4,-4.0
0.99208564,True,4,4,14.0
0.7067868,True,1,1,14.0
0.9962496,True,5,5,2.0
0.8161284,True,9,9,-2.0
0.9945538,True,8,8,-4.0
0.56306255,False,10,1,-2.0
0.42693868,True,9,9,-6.0
0.9914334,True,7,7,12.0
0.9895309,True,8,8,8.0
0.9925242,True,6,6,-6.0
0.99016273,True,5,5,2.0
0.99185866,True,8,8,16.0
0.8573215,True,4,4,-6.0
0.9927838,True,6,6,16.0
0.9971379,True,10,10,0.0
0.9914765,True,7,7,14.0
0.56888103,False,10,1,8.0
0.99195695,True,4,4,18.0
0.9900816,True,4,4,8.0
0.6323687,True,3,3,-6.0
0.9925196,True,7,7,4.0
0.99286664,True,9,9,10.0
0.9205127,False,7,2,-2.0
0.99197644,True,4,4,14.0
0.9666049,True,2,2,-6.0
0.98936975,True,4,4,14.0
0.71493316,True,1,1,-2.0
0.53609884,False,10,1,-2.0
0.9904688,True,8,8,18.0
0.84256166,False,0,4,-4.0
0.98508924,True,8,8,-6.0
0.99145186,True,8,8,6.0
0.5734419,False,10,1,14.0
0.5756506,True,1,1,18.0
0.9905668,True,3,3,14.0
0.98884225,True,7,7,10.0
0.99179876,True,6,6,16.0
0.97140086,True,7,7,-4.0
0.5761783,False,10,1,12.0
0.9934273,True,9,9,0.0
0.9896746,True,4,4,14.0
0.9921002,True,7,7,14.0
0.95035726,True,2,2,18.0
0.99269134,True,10,10,10.0
0.9925126,True,7,7,2.0
0.9917183,True,4,4,-6.0
0.9918281,True,6,6,16.0
0.9939996,True,8,8,-4.0
0.99264574,True,5,5,8.0
0.994009,True,5,5,12.0
0.9896842,True,5,5,6.0
0.9918853,True,4,4,4.0
0.9914641,True,3,3,4.0
0.9834615,True,8,8,2.0
0.77098393,True,1,1,4.0
0.9924776,True,4,4,6.0
0.93578064,False,7,8,-4.0
0.99280095,True,0,0,14.0
0.33356023,True,2,2,8.0
0.92200977,True,2,2,2.0
0.99223983,True,3,3,14.0
0.92908496,True,10,10,14.0
0.9921713,True,6,6,16.0
0.99079037,True,3,3,16.0
0.59039676,True,8,8,-6.0
0.35672992,True,0,0,-6.0
0.9896713,True,4,4,6.0
0.9902817,True,3,3,10.0
0.9920494,True,9,9,18.0
0.9911011,True,4,4,2.0
0.9924616,True,6,6,0.0
0.99154764,True,6,6,14.0
0.98770905,True,4,4,8.0
0.78373724,False,8,2,16.0
0.9889186,True,0,0,8.0
0.9913278,True,6,6,2.0
0.85898423,True,2,2,6.0
0.993363,True,0,0,2.0
0.9899393,True,7,7,0.0
0.99284667,True,4,4,2.0
0.9917257,True,8,8,8.0
0.5377952,True,9,9,0.0
0.99010617,True,7,7,10.0
0.9895621,True,7,7,16.0
0.99084234,True,6,6,-2.0
0.84843254,True,0,0,-2.0
0.9899038,False,3,6,2.0
0.93722457,True,2,2,0.0
0.98225695,True,2,2,0.0
0.5541585,False,10,1,0.0
0.9874736,True,7,7,-2.0
0.99240124,True,8,8,12.0
0.99203366,True,7,7,4.0
0.994218,True,3,3,0.0
0.9902457,True,4,4,16.0
0.9815027,True,7,7,14.0
0.99120027,True,0,0,6.0
0.99170977,True,7,7,6.0
0.9683538,False,9,0,0.0
0.9909793,True,4,4,6.0
0.9903286,True,4,4,16.0
0.7244929,True,1,1,18.0
0.57262766,True,1,1,18.0
0.58320636,True,1,1,-2.0
0.70393276,False,9,4,-4.0
0.76471746,True,1,1,0.0
0.9922063,True,6,6,8.0
0.9908289,True,4,4,14.0
0.98823893,True,7,7,0.0
0.9909525,True,6,6,4.0
0.9928635,True,6,6,8.0
0.94897693,True,2,2,12.0
0.99129605,True,6,6,12.0
0.9890934,True,7,7,14.0
0.99297297,True,9,9,0.0
0.9628753,True,2,2,-6.0
0.9911213,True,8,8,8.0
0.98629564,True,3,3,-4.0
0.9905095,True,4,4,12.0
0.9890422,True,8,8,10.0
0.9943341,True,3,3,-4.0
0.99051684,True,7,7,12.0
0.9899048,True,7,7,-2.0
0.99283326,True,0,0,16.0
0.90355164,False,0,9,-4.0
0.95602155,True,2,2,10.0
0.990733,True,9,9,0.0
0.9929178,True,8,8,0.0
0.99301106,True,4,4,16.0
0.99190277,True,9,9,6.0
0.5496324,True,1,1,-4.0
0.99170035,True,0,0,8.0
0.9887217,True,9,9,6.0
0.99172133,True,0,0,4.0
0.9927462,True,3,3,10.0
0.9915705,True,9,9,6.0
0.99305797,True,8,8,-4.0
0.9906441,True,0,0,0.0
0.99499375,True,5,5,12.0
0.99304694,True,4,4,0.0
0.9719743,True,10,10,-2.0
0.9917961,True,4,4,18.0
0.99038726,True,3,3,12.0
0.9909877,True,3,3,12.0
0.95091176,True,5,5,0.0
0.99051124,True,7,7,14.0
0.99237365,True,9,9,12.0
0.5894396,True,1,1,18.0
0.63529754,True,1,1,14.0
0.98300457,True,7,7,4.0
0.99181354,True,7,7,-4.0
0.99387896,True,5,5,16.0
0.9928832,True,5,5,0.0
0.99321127,True,5,5,8.0
0.9922879,True,3,3,18.0
0.99160963,True,8,8,-6.0
0.9930031,True,5,5,-6.0
0.9934103,True,5,5,8.0
0.993401,True,8,8,12.0
0.52296937,False,3,0,-6.0
0.9920244,True,4,4,14.0
0.6306821,False,10,1,2.0
0.99393165,True,6,6,-4.0
0.6213729,False,4,9,-6.0
0.98993766,True,7,7,10.0
0.99134594,True,0,0,18.0
0.92963934,True,2,2,10.0
0.39475423,False,0,9,-6.0
0.85025096,True,3,3,-4.0
0.9911205,True,7,7,2.0
0.9484084,True,2,2,0.0
0.9761706,True,4,4,-2.0
0.99143034,True,3,3,8.0
0.9873416,True,5,5,18.0
0.9925868,True,9,9,18.0
0.8940692,True,2,2,4.0
0.95074475,True,2,2,-4.0
0.9896706,True,4,4,10.0
0.89778775,True,2,2,-2.0
0.99030066,True,0,0,6.0
0.99137664,True,6,6,10.0
0.90322626,True,2,2,4.0
0.9904935,True,8,8,2.0
0.99077713,True,4,4,10.0
0.9910453,True,0,0,14.0
0.8351405,True,10,10,14.0
0.9916843,True,3,3,-2.0
0.991915,True,6,6,12.0
0.99482983,True,5,5,0.0
0.6142749,True,1,1,-2.0
0.9937309,True,3,3,4.0
0.99565375,True,4,4,-4.0
0.99103254,True,5,5,16.0
0.875184,True,7,7,8.0
0.9579301,True,2,2,18.0
0.75497305,False,10,1,4.0
0.662999,True,1,1,6.0
0.9426103,True,2,2,4.0
0.99262106,True,4,4,2.0
0.99309653,True,8,8,18.0
0.9593499,True,8,8,-6.0
0.991004,True,3,3,14.0
0.99296945,True,6,6,2.0
0.54821104,False,0,2,-6.0
0.99103785,True,4,4,-2.0
0.9930092,True,0,0,18.0
0.5705802,False,10,1,0.0
0.99104637,True,4,4,10.0
0.5787506,True,1,1,4.0
0.99387604,True,3,3,2.0
0.5955711,True,1,1,-4.0
0.7192787,False,8,7,12.0
0.9924313,True,6,6,12.0
0.9919246,True,0,0,18.0
0.9933374,True,6,6,4.0
0.99099135,True,6,6,18.0
0.99058574,True,6,6,-4.0
0.9896058,True,0,0,6.0
0.9884399,True,6,6,-2.0
0.9528699,True,3,3,-4.0
0.7522986,False,5,4,-6.0
0.9924232,True,3,3,18.0
0.95597905,True,2,2,0.0
0.9925291,True,0,0,4.0
0.65500367,True,1,1,-6.0
0.99239326,True,0,0,10.0
0.99267757,True,6,6,0.0
0.9908214,True,3,3,0.0
0.99425936,True,3,3,0.0
0.9774349,True,3,3,-4.0
0.990204,True,6,6,2.0
0.9916232,True,9,9,2.0
0.9925132,True,0,0,10.0
0.9909059,True,6,6,14.0
0.99071527,True,5,5,18.0
0.9875607,True,6,6,-2.0
0.9921705,True,4,4,8.0
0.9613822,True,2,2,2.0
0.9940194,True,0,0,2.0
0.995751,True,5,5,0.0
0.561193,True,1,1,4.0
0.9916027,True,9,9,4.0
0.9909599,True,3,3,12.0
0.9565109,True,2,2,-4.0
0.98768926,True,5,5,16.0
0.9907088,True,8,8,-6.0
0.9849268,True,7,7,4.0
0.992953,True,0,0,18.0
0.9897842,True,4,4,16.0
0.99396706,True,10,10,14.0
0.9926933,True,9,9,10.0
0.9209917,True,2,2,14.0
0.99100214,True,8,8,10.0
0.99219054,True,0,0,0.0
0.99151784,False,7,8,6.0
0.6477824,True,1,1,10.0
0.5697501,True,1,1,-2.0
0.5953447,False,10,1,16.0
0.95267683,True,2,2,10.0
0.98987424,True,6,6,6.0
0.95092535,True,2,2,2.0
0.55137396,False,10,1,0.0
0.9866773,True,9,9,18.0
0.9935475,True,4,4,-2.0
0.99261934,True,5,5,18.0
0.98281544,True,6,6,-6.0
0.65391773,False,8,7,-6.0
0.5880718,False,10,1,4.0
0.972771,True,8,8,-2.0
0.5736101,True,1,1,0.0
0.99169147,True,10,10,16.0
0.9918148,True,7,7,8.0
0.9889231,True,8,8,-2.0
0.99274844,True,4,4,6.0
0.9915168,True,3,3,16.0
0.9925075,True,6,6,2.0
0.9061447,True,3,3,-4.0
0.99224395,True,9,9,12.0
0.9878483,True,0,0,2.0
0.9936605,True,10,10,4.0
0.99164045,True,0,0,8.0
0.8812833,True,2,2,0.0
0.87480134,True,2,2,2.0
0.96335196,True,7,7,0.0
0.9914206,True,6,6,16.0
0.57494605,False,10,1,16.0
0.99186,True,6,6,2.0
0.99231815,True,4,4,10.0
0.9920266,True,8,8,16.0
0.63661265,True,1,1,6.0
0.9934614,True,5,5,-2.0
0.99144137,True,9,9,10.0
0.9707441,True,2,2,16.0
0.9899277,True,4,4,6.0
0.9918972,True,9,9,14.0
0.9920922,True,0,0,14.0
0.72724694,True,0,0,-2.0
0.40650898,False,9,3,-6.0
0.9900845,True,8,8,4.0
0.9918113,True,3,3,18.0
0.9921292,True,5,5,16.0
0.9924414,True,8,8,6.0
0.84745646,True,2,2,-6.0
0.27091438,True,8,8,2.0
0.9886396,True,4,4,10.0
0.9889641,True,6,6,-4.0
0.59598297,True,1,1,12.0
0.5408443,False,1,10,0.0
0.99110174,True,7,7,6.0
0.99228317,True,4,4,4.0
0.7570421,True,1,1,12.0
0.99405825,True,5,5,16.0
0.9910295,True,0,0,6.0
0.9271954,True,2,2,12.0
0.9943638,True,5,5,12.0
0.99020875,True,5,5,14.0
0.9850588,True,7,7,18.0
0.9019765,True,2,2,2.0
0.596335,True,10,10,2.0
0.9916265,True,4,4,14.0
0.9918733,True,6,6,4.0
0.8744049,True,2,2,-4.0
0.99221593,True,0,0,6.0
0.9936771,True,0,0,18.0
0.70397323,True,0,0,-4.0
0.56246656,False,10,1,14.0
0.9943334,True,5,5,2.0
0.99128526,True,8,8,2.0
0.6254216,True,1,1,14.0
0.99113363,True,6,6,2.0
0.99259925,True,6,6,0.0
0.9926965,True,6,6,10.0
0.99372125,True,9,9,8.0
0.9929368,True,0,0,8.0
0.95106554,True,2,2,14.0
0.7388252,True,10,10,12.0
0.9834155,True,7,7,4.0
0.9897564,True,4,4,6.0
0.99117005,True,6,6,14.0
0.9914316,True,8,8,16.0
0.9918588,True,9,9,2.0
0.7985918,True,3,3,-6.0
0.56795615,True,1,1,14.0
0.99112684,True,0,0,14.0
0.75494486,True,1,1,18.0
0.57146496,True,1,1,14.0
0.9927482,True,6,6,16.0
0.5242578,False,7,8,-4.0
0.727214,False,7,8,-2.0
0.98891735,True,4,4,18.0
0.8590144,True,2,2,12.0
0.9918806,True,3,3,14.0
0.967199,True,2,2,-6.0
0.98544127,True,5,5,2.0
0.92029846,True,0,0,-2.0
0.45553482,False,7,0,-6.0
0.9936631,True,5,5,4.0
0.99048364,True,8,8,16.0
0.99393153,True,5,5,4.0
0.9921549,True,0,0,14.0
0.9917487,True,4,4,8.0
0.93548584,False,6,3,-6.0
0.9451155,True,2,2,-4.0
0.991321,True,6,6,14.0
0.99038374,True,8,8,12.0
0.9707257,True,7,7,6.0
0.98788375,True,7,7,16.0
0.39277628,False,2,1,14.0
0.9903386,True,3,3,18.0
0.57189393,True,1,1,18.0
0.57353,True,1,1,14.0
0.9931249,True,6,6,-2.0
0.98549545,True,7,7,14.0
0.99355656,True,9,9,10.0
0.994445,True,5,5,2.0
0.9917241,True,6,6,16.0
0.9915707,True,7,7,8.0
0.9897203,True,8,8,16.0
0.9901186,True,7,7,4.0
0.99191886,True,5,5,18.0
0.99026185,True,4,4,10.0
0.52473956,True,1,1,0.0
0.5060277,False,10,1,0.0
0.9910869,True,9,9,4.0
0.6915483,False,10,1,-2.0
0.996639,True,5,5,4.0
0.98774207,True,0,0,2.0
0.60778666,False,0,3,-6.0
0.9904026,True,7,7,4.0
0.9946673,True,8,8,-4.0
0.99009,True,4,4,8.0
0.99288225,True,9,9,4.0
0.99127275,True,6,6,16.0
0.99324363,True,5,5,8.0
0.9610869,True,2,2,10.0
0.991353,True,9,9,0.0
0.9525788,False,3,6,2.0
0.9890463,True,5,5,2.0
0.99143595,True,6,6,8.0
0.99063766,True,3,3,-4.0
0.9922011,True,6,6,-4.0
0.99122626,True,6,6,10.0
0.99157155,True,9,9,14.0
0.98478067,True,7,7,12.0
0.8818371,True,2,2,6.0
0.9929096,True,3,3,6.0
0.99125165,True,9,9,6.0
0.6728728,True,1,1,4.0
0.9920574,True,6,6,-4.0
0.991524,True,0,0,4.0
0.99058306,True,6,6,10.0
0.9901912,True,3,3,4.0
0.58785486,True,1,1,10.0
0.7621202,False,10,5,2.0
0.79589117,True,1,1,18.0
0.99229616,True,8,8,14.0
0.992069,True,8,8,8.0
0.7036386,False,10,1,-4.0
0.49987748,True,10,10,2.0
0.99052423,True,3,3,0.0
0.99168605,True,4,4,10.0
0.99032027,True,7,7,10.0
0.9906455,True,7,7,8.0
0.994124,True,6,6,-2.0
0.9911771,True,6,6,-2.0
0.98554415,True,5,5,-4.0
0.6540255,True,1,1,2.0
0.90972304,True,8,8,-6.0
0.99285525,True,5,5,6.0
0.90902007,False,8,7,6.0
0.99056596,True,3,3,10.0
0.99465877,True,5,5,8.0
0.98878396,True,5,5,14.0
0.9928324,True,3,3,6.0
0.96037656,True,2,2,-2.0
0.5585053,True,4,4,-6.0
0.99380505,True,9,9,18.0
0.605364,False,10,1,4.0
0.99156266,True,9,9,16.0
0.5038903,False,10,1,0.0
0.99301916,True,9,9,8.0
0.97786,True,5,5,-4.0
0.58727527,True,1,1,-2.0
0.69086933,True,7,7,-4.0
0.6303156,True,1,1,6.0
0.9916318,True,9,9,10.0
0.48853397,False,3,9,-6.0
0.9939672,True,5,5,2.0
0.65875524,False,10,1,6.0
0.99044514,True,0,0,2.0
0.99397874,True,5,5,4.0
0.96279293,True,2,2,16.0
0.92027456,True,3,3,-6.0
0.6604183,True,1,1,14.0
0.6786308,True,1,1,18.0
0.99089783,True,3,3,8.0
0.9685901,True,9,9,-2.0
0.92410374,True,2,2,6.0
0.6355195,True,1,1,12.0
0.94998735,True,2,2,18.0
0.9921509,True,0,0,8.0
0.9913958,True,6,6,18.0
0.95920044,True,2,2,2.0
0.992671,True,5,5,14.0
0.99670935,True,4,4,-4.0
0.6303724,True,1,1,14.0
0.99179125,True,6,6,12.0
0.98972696,True,7,7,10.0
0.5324499,True,7,7,-2.0
0.91937727,True,2,2,16.0
0.993419,True,6,6,4.0
0.495672,True,0,0,2.0
0.9917576,True,8,8,14.0
0.9911588,True,7,7,18.0
0.9076493,True,2,2,16.0
0.6348356,True,10,10,2.0
0.9929461,True,6,6,8.0
0.9904785,True,7,7,18.0
0.54398936,False,10,1,4.0
0.99068284,True,3,3,6.0
0.9889664,True,4,4,16.0
0.9921659,True,6,6,8.0
0.9912273,True,8,8,4.0
0.57551163,False,10,1,14.0
0.9919224,True,6,6,18.0
0.99245703,True,0,0,12.0
0.9927636,True,6,6,-2.0
0.9151597,True,2,2,-6.0
0.9508859,True,2,2,10.0
0.99287874,True,8,8,12.0
0.99122566,True,3,3,14.0
0.99008524,True,7,7,14.0
0.664766,True,1,1,-4.0
0.69974816,True,5,5,-6.0
0.96308154,True,5,5,-6.0
0.9892699,True,8,8,-2.0
0.99197054,True,0,0,10.0
0.9389937,True,2,2,0.0
0.99295783,True,4,4,2.0
0.9804904,True,5,5,-4.0
0.66466475,True,1,1,2.0
0.5055595,True,1,1,-2.0
0.99083346,True,8,8,4.0
0.98737025,True,7,7,8.0
0.99003184,True,0,0,10.0
0.9887121,True,7,7,8.0
0.99223304,True,9,9,12.0
0.9926116,True,9,9,14.0
0.88427496,False,5,2,-6.0
0.9922276,True,9,9,0.0
0.990128,True,0,0,16.0
0.9594169,True,2,2,16.0
0.99337924,True,4,4,-2.0
0.99338925,True,5,5,16.0
0.78436774,False,0,9,-2.0
0.9892842,True,4,4,0.0
0.54570407,True,9,9,0.0
0.5745198,False,10,1,0.0
0.5326557,True,8,8,18.0
0.6433519,True,1,1,6.0
0.9896875,True,10,10,14.0
0.99142903,True,6,6,18.0
0.99416035,True,4,4,-4.0
0.978837,True,7,7,-2.0
0.7287474,True,8,8,-4.0
0.9917772,True,0,0,14.0
0.99313134,True,5,5,4.0
0.99186194,True,8,8,18.0
0.99060774,True,4,4,4.0
0.9942583,True,3,3,18.0
0.57424253,False,10,1,8.0
0.99232,True,7,7,10.0
0.9926158,True,9,9,12.0
0.99035233,True,6,6,8.0
0.51515114,False,1,10,-6.0
0.97084975,True,0,0,0.0
0.6672514,False,9,0,-6.0
0.9923113,True,8,8,0.0
0.99215454,True,3,3,4.0
0.6528835,False,4,5,-6.0
0.9924374,True,8,8,-2.0
0.98182666,True,10,10,10.0
0.5581118,False,10,1,10.0
0.99094826,True,9,9,12.0
0.59720486,True,1,1,-2.0
0.98303115,True,2,2,8.0
0.9917143,True,5,5,8.0
0.9916984,True,4,4,4.0
0.9924825,True,3,3,4.0
0.99097836,True,7,7,2.0
0.6034349,True,1,1,8.0
0.9930316,True,5,5,14.0
0.9630445,True,3,3,0.0
0.9903617,True,7,7,6.0
0.65119123,False,10,1,2.0
0.8686496,True,2,2,-4.0
0.992482,True,5,5,12.0
0.9532188,True,2,2,14.0
0.99125797,True,0,0,12.0
0.53920877,True,10,10,-4.0
0.9918859,True,5,5,6.0
0.99088,True,3,3,8.0
0.9933663,True,8,8,4.0
0.9914,True,8,8,14.0
0.96560985,True,2,2,14.0
0.9918903,True,6,6,16.0
0.61201185,False,9,4,-6.0
0.71906656,True,8,8,-4.0
0.56791586,False,10,1,14.0
0.99236286,True,8,8,2.0
0.99457365,True,6,6,-4.0
0.62226284,True,1,1,16.0
0.5492058,True,1,1,0.0
0.9915897,True,9,9,12.0
0.9849258,True,7,7,14.0
0.9943983,True,3,3,0.0
0.9916089,True,7,7,4.0
0.9909808,True,4,4,0.0
0.4773612,False,3,9,-6.0
0.94741046,True,1,1,16.0
0.55545664,False,10,1,0.0
0.9881792,True,7,7,18.0
0.99267405,True,9,9,6.0
0.9946721,True,4,4,-4.0
0.9558082,True,2,2,0.0
0.9931941,True,8,8,4.0
0.9898385,True,10,10,-2.0
0.9921606,True,0,0,12.0
0.991879,True,0,0,8.0
0.5865478,True,1,1,-4.0
0.9199299,True,2,2,16.0
0.99130744,True,7,7,18.0
0.64141417,True,1,1,8.0
0.99105996,True,4,4,-4.0
0.99254215,True,0,0,10.0
0.9934094,True,5,5,0.0
0.99403644,True,4,4,0.0
0.99331516,True,6,6,4.0
0.9882535,True,9,9,0.0
0.5772083,True,1,1,2.0
0.5826003,True,1,1,14.0
0.9902174,True,7,7,4.0
0.91687745,True,2,2,6.0
0.99157774,True,5,5,18.0
0.9916876,True,8,8,12.0
0.9951563,True,10,10,8.0
0.9601905,True,2,2,8.0
0.99009794,True,8,8,10.0
0.9920292,True,7,7,14.0
0.58031654,False,10,1,12.0
0.99205846,True,4,4,4.0
0.9907679,True,8,8,14.0
0.9936726,True,8,8,6.0
0.9668897,True,2,2,6.0
0.85815656,True,0,0,0.0
0.9894937,True,8,8,12.0
0.9923058,True,6,6,2.0
0.9913135,True,4,4,-2.0
0.9639612,True,8,8,-2.0
0.99527574,True,10,10,8.0
0.59445083,True,10,10,-6.0
0.9942373,True,5,5,0.0
0.9912253,True,6,6,2.0
0.9925916,True,10,10,18.0
0.6158953,False,10,1,2.0
0.9911259,True,7,7,16.0
0.99036235,True,4,4,10.0
0.9848803,True,5,5,0.0
0.9931377,True,10,10,18.0
0.9917568,True,4,4,16.0
0.54686636,True,1,1,10.0
0.936058,True,7,7,-6.0
0.9911316,True,6,6,2.0
0.9921341,True,5,5,18.0
0.62637424,True,5,5,-6.0
0.63391954,True,1,1,2.0
0.5839039,True,10,10,0.0
0.9905477,True,4,4,14.0
0.9927476,True,6,6,4.0
0.9902805,True,9,9,2.0
0.9511875,True,8,8,-6.0
0.39365336,False,4,0,-6.0
0.99170095,True,5,5,8.0
0.99150157,True,3,3,12.0
0.99322826,True,5,5,4.0
0.99358326,True,4,4,8.0
0.5378309,False,4,3,-4.0
0.9932266,True,6,6,8.0
0.98926836,True,10,10,8.0
0.99155456,True,8,8,12.0
0.84295285,True,8,8,2.0
0.99101114,True,0,0,18.0
0.97416866,True,2,2,-6.0
0.66079867,True,1,1,6.0
0.9921349,True,6,6,2.0
0.99183756,True,0,0,4.0
0.74909186,True,10,10,6.0
0.99161196,True,6,6,18.0
0.98970747,True,7,7,8.0
0.971781,True,2,2,2.0
0.59536093,True,1,1,0.0
0.99233115,True,0,0,18.0
0.54537433,False,7,8,0.0
0.991368,True,8,8,-2.0
0.99262285,True,0,0,8.0
0.99104124,True,4,4,8.0
0.9901805,True,4,4,0.0
0.57707405,False,10,1,16.0
0.94029546,True,2,2,8.0
0.9933343,True,5,5,14.0
0.946685,True,2,2,18.0
0.558583,True,1,1,8.0
0.9919591,True,8,8,18.0
0.99329233,True,10,10,10.0
0.99133545,True,10,10,14.0
0.5590165,True,10,10,2.0
0.9927517,True,9,9,8.0
0.9912924,True,8,8,4.0
0.99040365,True,7,7,12.0
0.9920521,True,9,9,6.0
0.9704485,True,7,7,-2.0
0.99100494,True,7,7,12.0
0.99145985,True,8,8,2.0
0.99308175,True,6,6,18.0
0.99165416,True,3,3,2.0
0.9894447,True,10,10,18.0
0.993046,True,4,4,4.0
0.98891664,True,3,3,-4.0
0.9493225,True,2,2,-2.0
0.6176268,True,1,1,14.0
0.5202959,False,10,1,0.0
0.99130917,True,0,0,4.0
0.5554455,False,3,9,-4.0
0.9909343,True,4,4,2.0
0.995353,True,5,5,4.0
0.57115304,True,1,1,8.0
0.9906384,True,0,0,18.0
0.98742527,True,7,7,-2.0
0.74286073,True,1,1,18.0
0.9535414,True,2,2,0.0
0.57248926,True,1,1,8.0
0.75849366,True,9,9,-4.0
0.9893415,True,7,7,18.0
0.9921409,True,5,5,-2.0
0.9932374,True,5,5,18.0
0.9892033,True,8,8,8.0
0.5813127,True,5,5,-2.0
0.9913543,True,5,5,16.0
0.62183094,False,10,1,14.0
0.99096304,True,4,4,4.0
0.8632565,True,2,2,4.0
0.99187547,True,6,6,4.0
0.71240085,True,8,8,-6.0
0.9627853,True,2,2,12.0
0.70069003,True,1,1,8.0
0.99025655,True,7,7,14.0
0.8798372,True,3,3,-4.0
0.98961663,True,8,8,18.0
0.99227107,True,7,7,0.0
0.9904682,True,9,9,0.0
0.9931058,True,3,3,12.0
0.9846364,True,8,8,18.0
0.99290484,True,6,6,0.0
0.93328184,True,8,8,-6.0
0.98991346,True,4,4,0.0
0.9898033,True,4,4,0.0
0.95593524,True,9,9,0.0
0.99303,True,0,0,10.0
0.9894883,True,5,5,6.0
0.9925323,True,6,6,4.0
0.9903626,True,4,4,4.0
0.7438999,True,9,9,-4.0
0.5261945,False,4,0,-6.0
0.54180336,False,10,1,0.0
0.9910493,True,8,8,14.0
0.9944155,True,5,5,10.0
0.5791014,False,10,1,16.0
0.99342465,True,6,6,-4.0
0.99240303,True,5,5,14.0
0.99409986,True,8,8,-2.0
0.9890147,True,0,0,6.0
0.99376374,True,7,7,14.0
0.9931384,True,5,5,12.0
0.99163014,True,8,8,-6.0
0.992376,True,0,0,14.0
0.99151623,True,4,4,6.0
0.7551854,False,4,0,-6.0
0.99124545,True,7,7,0.0
0.99226683,True,6,6,14.0
0.6197479,True,1,1,4.0
0.9271856,True,2,2,-4.0
0.9926791,True,0,0,6.0
0.9896674,True,7,7,8.0
0.9925996,True,5,5,4.0
0.99270165,True,9,9,16.0
0.98766065,True,7,7,6.0
0.99309254,True,9,9,10.0
0.6889695,False,0,4,-6.0
0.99250376,True,4,4,16.0
0.9822708,True,2,2,0.0
0.9930704,True,0,0,16.0
0.9925269,True,10,10,4.0
0.9912651,True,5,5,18.0
0.99037254,True,0,0,18.0
0.9733622,True,5,5,-2.0
0.95596343,True,2,2,-4.0
0.99345124,True,9,9,6.0
0.85918695,False,1,2,-6.0
0.9919397,True,6,6,6.0
0.47165644,False,0,4,-6.0
0.99303585,True,6,6,4.0
0.59358776,False,10,1,2.0
0.989026,True,7,7,4.0
0.7117839,True,7,7,-6.0
0.9938327,True,9,9,12.0
0.93461514,True,0,0,-2.0
0.98850924,True,3,3,-4.0
0.9916237,True,3,3,18.0
0.9926682,True,10,10,10.0
0.9881483,True,7,7,-2.0
0.66605544,True,9,9,-4.0
0.9904287,True,9,9,4.0
0.99213326,True,3,3,6.0
0.9900657,True,3,3,16.0
0.58400464,True,3,3,-6.0
0.5946217,True,1,1,16.0
0.9910595,True,3,3,6.0
0.99174607,True,6,6,0.0
0.62364745,True,1,1,-2.0
0.9920902,True,0,0,16.0
0.9933536,True,8,8,0.0
0.9928871,True,3,3,18.0
0.99204355,True,8,8,12.0
0.9913201,True,8,8,10.0
0.991679,True,7,7,16.0
0.9916584,True,0,0,4.0
0.98740804,True,7,7,2.0
0.96905005,True,3,3,-4.0
0.9221827,True,2,2,4.0
0.9919076,True,3,3,4.0
0.98735297,True,3,3,16.0
0.9914677,True,8,8,8.0
0.9827488,True,5,5,6.0
0.9907782,True,4,4,16.0
0.99141264,True,5,5,2.0
0.98998123,True,4,4,18.0
0.9908764,True,9,9,8.0
0.99335116,True,6,6,8.0
0.5747239,True,1,1,16.0
0.9875315,True,8,8,-4.0
0.9914215,True,3,3,14.0
0.9942931,True,4,4,4.0
0.6143404,True,1,1,-2.0
0.5065534,False,1,10,-2.0
0.88992524,True,8,8,-6.0
0.99267864,True,3,3,-2.0
0.6638885,True,1,1,0.0
0.9917568,True,7,7,8.0
0.6705983,True,2,2,2.0
0.9915455,True,9,9,6.0
0.99159735,True,8,8,16.0
0.51903045,True,0,0,-6.0
0.99107295,True,3,3,0.0
0.9913271,True,7,7,16.0
0.60151666,False,10,1,16.0
0.9381886,True,2,2,-6.0
0.4501699,True,9,9,-4.0
0.9922388,True,6,6,14.0
0.56527823,True,1,1,-2.0
0.77921546,True,1,1,-4.0
0.9945926,True,5,5,4.0
0.9906709,True,5,5,12.0
0.99083847,True,4,4,8.0
0.99207836,True,8,8,-2.0
0.9921708,True,5,5,12.0
0.59377986,True,1,1,8.0
0.991452,True,7,7,18.0
0.4651531,False,4,9,-6.0
0.993002,True,5,5,6.0
0.99039537,True,3,3,4.0
0.95112544,True,2,2,18.0
0.98969996,True,9,9,4.0
0.98073846,True,5,5,2.0
0.99267405,True,3,3,12.0
0.94461286,True,2,2,16.0
0.9939062,True,5,5,0.0
0.4047118,True,3,3,-6.0
0.9928669,True,5,5,-6.0
0.49973825,False,4,3,-6.0
0.682088,True,1,1,-6.0
0.99222696,True,6,6,2.0
0.5675985,False,0,9,-6.0
0.9910993,True,3,3,10.0
0.9562046,True,2,2,6.0
0.631962,True,1,1,4.0
0.56060797,True,1,1,6.0
0.99056095,True,0,0,8.0
0.9915803,True,7,7,16.0
0.9476475,True,2,2,-6.0
0.97130585,True,2,2,10.0
0.9905902,True,8,8,6.0
0.9906878,True,3,3,2.0
0.87221617,False,8,7,4.0
0.54922754,False,10,1,8.0
0.9941486,True,3,3,0.0
0.99307245,True,5,5,6.0
0.64867705,True,1,1,8.0
0.99143726,True,3,3,14.0
0.9529004,True,2,2,0.0
0.9905248,True,8,8,0.0
0.9929488,True,3,3,10.0
0.99169886,True,0,0,18.0
0.9922914,True,6,6,14.0
0.5999245,True,1,1,16.0
0.6529894,False,0,9,-6.0
0.9912129,True,4,4,6.0
0.5170782,True,0,0,-6.0
0.9914716,True,6,6,18.0
0.59444314,True,1,1,14.0
0.9933988,True,6,6,4.0
0.9922889,True,7,7,14.0
0.46692154,True,5,5,-6.0
0.81135255,True,2,2,18.0
0.44262117,False,0,3,-6.0
0.99310243,True,8,8,6.0
0.9893518,True,8,8,16.0
0.932089,True,2,2,8.0
0.6240075,True,1,1,4.0
0.9487733,True,7,7,-2.0
0.9923929,True,0,0,8.0
0.6779007,False,9,0,-2.0
0.98241156,True,7,7,8.0
0.941001,True,2,2,2.0
0.9558506,True,2,2,8.0
0.9951711,True,10,10,6.0
0.99322766,True,8,8,0.0
0.8306666,True,9,9,0.0
0.99399674,True,3,3,-2.0
0.718944,True,1,1,12.0
0.9957237,True,7,7,-6.0
0.99330854,True,3,3,4.0
0.9846629,True,8,8,10.0
0.91798115,True,2,2,0.0
0.99357444,True,10,10,4.0
0.99319345,True,5,5,12.0
0.7180634,True,5,5,-6.0
0.56793195,True,1,1,18.0
0.8376266,False,3,2,-6.0
0.5790402,False,0,3,-6.0
0.54307294,True,1,1,10.0
0.9162435,True,2,2,12.0
0.9896527,True,3,3,6.0
0.9929028,True,3,3,6.0
0.992652,True,3,3,8.0
0.99575645,True,10,10,14.0
0.9696335,True,5,5,-2.0
0.9891958,True,7,7,10.0
0.99234784,True,4,4,10.0
0.9920591,True,0,0,12.0
0.96967816,True,0,0,-2.0
0.9921284,True,8,8,6.0
0.99310774,True,9,9,12.0
0.98904675,True,7,7,14.0
0.9930916,True,6,6,0.0
0.6030244,False,10,1,2.0
0.6839818,True,1,1,14.0
0.9916761,True,9,9,6.0
0.99136704,True,3,3,16.0
0.67517525,True,1,1,12.0
0.995401,True,5,5,0.0
0.99134934,True,4,4,6.0
0.99114335,True,7,7,12.0
0.99154145,True,6,6,6.0
0.99443936,True,10,10,14.0
0.50593853,False,3,6,-4.0
0.9900685,True,6,6,8.0
0.99201035,True,0,0,18.0
0.990054,True,6,6,-2.0
0.9914227,True,0,0,10.0
0.99001324,True,7,7,16.0
0.90279204,True,2,2,4.0
0.9910192,True,7,7,18.0
0.60900795,True,1,1,-2.0
0.9926883,True,6,6,14.0
0.9908325,True,7,7,6.0
0.71877974,False,8,7,-2.0
0.99108887,True,6,6,8.0
0.991226,True,0,0,14.0
0.9911176,True,3,3,12.0
0.8970779,True,2,2,0.0
0.98939484,True,4,4,6.0
0.98954976,True,4,4,14.0
0.9936241,True,5,5,4.0
0.606034,False,10,1,2.0
0.98977005,True,7,7,18.0
0.58914226,False,10,1,6.0
0.99570185,True,5,5,10.0
0.7414068,True,9,9,-4.0
0.99243706,True,6,6,6.0
0.9916397,True,7,7,8.0
0.98947257,True,0,0,0.0
0.99089056,True,6,6,10.0
0.60987025,True,1,1,4.0
0.98952276,True,7,7,6.0
0.99325997,True,8,8,10.0
0.99232763,True,9,9,10.0
0.574701,True,1,1,8.0
0.99404055,True,9,9,12.0
0.9390891,True,2,2,18.0
0.9928342,True,5,5,6.0
0.95187545,True,7,7,-2.0
0.90506345,True,7,7,-4.0
0.53184265,True,7,7,-6.0
0.9673624,True,2,2,4.0
0.99041885,True,3,3,4.0
0.9898663,True,10,10,18.0
0.9918429,True,9,9,4.0
0.9913694,True,6,6,10.0
0.9902283,True,4,4,6.0
0.96836084,False,8,7,-4.0
0.5958704,False,10,1,-2.0
0.5384913,False,9,0,-6.0
0.99313325,True,3,3,8.0
0.99094933,True,8,8,-6.0
0.99113023,True,7,7,16.0
0.99273646,True,3,3,12.0
0.84451735,True,10,10,6.0
0.9406883,True,2,2,8.0
0.99190784,True,4,4,16.0
0.77041525,False,0,2,-6.0
0.95907897,True,2,2,2.0
0.9917139,True,4,4,6.0
0.99218726,True,4,4,18.0
0.98956597,True,7,7,14.0
0.99092734,True,7,7,12.0
0.98991513,True,3,3,14.0
0.57531136,True,1,1,10.0
0.993067,True,8,8,6.0
0.95639145,True,4,4,-6.0
0.9078919,True,2,2,0.0
0.55693024,False,10,1,4.0
0.9913617,True,8,8,14.0
0.99139285,True,9,9,10.0
0.9879083,True,7,7,2.0
0.9915475,True,10,10,6.0
0.85128,True,5,5,4.0
0.8629126,True,1,1,10.0
0.9911691,True,6,6,4.0
0.57824033,False,10,1,14.0
0.9895863,True,8,8,8.0
0.5817319,False,10,1,18.0
0.993948,True,10,10,14.0
0.6202614,True,1,1,4.0
0.860713,True,2,2,6.0
0.9918142,True,6,6,6.0
0.9921808,True,4,4,6.0
0.98900443,True,7,7,6.0
0.9916155,True,9,9,2.0
0.92974836,True,2,2,16.0
0.991426,True,4,4,6.0
0.99020433,True,4,4,16.0
0.9916232,True,3,3,8.0
0.9929103,True,6,6,18.0
0.7345305,True,1,1,-4.0
0.98899627,True,5,5,0.0
0.9925931,True,7,7,10.0
0.4536917,True,5,5,-6.0
0.9893523,True,8,8,16.0
0.99272245,True,8,8,16.0
0.99257237,True,4,4,4.0
0.9912409,True,7,7,16.0
0.9772019,True,7,7,6.0
0.7524499,True,5,5,-4.0
0.99356383,True,9,9,16.0
0.9958197,True,10,10,10.0
0.9919401,True,0,0,14.0
0.9067793,False,9,2,-4.0
0.99221694,True,3,3,10.0
0.99068004,True,3,3,14.0
0.99301845,True,0,0,4.0
0.8428019,True,0,0,-4.0
0.9929785,True,8,8,-2.0
0.9941651,True,4,4,10.0
0.9611614,True,10,10,14.0
0.992058,True,0,0,16.0
0.99337363,True,0,0,8.0
0.5664315,True,1,1,18.0
0.98532134,True,7,7,0.0
0.99333316,True,0,0,16.0
0.9908997,True,5,5,8.0
0.9966009,True,5,5,8.0
0.99198216,True,7,7,18.0
0.99370354,True,9,9,18.0
0.9912382,True,6,6,4.0
0.3957535,True,0,0,-6.0
0.9885416,True,6,6,-6.0
0.8867781,True,2,2,-2.0
0.9916996,True,7,7,6.0
0.9907692,True,6,6,-2.0
0.8929466,True,2,2,-6.0
0.8753383,True,2,2,6.0
0.9738548,True,7,7,4.0
0.99136025,True,3,3,12.0
0.58833545,False,10,1,14.0
0.99103326,True,9,9,0.0
0.9911969,True,3,3,16.0
0.9913987,True,4,4,14.0
0.9910268,True,4,4,12.0
0.66405576,True,1,1,-4.0
0.9394376,True,2,2,0.0
0.9918791,True,9,9,6.0
0.9392073,True,2,2,8.0
0.9915706,True,6,6,18.0
0.8001941,True,0,0,-4.0
0.99021345,True,7,7,8.0
0.99141276,True,8,8,14.0
0.99564123,True,10,10,6.0
0.85843885,True,1,1,10.0
0.47899786,False,4,5,-6.0
0.9935416,True,5,5,6.0
0.992015,True,3,3,6.0
0.9902201,True,7,7,6.0
0.59567297,False,10,1,8.0
0.99030757,True,4,4,14.0
0.9712224,True,2,2,6.0
0.9379227,True,2,2,-6.0
0.9935656,True,5,5,10.0
0.991646,True,3,3,8.0
0.9925857,True,7,7,12.0
0.55332506,False,0,9,-4.0
0.99147147,True,0,0,10.0
0.9917921,True,9,9,8.0
0.9904297,True,0,0,6.0
0.9925591,True,6,6,-2.0
0.990436,True,4,4,12.0
0.6589656,False,10,1,-6.0
0.99193597,True,0,0,16.0
0.98965704,True,4,4,14.0
0.9918514,True,6,6,12.0
0.99144125,True,9,9,12.0
0.5434858,True,0,0,-4.0
0.9927477,True,5,5,14.0
0.9902906,True,3,3,14.0
0.99135417,True,9,9,12.0
0.9908091,True,9,9,4.0
0.9907127,True,3,3,18.0
0.9927289,True,5,5,12.0
0.9906437,True,4,4,18.0
0.62605596,False,10,1,16.0
0.9931617,True,9,9,16.0
0.9901135,True,0,0,10.0
0.99458885,True,10,10,12.0
0.9944852,True,5,5,16.0
0.8456755,True,9,9,0.0
0.99320096,True,9,9,2.0
0.5739939,True,1,1,14.0
0.9731663,False,3,6,-2.0
0.993152,True,9,9,14.0
0.99190944,True,3,3,8.0
0.9922805,True,8,8,-2.0
0.9367325,True,1,1,14.0
0.94797534,True,9,9,-2.0
0.99240875,True,5,5,14.0
0.75002813,True,1,1,12.0
0.9942133,True,5,5,4.0
0.9908268,True,9,9,4.0
0.990547,True,0,0,14.0
0.9932221,True,8,8,2.0
0.9896332,True,5,5,8.0
0.9854801,True,8,8,-4.0
0.9924676,True,7,7,16.0
0.99314415,True,3,3,8.0
0.9918933,True,5,5,6.0
0.61755097,False,10,1,16.0
0.9899352,True,6,6,4.0
0.96015126,False,7,2,12.0
0.9924735,True,10,10,12.0
0.99099183,True,4,4,2.0
0.99390817,True,5,5,18.0
0.9906791,True,6,6,0.0
0.9928833,True,3,3,16.0
0.94921416,True,2,2,-4.0
0.99259794,True,4,4,4.0
0.70193905,True,1,1,18.0
0.93560207,True,2,2,6.0
0.5508449,False,10,1,0.0
0.9954928,True,5,5,0.0
0.9894441,True,4,4,0.0
0.5580973,False,10,1,6.0
0.99189794,True,6,6,0.0
0.9633425,True,7,7,-2.0
0.8823818,True,2,2,-4.0
0.42006242,True,2,2,12.0
0.99065757,True,3,3,14.0
0.94268554,True,9,9,-2.0
0.9925492,True,6,6,4.0
0.99365824,True,8,8,0.0
0.9924551,True,8,8,14.0
0.9878406,True,7,7,-2.0
0.63875747,True,1,1,4.0
0.9928256,True,6,6,10.0
0.5163381,False,5,1,-6.0
0.9910546,True,3,3,16.0
0.99318945,True,5,5,-4.0
0.96125764,True,2,2,-6.0
0.99342185,True,5,5,14.0
0.97030175,True,3,3,-4.0
0.9930895,True,3,3,12.0
0.57316005,True,1,1,8.0
0.99236566,True,9,9,18.0
0.9904689,True,0,0,14.0
0.9496299,True,2,2,4.0
0.6838631,True,1,1,6.0
0.99520206,True,5,5,8.0
0.99066716,True,6,6,-2.0
0.68099993,True,1,1,-4.0
0.9612245,True,2,2,14.0
0.9913693,True,8,8,16.0
0.9931722,True,8,8,16.0
0.93296945,True,2,2,6.0
0.99040514,True,7,7,12.0
0.9542093,True,7,7,-4.0
0.99034053,True,4,4,6.0
0.9912509,True,4,4,0.0
0.99191916,True,0,0,16.0
0.9918956,True,6,6,6.0
0.99198127,True,7,7,16.0
0.6320444,False,6,2,4.0
0.9932856,True,5,5,18.0
0.5384849,False,1,10,-2.0
0.9918053,True,4,4,2.0
0.990173,True,5,5,4.0
0.57668936,True,1,1,0.0
0.64882034,False,10,1,16.0
0.6238837,True,1,1,-4.0
0.99132746,True,9,9,10.0
0.9935456,True,8,8,-4.0
0.9343519,True,2,2,8.0
0.99159765,True,6,6,2.0
0.6852606,False,10,1,16.0
0.5021521,True,10,10,-4.0
0.9928122,True,9,9,14.0
0.96412957,True,2,2,-2.0
0.99373865,True,5,5,2.0
0.992827,True,6,6,4.0
0.98089784,True,6,6,-6.0
0.99082255,True,6,6,16.0
0.9928479,True,5,5,18.0
0.9935255,True,5,5,12.0
0.99193734,True,0,0,10.0
0.9642792,True,2,2,12.0
0.99141675,True,9,9,2.0
0.99038106,True,4,4,18.0
0.990186,True,7,7,12.0
0.9008964,True,9,9,-2.0
0.6628061,False,2,3,-6.0
0.9934189,True,8,8,-2.0
0.9914317,True,3,3,6.0
0.57024825,False,10,1,12.0
0.993792,True,9,9,18.0
0.99231905,True,9,9,6.0
0.9517475,True,2,2,-4.0
0.5144282,False,0,9,-6.0
0.9908954,True,0,0,6.0
0.73676795,False,7,0,0.0
0.9923315,True,5,5,-4.0
0.9930693,True,9,9,0.0
0.9301299,True,2,2,6.0
0.99085957,True,0,0,14.0
0.99068564,True,3,3,4.0
0.9914287,True,7,7,0.0
0.99110293,True,9,9,2.0
0.9918147,True,0,0,10.0
0.99196666,True,7,7,2.0
0.9913687,True,6,6,0.0
0.9416364,True,2,2,2.0
0.9931578,True,3,3,6.0
0.9914625,True,4,4,12.0
0.97400916,True,9,9,0.0
0.99353325,True,9,9,8.0
0.648426,True,1,1,6.0
0.59879714,True,1,1,4.0
0.9928542,True,8,8,16.0
0.9911936,True,3,3,14.0
0.9914051,True,7,7,14.0
0.99282247,True,9,9,16.0
0.99010706,True,3,3,-4.0
0.9933647,True,6,6,2.0
0.60090137,True,1,1,2.0
0.9921295,True,8,8,10.0
0.99111265,True,8,8,2.0
0.9915051,True,6,6,6.0
0.986733,True,2,2,-2.0
0.94284683,True,2,2,16.0
0.9932448,True,9,9,18.0
0.73061746,True,1,1,12.0
0.9890181,True,10,10,18.0
0.9922834,True,6,6,8.0
0.99078864,True,4,4,10.0
0.9864488,True,4,4,6.0
0.9943304,True,3,3,0.0
0.9915901,True,6,6,10.0
0.57418466,True,1,1,4.0
0.9915383,True,6,6,12.0
0.9901536,True,9,9,8.0
0.9936941,True,8,8,14.0
0.6485682,False,10,1,6.0
0.53777623,True,9,9,-4.0
0.98784304,True,4,4,14.0
0.9918698,True,9,9,2.0
0.9941328,True,3,3,0.0
0.59052956,False,10,1,6.0
0.99188775,True,0,0,14.0
0.9867107,True,3,3,-2.0
0.99115795,True,5,5,2.0
0.96815073,True,4,4,-2.0
0.99177986,True,9,9,6.0
0.992224,True,6,6,14.0
0.56198823,True,1,1,8.0
0.99296653,True,4,4,14.0
0.66143364,True,7,7,0.0
0.4955126,False,6,8,12.0
0.99174964,True,7,7,8.0
0.9870113,True,7,7,4.0
0.55686384,True,1,1,4.0
0.89532655,True,7,7,-6.0
0.991286,True,4,4,6.0
0.57861006,False,10,1,2.0
0.9913756,True,3,3,12.0
0.9906748,True,8,8,4.0
0.9931137,True,5,5,0.0
0.6358699,False,10,1,8.0
0.99147975,True,4,4,14.0
0.99070436,True,4,4,16.0
0.96874654,True,2,2,6.0
0.9935688,True,8,8,6.0
0.99194676,True,8,8,4.0
0.9929715,True,6,6,16.0
0.76423216,True,5,5,-2.0
0.9933488,True,8,8,0.0
0.9941263,True,3,3,10.0
0.74167323,True,1,1,6.0
0.99340075,True,9,9,0.0
0.56088245,False,10,1,8.0
0.9916779,True,5,5,4.0
0.99015653,True,6,6,14.0
0.99172676,True,7,7,14.0
0.591361,True,1,1,-2.0
0.98918253,True,4,4,4.0
0.5888852,True,1,1,6.0
0.99050224,True,5,5,2.0
0.99084646,True,3,3,4.0
0.93298686,True,2,2,6.0
0.9672288,True,2,2,2.0
0.94795626,True,2,2,2.0
0.99146944,True,9,9,12.0
0.59775656,False,10,1,6.0
0.9882604,True,0,0,8.0
0.990934,True,10,10,12.0
0.99258924,True,8,8,2.0
0.9909083,True,8,8,0.0
0.7886782,True,2,2,-4.0
0.9915888,True,5,5,18.0
0.99088573,True,4,4,2.0
0.99438006,True,9,9,0.0
0.9900982,True,3,3,12.0
0.99297184,True,9,9,10.0
0.99354434,True,9,9,10.0
0.73913056,True,7,7,-2.0
0.991105,True,8,8,-2.0
0.9937196,True,8,8,6.0
0.98847485,True,0,0,2.0
0.60181093,True,0,0,-6.0
0.8072421,False,0,9,-4.0
0.9943112,True,5,5,14.0
0.9926071,True,7,7,-6.0
0.992611,True,5,5,6.0
0.9904141,True,4,4,4.0
0.98887384,True,0,0,4.0
0.6508508,True,2,2,-4.0
0.99246794,True,3,3,10.0
0.9776243,True,0,0,0.0
0.99271,True,6,6,2.0
0.9897333,True,5,5,-2.0
0.6225835,False,10,1,0.0
0.9878997,True,7,7,4.0
0.9897427,True,7,7,6.0
0.8591704,True,5,5,4.0
0.90989333,False,9,2,-6.0
0.9917915,True,6,6,14.0
0.5491845,True,10,10,-4.0
0.9884127,True,3,3,0.0
0.98801905,True,9,9,0.0
0.99207425,True,6,6,12.0
0.63627684,True,1,1,-4.0
0.6438342,True,1,1,18.0
0.98994803,True,7,7,12.0
0.9890407,True,4,4,2.0
0.9908925,True,8,8,14.0
0.9667057,True,2,2,6.0
0.96016574,True,2,2,-4.0
0.9923293,True,9,9,8.0
0.9895856,True,4,4,10.0
0.99000436,True,4,4,14.0
0.9914159,True,7,7,8.0
0.6321818,True,2,2,6.0
0.9946568,True,5,5,12.0
0.9883929,True,8,8,-6.0
0.57382584,True,1,1,4.0
0.9932886,True,5,5,12.0
0.6155792,True,5,5,2.0
0.9917739,True,8,8,10.0
0.99299896,True,3,3,2.0
0.8577388,True,2,2,-2.0
0.9929806,True,8,8,0.0
0.96618974,True,10,10,2.0
0.96940136,True,7,7,16.0
0.9709971,True,7,7,-6.0
0.992931,True,9,9,18.0
0.99056035,True,3,3,10.0
0.9941995,True,6,6,16.0
0.992277,True,5,5,16.0
0.9888553,True,7,7,16.0
0.9922013,True,0,0,14.0
0.98855877,True,8,8,10.0
0.991211,True,8,8,8.0
0.9916741,True,4,4,10.0
0.99125904,True,6,6,18.0
0.9967552,True,10,10,4.0
0.6996595,True,9,9,-2.0
0.99204785,True,9,9,6.0
0.99096,True,8,8,14.0
0.6468373,True,1,1,-6.0
0.9912612,True,3,3,12.0
0.99279445,True,0,0,16.0
0.9938101,True,6,6,12.0
0.9573983,True,2,2,2.0
0.56969124,False,10,1,10.0
0.99072003,True,9,9,16.0
0.9699166,True,5,5,0.0
0.9917026,True,8,8,16.0
0.9758202,True,10,10,6.0
0.9920672,True,3,3,6.0
0.99281037,True,8,8,18.0
0.98901224,True,5,5,8.0
0.94152486,True,5,5,-4.0
0.99148774,True,0,0,6.0
0.99189067,True,6,6,14.0
0.9923942,True,3,3,6.0
0.9924805,True,4,4,6.0
0.61146754,False,10,1,6.0
0.9957054,True,4,4,-2.0
0.7153699,True,1,1,-6.0
0.99241614,True,6,6,-4.0
0.9874314,True,5,5,10.0
0.9737802,True,9,9,-2.0
0.9907568,True,7,7,8.0
0.9933581,True,4,4,4.0
0.9910874,True,3,3,12.0
0.7628086,False,10,1,4.0
0.9564928,True,2,2,8.0
0.60798776,True,1,1,-2.0
0.6839434,True,1,1,0.0
0.9861545,True,9,9,0.0
0.9907109,True,3,3,2.0
0.63446,True,1,1,2.0
0.9918864,True,4,4,18.0
0.9915993,True,0,0,0.0
0.9920806,True,0,0,6.0
0.9870386,True,10,10,18.0
0.7159228,True,1,1,4.0
0.9919159,True,5,5,14.0
0.99385494,True,5,5,14.0
0.6020509,True,1,1,14.0
0.9921902,True,8,8,14.0
0.69576216,True,1,1,16.0
0.9885725,True,7,7,10.0
0.99338067,True,6,6,6.0
0.5761946,False,10,1,8.0
0.9630537,True,2,2,14.0
0.99285924,True,5,5,-4.0
0.9930189,True,10,10,6.0
0.99203074,True,3,3,12.0
0.56518114,True,1,1,18.0
0.6715999,False,10,1,2.0
0.9158054,True,5,5,-6.0
0.99379736,True,0,0,4.0
0.9916391,True,4,4,2.0
0.72737277,False,1,10,-2.0
0.96220344,True,0,0,0.0
0.99218553,True,8,8,2.0
0.99095094,True,7,7,18.0
0.99186325,True,10,10,6.0
0.55837417,True,9,9,-4.0
0.5549012,False,10,1,4.0
0.94733053,True,2,2,-2.0
0.9608575,True,2,2,0.0
0.99159205,True,7,7,14.0
0.9895285,True,7,7,14.0
0.78355,True,9,9,-2.0
0.99283546,True,7,7,2.0
0.9938339,True,8,8,6.0
0.95673746,True,2,2,10.0
0.6932458,False,10,1,2.0
0.9895824,True,0,0,2.0
0.9901398,True,6,6,0.0
0.9904006,True,7,7,6.0
0.9928947,True,0,0,4.0
0.991657,True,0,0,4.0
0.9922914,True,5,5,14.0
0.93110967,False,4,2,-4.0
0.9924545,True,4,4,12.0
0.96221966,True,2,2,4.0
0.7019972,False,0,2,-6.0
0.94243115,True,2,2,8.0
0.9913618,True,4,4,6.0
0.564774,True,1,1,6.0
0.9916958,True,3,3,8.0
0.9941742,True,5,5,12.0
0.99219257,True,9,9,10.0
0.6356314,True,1,1,2.0
0.9936207,True,8,8,4.0
0.6024686,True,1,1,8.0
0.9916471,True,8,8,2.0
0.9942052,True,4,4,-2.0
0.3803898,False,0,3,-6.0
0.99043864,True,0,0,8.0
0.989296,True,4,4,14.0
0.89083314,True,1,1,14.0
0.99141884,True,0,0,12.0
0.99147683,True,4,4,14.0
0.99186456,True,6,6,4.0
0.9914976,True,5,5,18.0
0.9627168,True,5,5,6.0
0.7217892,True,1,1,16.0
0.99606675,True,10,10,2.0
0.99213517,True,0,0,10.0
0.99207836,True,9,9,14.0
0.99054176,True,4,4,4.0
0.9774219,True,4,4,-2.0
0.909459,True,0,0,18.0
0.46149844,False,9,0,-6.0
0.99243987,True,7,7,4.0
0.99165535,True,4,4,2.0
0.9914067,True,10,10,16.0
0.95733774,True,3,3,-4.0
0.9926277,True,10,10,10.0
0.9940943,True,5,5,6.0
0.8032196,False,3,2,-6.0
0.9906974,True,8,8,4.0
0.9923422,True,4,4,8.0
0.9926162,True,3,3,18.0
0.9338454,True,2,2,6.0
0.8987163,True,2,2,12.0
0.98993623,True,4,4,6.0
0.9937576,True,9,9,18.0
0.9913455,True,9,9,10.0
0.50653917,False,10,1,-4.0
0.5887838,True,1,1,14.0
0.990144,True,8,8,6.0
0.3420027,True,0,0,-6.0
0.97795093,True,6,6,-6.0
0.5656695,True,1,1,6.0
0.99201137,True,10,10,10.0
0.9589165,True,6,6,-4.0
0.99237025,True,8,8,12.0
0.99224395,True,6,6,12.0
0.99128294,True,8,8,14.0
0.98765576,True,7,7,8.0
0.99003017,True,7,7,-6.0
0.98905385,True,6,6,-4.0
0.99540615,True,5,5,8.0
0.95331806,True,2,2,8.0
0.99465346,True,5,5,14.0
0.95430577,True,2,2,-2.0
0.9423227,True,2,2,8.0
0.8711345,True,2,2,-6.0
0.9926239,True,0,0,10.0
0.7050307,False,7,8,-2.0
0.9925557,True,6,6,-2.0
0.99344987,True,5,5,16.0
0.9888419,True,8,8,8.0
0.98952967,True,6,6,2.0
0.96255976,True,7,7,0.0
0.67731047,True,1,1,16.0
0.99188423,True,9,9,0.0
0.99257386,True,3,3,6.0
0.9920752,True,4,4,8.0
0.98850375,True,4,4,16.0
0.8906736,True,8,8,18.0
0.9950654,True,3,3,2.0
0.9913856,True,5,5,0.0
0.99300486,True,9,9,16.0
0.9915615,True,3,3,4.0
0.9926058,True,3,3,4.0
0.55576044,True,1,1,6.0
0.99235016,True,6,6,2.0
0.99029934,True,4,4,8.0
0.75024194,False,5,10,-4.0
0.6869339,True,10,10,-6.0
0.62372005,True,1,1,12.0
0.3679187,False,0,9,-6.0
0.9887706,True,4,4,14.0
0.9926018,True,0,0,6.0
0.9917134,True,6,6,18.0
0.5831421,True,1,1,8.0
0.98956853,True,7,7,10.0
0.97782314,False,3,6,-2.0
0.9428629,True,2,2,6.0
0.9915467,True,3,3,4.0
0.6029064,True,1,1,-4.0
0.9894894,True,8,8,8.0
0.9914573,True,8,8,2.0
0.9916951,True,9,9,16.0
0.9507106,True,2,2,-6.0
0.9934656,True,7,7,10.0
0.9905882,True,8,8,2.0
0.992712,True,3,3,4.0
0.93978983,True,2,2,12.0
0.9918046,True,6,6,12.0
0.9924908,True,0,0,16.0
0.9899687,True,4,4,4.0
0.99072015,True,3,3,8.0
0.5591417,True,1,1,0.0
0.6325061,True,1,1,0.0
0.9911608,True,3,3,14.0
0.9916374,True,6,6,-2.0
0.99172103,True,5,5,12.0
0.9892653,True,5,5,2.0
0.99299276,True,9,9,2.0
0.5683355,False,10,1,18.0
0.98340523,True,7,7,2.0
0.9911308,True,4,4,0.0
0.99224925,True,9,9,16.0
0.9889529,True,7,7,18.0
0.6757053,False,9,0,0.0
0.85010153,True,4,4,-6.0
0.99194807,True,0,0,16.0
0.5222963,False,10,1,-2.0
0.97633773,True,5,5,-4.0
0.9911305,True,7,7,2.0
0.9915143,True,8,8,16.0
0.9940607,True,5,5,2.0
0.9533382,True,2,2,8.0
0.9918839,True,8,8,6.0
0.9902491,True,4,4,18.0
0.99102986,True,7,7,12.0
0.92230636,True,4,4,-4.0
0.58502674,False,10,1,4.0
0.92030936,True,2,2,4.0
0.9919852,True,7,7,6.0
0.9862234,True,0,0,8.0
0.9906618,True,6,6,6.0
0.87782234,True,10,10,16.0
0.5920283,False,10,1,4.0
0.68915075,True,1,1,4.0
0.9893104,True,7,7,4.0
0.9840761,True,5,5,-4.0
0.5527663,True,1,1,10.0
0.9909859,True,0,0,8.0
0.5273686,False,10,1,-4.0
0.9909768,True,9,9,12.0
0.5239957,False,1,10,2.0
0.9896428,True,5,5,6.0
0.99311274,True,7,7,8.0
0.99056166,True,6,6,10.0
0.99108106,True,10,10,6.0
0.9909005,True,6,6,0.0
0.59090924,True,1,1,2.0
0.9876609,True,5,5,16.0
0.57019126,True,1,1,0.0
0.99187756,True,9,9,12.0
0.9932175,True,5,5,14.0
0.5716694,False,5,1,-4.0
0.4236301,True,10,10,-6.0
0.5789338,False,10,1,12.0
0.9924217,True,9,9,18.0
0.99233985,True,7,7,6.0
0.60880053,True,1,1,2.0
0.9898773,True,8,8,12.0
0.98852086,True,0,0,16.0
0.9824682,True,5,5,-6.0
0.9905979,True,6,6,-6.0
0.8582517,True,2,2,8.0
0.99161315,True,9,9,16.0
0.59711593,True,2,2,14.0
0.97620845,True,7,7,14.0
0.68617404,True,2,2,16.0
0.9923833,True,8,8,10.0
0.6658314,True,1,1,-6.0
0.99096406,True,4,4,16.0
0.9902867,True,8,8,6.0
0.9904041,True,6,6,0.0
0.9903785,True,5,5,4.0
0.9860656,True,7,7,16.0
0.99228466,True,6,6,6.0
0.9893873,True,8,8,18.0
0.9295389,True,2,2,2.0
0.9780296,True,8,8,-4.0
0.99233526,True,10,10,16.0
0.99061865,True,8,8,16.0
0.9885942,True,5,5,0.0
0.9806433,True,0,0,0.0
0.99254215,True,6,6,6.0
0.9923333,True,8,8,12.0
0.8639183,True,2,2,8.0
0.61982936,True,1,1,4.0
0.9924063,True,0,0,8.0
0.98815185,True,7,7,16.0
0.5981995,True,9,9,-4.0
0.9912149,True,0,0,6.0
0.9892041,True,7,7,12.0
0.99125636,True,6,6,4.0
0.9927804,True,8,8,6.0
0.9808405,True,7,7,16.0
0.9793148,True,10,10,4.0
0.9920427,True,5,5,14.0
0.9890137,True,5,5,-2.0
0.6217125,False,10,1,4.0
0.98684627,True,7,7,0.0
0.99201304,True,9,9,0.0
0.9757816,True,9,9,-2.0
0.99575174,True,3,3,-2.0
0.9901196,True,7,7,12.0
0.9902715,True,8,8,4.0
0.9915503,True,6,6,18.0
0.9917285,True,6,6,4.0
0.99311876,True,8,8,-4.0
0.9912061,True,4,4,18.0
0.9932615,True,5,5,0.0
0.83389604,True,0,0,-2.0
0.9466667,True,2,2,-4.0
0.99128306,True,8,8,16.0
0.68400455,False,0,3,-6.0
0.9889071,True,7,7,12.0
0.9918727,True,3,3,18.0
0.9937703,True,0,0,8.0
0.9908178,True,8,8,6.0
0.5870661,False,10,1,6.0
0.68356025,True,1,1,18.0
0.9478665,True,5,5,-2.0
0.79043186,False,10,5,-4.0
0.61876,False,10,1,2.0
0.85650885,False,5,4,-4.0
0.9962328,True,5,5,18.0
0.9853092,True,7,7,10.0
0.5414442,True,1,1,-2.0
0.9905529,True,3,3,10.0
0.99199766,True,8,8,0.0
0.99223584,True,8,8,14.0
0.9338953,False,0,5,-6.0
0.98916245,True,4,4,8.0
0.94694674,False,9,0,-2.0
0.5178245,True,1,1,-2.0
0.99192643,True,5,5,14.0
0.9924694,True,9,9,4.0
0.7098295,True,1,1,12.0
0.98516256,True,3,3,-2.0
0.93756837,True,2,2,4.0
0.99151164,True,10,10,12.0
0.7179938,True,9,9,-4.0
0.99223036,True,9,9,14.0
0.99237496,True,9,9,8.0
0.99236673,True,9,9,0.0
0.9899205,True,3,3,18.0
0.99189925,True,8,8,18.0
0.99060655,True,4,4,10.0
0.9386438,True,2,2,-4.0
0.99027693,True,4,4,12.0
0.99160695,True,3,3,6.0
0.99253947,True,3,3,8.0
0.57085043,True,5,5,2.0
0.9933442,True,5,5,4.0
0.89038855,True,10,10,-2.0
0.5402883,False,1,10,-2.0
0.9936293,True,8,8,8.0
0.9911742,True,4,4,18.0
0.9924079,True,4,4,6.0
0.99149305,True,4,4,0.0
0.94914037,True,2,2,-4.0
0.99301106,True,5,5,14.0
0.9635345,True,2,2,10.0
0.6824498,False,10,1,2.0
0.561684,False,10,1,4.0
0.9908641,True,8,8,12.0
0.95456606,True,2,2,-4.0
0.36600602,False,9,0,-6.0
0.99103177,True,7,7,16.0
0.9906274,True,9,9,4.0
0.98849106,True,5,5,0.0
0.99425334,True,3,3,0.0
0.6037738,True,1,1,6.0
0.9591284,True,5,5,-6.0
0.9912805,True,6,6,2.0
0.99000627,True,6,6,10.0
0.63875335,True,1,1,18.0
0.9918882,True,4,4,0.0
0.59763473,True,1,1,18.0
0.9927003,True,10,10,18.0
0.9860174,True,8,8,6.0
0.96405756,True,2,2,12.0
0.9901749,True,6,6,-6.0
0.991497,True,9,9,6.0
0.6117967,False,10,1,2.0
0.6248881,False,10,1,6.0
0.5692025,False,10,1,12.0
0.991146,True,4,4,16.0
0.99047875,True,3,3,4.0
0.99599385,True,5,5,0.0
0.9939453,True,9,9,2.0
0.6366522,False,0,3,-6.0
0.6353464,True,1,1,2.0
0.83842015,True,3,3,-4.0
0.51732683,False,8,7,-6.0
0.9430091,True,2,2,6.0
0.99130404,True,8,8,2.0
0.832328,False,9,0,-4.0
0.9956125,True,5,5,2.0
0.56444013,True,0,0,-4.0
0.99126774,True,9,9,16.0
0.9720777,True,5,5,-2.0
0.6032917,False,10,1,18.0
0.95580137,True,2,2,18.0
0.99116373,True,6,6,0.0
0.9919945,True,9,9,2.0
0.991088,True,6,6,14.0
0.99231756,True,9,9,8.0
0.99254674,True,0,0,12.0
0.9939083,True,5,5,10.0
0.9875789,True,10,10,4.0
0.5684727,True,1,1,0.0
0.88878673,True,2,2,0.0
0.993793,True,10,10,14.0
0.9923747,True,0,0,2.0
0.9893686,False,8,7,-6.0
0.49258944,False,8,7,-2.0
0.9913071,True,6,6,8.0
0.9937729,True,9,9,10.0
0.99190736,True,9,9,12.0
0.9759728,True,2,2,2.0
0.99178165,True,9,9,8.0
0.6261189,True,4,4,-4.0
0.9898343,True,3,3,14.0
0.96219736,True,7,7,4.0
0.5238049,False,8,2,16.0
0.9055871,True,5,5,2.0
0.99202853,True,9,9,6.0
0.9936341,True,5,5,8.0
0.59008974,True,9,9,-6.0
0.9928981,True,9,9,0.0
0.99353456,True,8,8,-4.0
0.99091804,True,3,3,10.0
0.9941229,True,5,5,10.0
0.9915501,True,6,6,4.0
0.9508279,True,2,2,6.0
0.9886331,True,3,3,8.0
0.52890205,True,8,8,-6.0
0.9925061,True,8,8,0.0
0.99527407,True,10,10,4.0
0.7240789,True,4,4,-4.0
0.9962979,True,5,5,8.0
0.98975325,True,8,8,8.0
0.991486,True,7,7,12.0
0.9903688,True,7,7,6.0
0.65079683,False,10,1,-4.0
0.9655884,True,2,2,10.0
0.99172837,True,3,3,6.0
0.9906878,True,3,3,10.0
0.99222505,True,8,8,0.0
0.72889185,False,10,1,18.0
0.82345325,False,7,0,-6.0
0.9902237,True,7,7,10.0
0.9907962,True,6,6,16.0
0.9935044,True,7,7,-6.0
0.99295616,True,9,9,12.0
0.9906527,True,4,4,6.0
0.555611,False,10,1,8.0
0.9929201,True,10,10,14.0
0.98910576,True,6,6,0.0
0.6128834,False,10,1,10.0
0.9922126,True,9,9,2.0
0.949235,True,2,2,8.0
0.6291017,True,1,1,6.0
0.99365556,True,6,6,4.0
0.6256829,True,5,5,-4.0
0.70921826,False,10,1,4.0
0.99289423,True,0,0,12.0
0.9347602,True,2,2,0.0
0.9920471,True,3,3,0.0
0.9939721,True,5,5,16.0
0.99156696,True,6,6,8.0
0.99352187,True,6,6,6.0
0.97296256,False,9,2,0.0
0.6293617,True,1,1,14.0
0.9929991,True,3,3,10.0
0.99234784,True,0,0,14.0
0.9869336,True,6,6,-4.0
0.6033082,False,10,1,2.0
0.59883684,True,1,1,-4.0
0.45695564,False,4,0,-6.0
0.7239877,False,10,1,16.0
0.93850464,True,2,2,10.0
0.99178314,True,7,7,10.0
0.99262434,True,3,3,-4.0
0.9921463,True,0,0,18.0
0.94107217,True,3,3,-6.0
0.9891115,True,7,7,12.0
0.9580663,True,2,2,2.0
0.99332774,True,9,9,16.0
0.9918065,True,0,0,6.0
0.99128425,True,8,8,16.0
0.5374022,True,2,2,12.0
0.91336083,True,2,2,-4.0
0.99090344,True,3,3,16.0
0.9910266,True,6,6,0.0
0.99383235,True,5,5,10.0
0.9321117,True,7,7,2.0
0.99371946,True,5,5,4.0
0.7830061,True,5,5,-6.0
0.9257808,True,2,2,12.0
0.9926299,True,6,6,12.0
0.9923666,True,6,6,-4.0
0.9916882,True,3,3,10.0
0.65712583,True,8,8,-2.0
0.7233639,True,5,5,-2.0
0.9622519,True,3,3,-4.0
0.5719059,False,10,1,18.0
0.6503573,True,1,1,0.0
0.9896925,True,0,0,14.0
0.99118716,True,3,3,14.0
0.99007016,True,4,4,-4.0
0.9914445,True,6,6,12.0
0.99191976,True,4,4,0.0
0.99438065,True,5,5,14.0
0.9924988,True,7,7,18.0
0.9914095,True,3,3,10.0
0.992074,True,6,6,14.0
0.97575116,True,7,7,18.0
0.6008761,True,1,1,18.0
0.99311745,True,3,3,4.0
0.75064784,True,5,5,-2.0
0.99055195,True,10,10,8.0
0.99156886,True,5,5,6.0
0.67389953,True,7,7,-4.0
0.99454415,True,3,3,-2.0
0.5192165,False,1,10,0.0
0.90386915,True,2,2,16.0
0.992226,True,6,6,18.0
0.9905482,True,4,4,14.0
0.91072553,True,1,1,18.0
0.9846736,True,7,7,10.0
0.52277976,True,8,8,-6.0
0.58747536,False,10,1,6.0
0.9891768,True,7,7,16.0
0.99412197,True,5,5,4.0
0.97852874,True,8,8,18.0
0.9826417,True,7,7,-2.0
0.9920608,True,9,9,12.0
0.9932187,True,9,9,12.0
0.99111664,True,4,4,10.0
0.99350303,True,4,4,-2.0
0.9905923,True,0,0,12.0
0.99277264,True,0,0,14.0
0.9921257,True,4,4,6.0
0.99235946,True,3,3,4.0
0.9887616,True,5,5,12.0
0.7159676,True,1,1,2.0
0.6326082,True,1,1,14.0
0.95756286,True,2,2,2.0
0.9933107,True,5,5,12.0
0.91523015,True,2,2,6.0
0.99427164,True,4,4,-4.0
0.5834627,False,10,1,0.0
0.99136716,True,9,9,4.0
0.99354905,True,0,0,2.0
0.9915308,True,6,6,8.0
0.60221463,False,10,1,14.0
0.99222904,True,0,0,18.0
0.99202114,True,7,7,0.0
0.59813845,False,10,1,14.0
0.46486267,False,9,2,-6.0
0.9868628,True,6,6,4.0
0.6161083,True,1,1,14.0
0.5460135,False,1,10,-6.0
0.6680737,False,10,5,-4.0
0.9129762,True,10,10,12.0
0.9896394,True,7,7,12.0
0.99509466,True,3,3,0.0
0.99075705,True,10,10,18.0
0.91813326,True,2,2,6.0
0.99052244,True,8,8,16.0
0.9891537,True,3,3,10.0
0.9874139,True,8,8,14.0
0.99092543,True,5,5,2.0
0.9447495,True,2,2,10.0
0.99018514,True,4,4,14.0
0.9808574,False,7,0,-6.0
0.99066937,True,9,9,16.0
0.5525542,True,1,1,10.0
0.92177826,False,0,2,-6.0
0.9527067,True,2,2,2.0
0.99067885,True,0,0,10.0
0.9938624,True,5,5,18.0
0.96041393,True,2,2,16.0
0.9203026,True,2,2,0.0
0.9910102,True,8,8,12.0
0.9905759,True,3,3,14.0
0.9874457,True,4,4,-4.0
0.9574434,True,4,4,-4.0
0.9937751,True,8,8,0.0
0.77418894,False,9,4,-6.0
0.9856549,False,8,7,-6.0
0.99007404,True,4,4,10.0
0.55907744,False,1,10,-2.0
0.9899192,True,7,7,2.0
0.93012536,True,2,2,-4.0
0.99203414,True,0,0,12.0
0.75239724,True,1,1,6.0
0.9902007,True,4,4,2.0
0.9906798,True,3,3,12.0
0.9879793,True,5,5,2.0
0.9927498,True,7,7,14.0
0.28964257,False,0,3,-6.0
0.98921216,True,3,3,-4.0
0.9932539,True,3,3,4.0
0.9917774,True,8,8,18.0
0.8906333,False,8,7,-4.0
0.5232734,True,6,6,-6.0
0.99293137,True,9,9,10.0
0.9912663,True,6,6,14.0
0.9928647,True,8,8,2.0
0.99253523,False,8,7,10.0
0.9942555,True,5,5,14.0
0.993863,True,4,4,2.0
0.99292964,True,5,5,12.0
0.99034286,True,3,3,-2.0
0.99248135,True,6,6,16.0
0.9905186,True,8,8,10.0
0.99107075,True,4,4,4.0
0.98671967,True,0,0,0.0
0.9477913,True,2,2,0.0
0.9854236,True,7,7,2.0
0.8496008,True,1,1,16.0
0.9942695,True,3,3,2.0
0.69232476,True,1,1,-6.0
0.9923463,True,6,6,16.0
0.99129206,True,4,4,2.0
0.83784074,True,10,10,-6.0
0.8865695,True,0,0,-2.0
0.991708,True,8,8,-6.0
0.9928888,True,8,8,12.0
0.638013,True,1,1,4.0
0.99026114,True,0,0,10.0
0.5550697,True,1,1,-4.0
0.99242675,True,8,8,2.0
0.9927234,True,3,3,0.0
0.67858374,True,3,3,-6.0
0.99340194,True,6,6,-4.0
0.6997371,False,9,0,-6.0
0.99063,True,8,8,4.0
0.9492246,True,2,2,12.0
0.973082,True,2,2,6.0
0.9424626,True,2,2,4.0
0.9909149,True,6,6,4.0
0.99098396,True,4,4,0.0
0.99318296,True,9,9,16.0
0.9372752,True,5,5,0.0
0.99414647,True,5,5,18.0
0.9854371,True,3,3,-4.0
0.99230886,True,6,6,8.0
0.98954505,True,5,5,2.0
0.99145573,True,4,4,18.0
0.9921904,True,10,10,14.0
0.9876275,True,8,8,16.0
0.9643701,True,8,8,2.0
0.9920988,True,0,0,6.0
0.9912208,True,6,6,16.0
0.9929652,True,8,8,6.0
0.9919932,True,5,5,6.0
0.9913701,True,8,8,2.0
0.8420653,True,7,7,-4.0
0.6449877,True,1,1,0.0
0.94646263,True,2,2,10.0
0.9911395,True,0,0,16.0
0.88539356,False,0,2,4.0
0.99320716,True,8,8,-2.0
0.99169874,True,6,6,12.0
0.7312069,True,1,1,18.0
0.99216765,True,9,9,4.0
0.99177086,True,8,8,18.0
0.61346245,True,5,5,-4.0
0.99007833,True,6,6,0.0
0.99235207,True,6,6,6.0
0.9939732,True,9,9,2.0
0.94770736,False,9,2,4.0
0.9467205,True,2,2,4.0
0.99146265,True,9,9,4.0
0.5642599,True,1,1,12.0
0.9929658,True,9,9,18.0
0.99238235,True,6,6,18.0
0.9909272,True,8,8,16.0
0.7169417,True,1,1,6.0
0.9916419,True,9,9,14.0
0.9219526,True,2,2,-6.0
0.99205494,True,6,6,-4.0
0.75076914,True,1,1,16.0
0.9923131,True,8,8,-2.0
0.9406744,True,4,4,-6.0
0.57340527,True,1,1,18.0
0.98320156,True,4,4,2.0
0.5649297,True,1,1,18.0
0.99252546,True,9,9,10.0
0.9628977,False,9,2,2.0
0.99222696,True,9,9,4.0
0.99068177,True,8,8,8.0
0.99314547,True,5,5,18.0
0.5342193,True,1,1,0.0
0.5955628,True,1,1,4.0
0.9902788,True,4,4,6.0
0.97749215,True,3,3,-2.0
0.9057576,True,2,2,0.0
0.99008113,True,4,4,-4.0
0.96022654,True,2,2,16.0
0.99252254,True,5,5,18.0
0.9728463,True,2,2,-4.0
0.9920942,True,3,3,0.0
0.6461609,True,10,10,-6.0
0.99083346,True,5,5,14.0
0.99322164,True,9,9,6.0
0.9938362,True,4,4,-2.0
0.99292773,True,9,9,12.0
0.96241164,True,2,2,14.0
0.956714,True,8,8,-4.0
0.9865187,False,8,7,8.0
0.9849005,True,5,5,-2.0
0.87919766,True,7,7,0.0
0.991629,True,4,4,12.0
0.98991054,True,4,4,12.0
0.9917321,True,3,3,6.0
0.9921744,True,8,8,0.0
0.9921558,True,6,6,14.0
0.9914991,True,9,9,8.0
0.9915454,True,6,6,2.0
0.6998166,True,3,3,-4.0
0.95580226,True,7,7,-4.0
0.62718874,True,1,1,-6.0
0.9866882,True,6,6,-6.0
0.3200178,False,10,2,-6.0
0.99075866,True,8,8,6.0
0.95756024,True,2,2,8.0
0.56906396,True,1,1,16.0
0.99228776,True,7,7,12.0
0.9893706,True,0,0,8.0
0.99165547,True,0,0,6.0
0.9908703,True,4,4,4.0
0.9915554,True,8,8,8.0
0.9907659,True,4,4,16.0
0.99331176,True,4,4,-2.0
0.99190056,True,9,9,18.0
0.9920962,True,5,5,18.0
0.8110807,True,0,0,-4.0
0.9921977,True,0,0,8.0
0.9920242,True,8,8,6.0
0.9923724,True,6,6,6.0
0.9914658,True,6,6,18.0
0.9237249,True,8,8,8.0
0.99348736,True,8,8,4.0
0.9427771,True,2,2,0.0
0.8783558,True,2,2,-2.0
0.9908647,True,6,6,12.0
0.9925552,True,9,9,10.0
0.98114944,True,5,5,-2.0
0.9941281,True,3,3,6.0
0.99100304,True,4,4,10.0
0.6203957,False,10,1,-6.0
0.99197054,True,4,4,10.0
0.9896187,True,3,3,16.0
0.9947378,True,10,10,8.0
0.99209774,True,6,6,18.0
0.9935275,True,3,3,2.0
0.9931357,True,6,6,-4.0
0.9910347,True,3,3,10.0
0.9922834,True,6,6,-4.0
0.9915814,True,6,6,8.0
0.99153835,True,4,4,0.0
0.9881688,True,8,8,-2.0
0.975448,True,0,0,0.0
0.99077034,True,6,6,18.0
0.99072635,True,9,9,10.0
0.6314448,False,10,1,2.0
0.9909078,True,7,7,8.0
0.9158053,False,8,7,-6.0
0.98909503,True,7,7,6.0
0.99251175,True,0,0,12.0
0.9495926,True,0,0,-2.0
0.98950875,True,3,3,18.0
0.99148387,True,8,8,16.0
0.9915549,True,4,4,4.0
0.9928196,True,0,0,14.0
0.989856,True,3,3,6.0
0.54389346,True,0,0,-2.0
0.99295104,True,0,0,14.0
0.9911253,True,0,0,8.0
0.99455786,True,3,3,-4.0
0.9933115,True,9,9,8.0
0.8109322,True,3,3,-6.0
0.7157138,True,1,1,6.0
0.92802715,True,9,9,-2.0
0.9904241,True,5,5,10.0
0.99145526,True,8,8,-2.0
0.7639125,True,5,5,-4.0
0.99197185,True,0,0,12.0
0.9921943,True,0,0,0.0
0.9933241,True,5,5,16.0
0.99216884,True,6,6,6.0
0.58986485,True,1,1,4.0
0.5206355,False,10,1,-6.0
0.9478353,True,2,2,-2.0
0.98941153,True,7,7,0.0
0.9925609,True,6,6,-4.0
0.9916168,True,6,6,8.0
0.9922908,True,5,5,12.0
0.99237543,True,6,6,-2.0
0.81406283,False,8,7,-4.0
0.99279106,True,3,3,0.0
0.9907712,True,7,7,10.0
0.9446023,True,2,2,18.0
0.9905468,True,7,7,6.0
0.9927457,True,0,0,14.0
0.98900044,True,3,3,2.0
0.9920656,True,4,4,2.0
0.9912436,True,6,6,12.0
0.9425637,True,2,2,2.0
0.9263143,True,2,2,12.0
0.99009776,True,4,4,8.0
0.9918921,True,6,6,10.0
0.9889065,True,7,7,2.0
0.9937505,True,10,10,8.0
0.9818672,True,10,10,-2.0
0.99288756,True,3,3,4.0
0.9748064,True,2,2,0.0
0.9923079,True,6,6,4.0
0.9559617,True,2,2,4.0
0.9880022,True,5,5,-6.0
0.9916095,True,8,8,14.0
0.99479324,True,6,6,-4.0
0.99058026,True,5,5,10.0
0.8783571,True,2,2,-2.0
0.7069794,True,0,0,-4.0
0.8797117,True,2,2,-2.0
0.9610044,True,2,2,12.0
0.9927857,True,3,3,8.0
0.9918241,True,0,0,6.0
0.5554817,True,0,0,-2.0
0.99268097,True,0,0,16.0
0.5445857,True,1,1,-2.0
0.5673204,False,10,1,16.0
0.99170506,True,6,6,12.0
0.9912254,True,4,4,8.0
0.9824066,True,3,3,-6.0
0.99308586,True,3,3,4.0
0.9318989,True,7,7,-4.0
0.9908552,True,9,9,0.0
0.5535046,True,1,1,10.0
0.9371998,True,2,2,6.0
0.55112356,True,1,1,14.0
0.7800358,False,0,2,-6.0
0.8936416,False,9,4,-6.0
0.5720133,True,1,1,8.0
0.9927214,True,6,6,4.0
0.9917203,True,9,9,12.0
0.99014753,True,7,7,18.0
0.56404966,False,10,1,4.0
0.5664555,False,10,1,14.0
0.9916909,True,6,6,2.0
0.5919418,True,1,1,18.0
0.9924805,True,5,5,6.0
0.5404003,False,0,9,-4.0
0.6271714,False,10,1,12.0
0.9811234,True,7,7,8.0
0.91108227,True,2,2,8.0
0.5300142,True,4,4,-6.0
0.9952264,True,5,5,2.0
0.9918081,True,7,7,2.0
0.9927955,True,8,8,-4.0
0.9496942,True,2,2,18.0
0.9928565,True,0,0,14.0
0.60836905,True,1,1,-6.0
0.5981551,False,10,1,0.0
0.9925292,True,3,3,2.0
0.9921038,True,7,7,2.0
0.9937878,True,6,6,-4.0
0.9951687,True,5,5,12.0
0.991924,True,9,9,8.0
0.993565,True,3,3,0.0
0.60432214,True,1,1,4.0
0.99647045,True,5,5,-2.0
0.9894937,True,8,8,8.0
0.92178404,True,2,2,-2.0
0.99109274,True,4,4,10.0
0.9914932,True,3,3,8.0
0.9935731,True,10,10,4.0
0.94955033,True,2,2,2.0
0.9937797,True,8,8,-2.0
0.97884274,False,3,2,-2.0
0.6877042,True,1,1,6.0
0.58389175,True,1,1,-4.0
0.98723745,True,6,6,-4.0
0.9895851,True,7,7,0.0
0.9919407,True,3,3,6.0
0.9903356,True,7,7,4.0
0.99203265,True,9,9,14.0
0.92585933,True,2,2,16.0
0.9930253,True,0,0,8.0
0.9656622,True,2,2,18.0
0.99060106,True,3,3,14.0
0.99109495,True,4,4,16.0
0.99012905,True,5,5,4.0
0.99277496,True,8,8,6.0
0.9935499,True,3,3,4.0
0.99094546,True,4,4,16.0
0.99218243,True,6,6,16.0
0.9920981,True,6,6,10.0
0.5834569,True,1,1,4.0
0.99159837,True,8,8,6.0
0.99053556,True,8,8,2.0
0.56075,True,1,1,-6.0
0.99278694,True,0,0,14.0
0.9922915,True,7,7,16.0
0.99037373,True,4,4,14.0
0.9911737,True,7,7,8.0
0.9682445,True,2,2,10.0
0.57897615,True,9,9,-4.0
0.610544,True,1,1,8.0
0.99052775,True,4,4,2.0
0.9905143,True,4,4,8.0
0.970206,True,2,2,2.0
0.51499736,False,6,3,-6.0
0.9904908,True,6,6,2.0
0.69162655,True,2,2,10.0
0.490741,True,3,3,-6.0
0.6568479,False,9,0,-4.0
0.9924705,True,9,9,8.0
0.6280245,True,0,0,-4.0
0.9910074,True,4,4,18.0
0.9947831,True,5,5,10.0
0.9915285,True,0,0,16.0
0.66183627,True,1,1,8.0
0.9925972,True,8,8,12.0
0.9914227,True,6,6,12.0
0.5235744,False,7,0,-6.0
0.9905021,True,5,5,18.0
0.9918898,True,6,6,16.0
0.99279237,True,9,9,18.0
0.9898511,True,3,3,16.0
0.9442519,True,6,6,-6.0
0.5601749,False,10,1,10.0
0.99212074,True,8,8,8.0
0.86377233,True,7,7,-2.0
0.61701083,True,1,1,-6.0
0.99077976,True,9,9,0.0
0.98985916,True,0,0,8.0
0.9927458,True,8,8,10.0
0.98398906,True,5,5,0.0
0.5692246,False,10,1,12.0
0.9920237,True,0,0,16.0
0.99251515,True,7,7,14.0
0.991981,True,4,4,14.0
0.990283,True,5,5,10.0
0.8755389,True,2,2,-4.0
0.99141324,True,3,3,-2.0
0.9651591,True,5,5,-6.0
0.99181634,True,4,4,8.0
0.9846058,True,3,3,-6.0
0.7348507,True,4,4,-6.0
0.9482718,True,2,2,-6.0
0.5885729,True,1,1,12.0
0.70743126,True,1,1,2.0
0.9585699,True,2,2,2.0
0.9892519,True,4,4,6.0
0.9923603,True,9,9,6.0
0.9917693,True,9,9,16.0
0.5836345,True,1,1,10.0
0.9300049,True,2,2,16.0
0.9927007,True,4,4,4.0
0.62626314,True,10,10,-4.0
0.99082375,True,6,6,14.0
0.57126987,False,10,1,-4.0
0.9924736,True,0,0,16.0
0.9585346,True,5,5,-2.0
0.9656203,True,2,2,12.0
0.95435256,True,2,2,-2.0
0.9908598,True,6,6,16.0
0.99303365,True,3,3,10.0
0.99146336,True,4,4,0.0
0.9917345,True,0,0,18.0
0.9909089,True,0,0,12.0
0.99379116,True,4,4,0.0
0.9909485,True,6,6,18.0
0.86714196,True,1,1,14.0
0.9920277,True,0,0,18.0
0.9905657,True,8,8,0.0
0.9892799,True,4,4,8.0
0.9916722,True,8,8,14.0
0.6145571,True,1,1,18.0
0.9932395,True,3,3,6.0
0.99332666,True,6,6,2.0
0.9706143,True,2,2,2.0
0.9906943,True,8,8,12.0
0.98683536,True,6,6,-6.0
0.992191,True,6,6,16.0
0.9933611,True,4,4,-2.0
0.56248945,True,1,1,8.0
0.9933195,True,6,6,6.0
0.981584,True,7,7,6.0
0.98094064,True,3,3,-4.0
0.99312794,True,4,4,2.0
0.9913727,True,3,3,4.0
0.5766508,True,1,1,6.0
0.9941288,True,5,5,8.0
0.5368332,True,7,7,-2.0
0.9949269,True,10,10,12.0
0.99139214,True,0,0,6.0
0.90427333,True,1,1,12.0
0.9926071,True,8,8,0.0
0.95369923,True,2,2,-4.0
0.9919897,True,7,7,4.0
0.9890476,True,8,8,14.0
0.9391966,True,2,2,-4.0
0.991392,True,4,4,12.0
0.6976914,True,10,10,0.0
0.9879766,True,5,5,8.0
0.99288565,True,6,6,16.0
0.9912039,True,4,4,16.0
0.94594806,True,2,2,2.0
0.93079555,True,2,2,10.0
0.95063406,True,10,10,10.0
0.99055976,True,5,5,0.0
0.9901867,True,0,0,2.0
0.9920884,True,8,8,8.0
0.99173343,True,7,7,14.0
0.99195534,True,6,6,16.0
0.9921853,True,8,8,18.0
0.9931427,True,5,5,0.0
0.99400854,True,3,3,8.0
0.6562619,True,9,9,-4.0
0.9912913,True,9,9,6.0
0.9916711,True,7,7,4.0
0.84458303,True,2,2,14.0
0.46031842,False,0,4,-2.0
0.9919343,True,7,7,12.0
0.56745785,False,10,1,4.0
0.6039776,True,1,1,-6.0
0.8630044,True,9,9,0.0
0.60841465,True,1,1,8.0
0.512296,True,9,9,-6.0
0.9944278,True,10,10,6.0
0.9922035,True,6,6,0.0
0.9741819,True,2,2,10.0
0.991163,True,0,0,16.0
0.9900092,True,3,3,10.0
0.9735184,True,2,2,-2.0
0.99223584,True,4,4,14.0
0.65014625,True,1,1,10.0
0.99266374,True,4,4,2.0
0.9232989,True,6,6,0.0
0.98979443,True,8,8,8.0
0.99053746,True,7,7,18.0
0.98992085,True,7,7,14.0
0.93679893,True,5,5,-6.0
0.9912136,True,5,5,8.0
0.97190475,True,2,2,8.0
0.99258184,True,0,0,16.0
0.9854453,True,9,9,-2.0
0.9913771,True,7,7,16.0
0.992332,True,5,5,10.0
0.9669445,True,2,2,16.0
0.57459813,False,10,1,4.0
0.9900171,True,0,0,4.0
0.9935241,True,3,3,12.0
0.98545307,True,5,5,0.0
0.9905233,True,7,7,18.0
0.9929334,True,8,8,-6.0
0.991076,True,6,6,16.0
0.9786487,True,3,3,-6.0
0.99127483,True,6,6,2.0
0.9903626,True,5,5,6.0
0.67182523,True,1,1,2.0
0.9921137,True,6,6,16.0
0.9896303,True,4,4,4.0
0.9916875,True,3,3,10.0
0.98852646,True,0,0,0.0
0.991578,True,9,9,8.0
0.9860384,True,7,7,8.0
0.98051697,False,0,2,-6.0
0.9918926,True,6,6,-4.0
0.9915352,True,8,8,18.0
0.9921103,True,4,4,6.0
0.9781852,True,7,7,14.0
0.6574766,False,9,0,-6.0
0.9878663,True,7,7,16.0
0.99139833,True,7,7,2.0
0.7621135,False,9,3,-4.0
0.99420196,True,6,6,0.0
0.9925755,True,6,6,10.0
0.99024713,True,5,5,10.0
0.98037547,True,7,7,-4.0
0.9933669,True,3,3,2.0
0.9543888,True,2,2,8.0
0.9924361,True,4,4,18.0
0.9705897,True,2,2,2.0
0.5176203,True,10,10,-6.0
0.99006736,True,3,3,14.0
0.99176264,True,6,6,18.0
0.9403683,True,2,2,2.0
0.9322992,True,7,7,-2.0
0.96008027,True,2,2,-6.0
0.9915175,True,4,4,16.0
0.9557553,True,2,2,8.0
0.99089545,True,3,3,8.0
0.7055201,False,9,0,-6.0
0.9898732,True,3,3,12.0
0.5271973,False,5,10,-4.0
0.99188507,True,6,6,16.0
0.9945088,True,3,3,4.0
0.6914656,True,1,1,8.0
0.99247897,True,3,3,4.0
0.9482249,False,7,9,-6.0
0.99143887,True,8,8,8.0
0.9923207,True,8,8,2.0
0.99267745,True,4,4,-2.0
0.9908731,True,9,9,2.0
0.99337983,True,5,5,10.0
0.99460936,True,5,5,14.0
0.578175,False,10,1,14.0
0.9919602,True,5,5,18.0
0.99291986,True,5,5,16.0
0.97527903,True,9,9,-2.0
0.71673465,True,1,1,4.0
0.99171805,True,6,6,16.0
0.56625706,False,10,1,12.0
0.50172895,True,10,10,-4.0
0.39271745,False,0,9,-6.0
0.49803928,True,9,9,-2.0
0.9902124,True,3,3,2.0
0.97349405,True,2,2,6.0
0.9259116,True,2,2,-6.0
0.57030475,True,1,1,8.0
0.99173564,True,6,6,10.0
0.5767505,False,10,1,4.0
0.9903323,True,0,0,2.0
0.99081504,True,3,3,12.0
0.97442853,False,9,4,0.0
0.9947277,True,6,6,4.0
0.5801778,False,10,1,10.0
0.99206007,True,0,0,16.0
0.8530479,True,6,6,-6.0
0.9926099,True,10,10,12.0
0.9927349,True,0,0,2.0
0.9907244,True,4,4,12.0
0.99131155,True,6,6,10.0
0.978925,True,7,7,10.0
0.8922341,True,2,2,-2.0
0.56700814,True,1,1,10.0
0.9929143,True,4,4,4.0
0.7200012,True,1,1,16.0
0.9891691,True,6,6,2.0
0.99012965,True,7,7,2.0
0.9900322,True,7,7,10.0
0.9931698,True,5,5,0.0
0.9480714,True,2,2,12.0
0.98697937,True,10,10,4.0
0.9908214,True,9,9,16.0
0.9915801,True,4,4,16.0
0.991143,True,8,8,18.0
0.5107925,True,1,1,-4.0
0.94704956,True,1,1,16.0
0.9921442,True,5,5,-4.0
0.6101536,True,1,1,6.0
0.9924109,True,0,0,14.0
0.9913119,True,7,7,-2.0
0.9908494,True,4,4,2.0
0.9899469,True,4,4,16.0
0.9535285,True,2,2,14.0
0.9909051,True,5,5,4.0
0.6626148,False,10,1,6.0
0.9078089,True,5,5,-6.0
0.9887925,True,4,4,4.0
0.9925351,True,7,7,10.0
0.5538765,False,10,1,-4.0
0.57054347,True,1,1,18.0
0.99261934,True,8,8,0.0
0.9927147,True,3,3,10.0
0.60111743,False,0,9,0.0
0.72971034,True,1,1,4.0
0.9897786,True,7,7,18.0
0.989717,True,4,4,16.0
0.8887046,True,7,7,2.0
0.918691,True,2,2,-4.0
0.6060175,True,1,1,0.0
0.9903239,True,6,6,6.0
0.9953501,True,5,5,10.0
0.99137115,True,7,7,10.0
0.98747116,True,0,0,4.0
0.9926755,True,9,9,18.0
0.9903743,True,7,7,14.0
0.9918371,True,0,0,8.0
0.9935387,True,10,10,12.0
0.59939075,True,1,1,4.0
0.9918562,True,7,7,14.0
0.9907102,True,4,4,16.0
0.8981609,True,2,2,10.0
0.92680836,True,0,0,0.0
0.97514015,True,7,7,-2.0
0.9884801,True,10,10,18.0
0.99254507,True,4,4,10.0
0.9915365,True,4,4,6.0
0.99261224,True,5,5,12.0
0.5603998,True,1,1,10.0
0.64777994,False,9,0,-2.0
0.93697846,True,5,5,-6.0
0.98846406,True,7,7,2.0
0.6512742,False,9,2,-6.0
0.9928202,True,9,9,12.0
0.5398767,False,2,4,12.0
0.99170095,True,8,8,14.0
0.9947454,True,5,5,-4.0
0.9926777,True,7,7,16.0
0.99190784,True,5,5,14.0
0.9928402,True,8,8,4.0
0.9934489,True,6,6,10.0
0.9938577,True,6,6,-4.0
0.5907329,True,1,1,-6.0
0.58738965,False,10,1,4.0
0.99406624,True,3,3,2.0
0.6182286,True,1,1,12.0
0.99114096,True,6,6,10.0
0.98937756,True,10,10,16.0
0.99133027,True,6,6,14.0
0.99070626,True,7,7,8.0
0.9913379,True,7,7,8.0
0.9898342,True,4,4,8.0
0.99209553,True,6,6,10.0
0.99364233,True,3,3,4.0
0.99605894,True,4,4,-2.0
0.9620378,True,5,5,-2.0
0.9516193,True,7,7,2.0
0.9918771,True,6,6,16.0
0.9893476,True,5,5,0.0
0.98831755,True,7,7,-2.0
0.98980904,True,0,0,18.0
0.6485654,True,1,1,2.0
0.9374998,True,2,2,8.0
0.993619,True,8,8,-4.0
0.99187136,True,6,6,-2.0
0.9893393,True,7,7,-2.0
0.9473486,True,2,2,6.0
0.9943245,True,5,5,2.0
0.50135016,True,9,9,-6.0
0.6485051,True,1,1,0.0
0.9891221,True,3,3,18.0
0.99187183,True,0,0,14.0
0.8408531,True,8,8,-4.0
0.99215126,True,9,9,14.0
0.99092686,True,0,0,18.0
0.6650458,True,10,10,-6.0
0.5637048,True,1,1,18.0
0.9559247,True,2,2,2.0
0.9913557,True,7,7,2.0
0.99323624,True,6,6,14.0
0.9494949,True,2,2,18.0
0.98735297,True,0,0,14.0
0.9914533,True,7,7,12.0
0.9916795,True,6,6,16.0
0.6138967,True,1,1,0.0
0.89620423,False,0,9,-2.0
0.5681591,True,1,1,18.0
0.90363634,True,2,2,2.0
0.9910405,True,4,4,4.0
0.99120116,True,10,10,12.0
0.5874017,True,1,1,4.0
0.9931613,True,8,8,0.0
0.39211258,True,1,1,-6.0
0.555377,False,10,1,14.0
0.99082714,True,0,0,4.0
0.9929079,True,6,6,4.0
0.99174315,True,3,3,14.0
0.99239093,True,6,6,16.0
0.56002605,False,10,1,-6.0
0.54516596,True,10,10,0.0
0.8844658,False,8,7,12.0
0.59745246,True,2,2,-6.0
0.9922158,True,6,6,18.0
0.52198297,False,10,1,-2.0
0.9931726,True,6,6,12.0
0.9793341,True,8,8,-2.0
0.9915017,True,8,8,10.0
0.9908969,True,9,9,4.0
0.56900436,False,10,1,18.0
0.6296606,False,10,1,18.0
0.9902683,True,3,3,16.0
0.9732752,True,7,7,10.0
0.6769042,False,9,0,-2.0
0.99506325,True,5,5,16.0
0.5811019,True,1,1,10.0
0.49041852,False,9,3,-6.0
0.9940877,True,10,10,6.0
0.99233973,True,4,4,8.0
0.6984328,True,1,1,12.0
0.9616863,True,7,7,14.0
0.99274445,True,9,9,2.0
0.54707474,True,1,1,-4.0
0.5666815,True,1,1,4.0
0.9917236,True,9,9,16.0
0.9912203,True,4,4,-2.0
0.9900682,True,5,5,2.0
0.9924661,True,6,6,0.0
0.99197924,True,8,8,6.0
0.9935342,True,4,4,0.0
0.5571875,True,0,0,8.0
0.99378383,True,3,3,0.0
0.9925861,True,8,8,-2.0
0.6635385,False,10,1,4.0
0.54422915,True,9,9,-4.0
0.93632054,True,2,2,10.0
0.99024427,True,4,4,12.0
0.59616375,True,1,1,-2.0
0.9917876,True,7,7,12.0
0.4974502,True,6,6,-6.0
0.9915494,True,4,4,16.0
0.9921961,True,5,5,14.0
0.9919224,True,0,0,14.0
0.97130686,True,2,2,18.0
0.94420433,True,2,2,14.0
0.9896163,True,8,8,6.0
0.65212506,True,1,1,8.0
0.9916447,True,7,7,14.0
0.9795616,True,3,3,-2.0
0.9838328,True,0,0,14.0
0.99340314,True,9,9,6.0
0.98987204,True,5,5,10.0
0.9912142,True,4,4,8.0
0.9679055,True,3,3,-4.0
0.9918041,True,9,9,12.0
0.99244314,True,5,5,4.0
0.5827294,True,1,1,8.0
0.97773063,True,5,5,-6.0
0.95532453,True,2,2,16.0
0.99173427,True,9,9,2.0
0.9795496,True,7,7,10.0
0.99205387,True,4,4,10.0
0.99332845,True,5,5,12.0
0.66974777,True,1,1,-2.0
0.9888348,True,0,0,12.0
0.9148139,True,2,2,14.0
0.7035584,True,1,1,14.0
0.99253607,True,9,9,10.0
0.9915264,True,5,5,-4.0
0.9914266,True,6,6,6.0
0.93341947,True,9,9,-2.0
0.99328965,True,6,6,-2.0
0.9922236,True,3,3,6.0
0.9929924,True,3,3,10.0
0.99107516,True,6,6,8.0
0.98650265,True,9,9,-2.0
0.9881864,True,0,0,4.0
0.41956758,False,0,2,-6.0
0.5876554,False,10,1,10.0
0.92320895,True,2,2,2.0
0.95174974,True,3,3,-6.0
0.99075454,True,4,4,10.0
0.99133575,True,6,6,-2.0
0.9922854,True,8,8,0.0
0.9928462,True,0,0,16.0
0.9705413,False,0,2,6.0
0.9899691,True,7,7,8.0
0.9944911,True,3,3,2.0
0.675689,True,1,1,0.0
0.52780104,False,9,4,-4.0
0.9927978,True,8,8,-2.0
0.97773093,True,8,8,0.0
0.9577539,True,2,2,14.0
0.992285,True,6,6,0.0
0.9905049,True,3,3,14.0
0.5871507,False,10,1,8.0
0.8564548,True,5,5,-6.0
0.9926696,True,3,3,-2.0
0.9911618,True,3,3,4.0
0.9904268,True,4,4,8.0
0.9947849,True,3,3,-2.0
0.99121594,True,3,3,18.0
0.5824444,False,10,1,2.0
0.99310195,True,9,9,12.0
0.9861056,True,7,7,0.0
0.99303997,True,4,4,4.0
0.6098145,True,3,3,-4.0
0.9903638,True,7,7,10.0
0.9762673,True,5,5,-2.0
0.5622235,True,1,1,-2.0
0.99273694,True,0,0,8.0
0.99284124,True,4,4,18.0
0.93028224,False,7,2,0.0
0.98858297,True,7,7,6.0
0.98860127,True,4,4,0.0
0.9478082,True,2,2,18.0
0.9425037,True,2,2,16.0
0.99144906,True,9,9,12.0
0.98796636,True,8,8,6.0
0.99456775,True,4,4,-2.0
0.5747228,False,10,1,12.0
0.9780678,True,7,7,4.0
0.9928496,True,9,9,0.0
0.99131656,True,5,5,10.0
0.8400187,True,2,2,-2.0
0.99089897,True,4,4,8.0
0.8624392,True,7,7,-6.0
0.52202666,False,10,1,-6.0
0.9384402,True,7,7,4.0
0.9912043,True,3,3,2.0
0.9918663,True,3,3,12.0
0.99027467,True,7,7,6.0
0.9356823,True,0,0,0.0
0.86422527,True,7,7,-4.0
0.94049186,True,3,3,-2.0
0.9916769,True,8,8,6.0
0.9863694,True,8,8,14.0
0.33741173,False,0,9,-2.0
0.53649646,False,10,5,-2.0
0.99031174,True,8,8,6.0
0.5261652,True,9,9,-4.0
0.64699095,False,10,1,0.0
0.99296314,True,6,6,2.0
0.9922456,True,9,9,18.0
0.5828405,False,10,1,0.0
0.5762354,True,1,1,16.0
0.9920312,True,8,8,14.0
0.948874,False,6,2,-4.0
0.989556,True,5,5,6.0
0.99148285,True,3,3,2.0
0.99106824,True,8,8,16.0
0.992257,True,9,9,14.0
0.991223,True,8,8,10.0
0.99153554,True,8,8,8.0
0.48174453,False,7,8,10.0
0.69267553,True,1,1,8.0
0.64633864,True,1,1,4.0
0.9914233,True,3,3,4.0
0.87265134,True,5,5,-6.0
0.99378526,True,6,6,2.0
0.98665893,True,8,8,-2.0
0.9935666,True,8,8,-2.0
0.9912378,True,5,5,10.0
0.9914163,True,0,0,8.0
0.50053555,True,0,0,-4.0
0.37576574,False,9,4,-6.0
0.9943678,True,3,3,0.0
0.9917183,True,0,0,8.0
0.99327093,True,8,8,-4.0
0.9926415,True,9,9,12.0
0.48698825,True,0,0,-4.0
0.92767113,True,7,7,16.0
0.99348736,True,9,9,10.0
0.99139905,True,4,4,0.0
0.9930333,True,3,3,-2.0
0.9726396,False,0,4,-2.0
0.95241106,True,2,2,4.0
0.9913018,True,3,3,18.0
0.9927206,True,4,4,6.0
0.5446946,False,0,4,-4.0
0.99117494,True,6,6,-2.0
0.9920952,True,8,8,8.0
0.9914556,True,4,4,6.0
0.986839,True,0,0,16.0
0.991831,True,9,9,12.0
0.9926213,True,7,7,14.0
0.9334185,True,2,2,2.0
0.34580576,False,0,3,-4.0
0.99045104,True,10,10,10.0
0.61224335,True,1,1,-2.0
0.96389514,False,0,9,-2.0
0.98699653,True,9,9,0.0
0.9932254,True,8,8,2.0
0.992808,True,8,8,2.0
0.9894939,True,7,7,4.0
0.9899302,True,3,3,12.0
0.98739237,True,0,0,0.0
0.99184096,True,5,5,10.0
0.98897654,True,7,7,10.0
0.9921588,True,3,3,10.0
0.6287954,True,1,1,6.0
0.8020707,False,8,9,18.0
0.9955864,True,5,5,10.0
0.9878804,True,5,5,4.0
0.995832,True,5,5,10.0
0.99324185,True,0,0,4.0
0.56826174,True,1,1,-4.0
0.9921284,True,9,9,2.0
0.56572306,False,10,1,18.0
0.9929362,True,3,3,4.0
0.99100363,True,7,7,8.0
0.99310064,True,5,5,14.0
0.9916128,True,3,3,18.0
0.9952675,True,10,10,14.0
0.38911268,False,9,7,-4.0
0.99281704,True,6,6,4.0
0.9145548,True,2,2,18.0
0.9914159,True,9,9,10.0
0.93009317,True,1,1,18.0
0.9390572,True,2,2,12.0
0.94918567,True,2,2,8.0
0.39300963,False,9,0,-4.0
0.99105525,True,4,4,16.0
0.93819994,True,2,2,12.0
0.9923498,True,6,6,18.0
0.9932674,True,8,8,-6.0
0.99172455,True,9,9,4.0
0.9950557,True,5,5,6.0
0.99209255,True,6,6,12.0
0.56877273,False,10,1,16.0
0.992293,True,6,6,2.0
0.95784944,True,2,2,-6.0
0.9436284,True,2,2,-4.0
0.9932488,True,4,4,0.0
0.99066657,True,5,5,10.0
0.9952413,True,5,5,2.0
0.96571547,False,3,2,-6.0
0.99313825,True,5,5,16.0
0.89642626,True,2,2,4.0
0.9913908,True,5,5,10.0
0.9526966,True,2,2,0.0
0.5985244,False,10,1,0.0
0.9917892,True,3,3,14.0
0.99032885,True,8,8,12.0
0.6024577,False,10,1,6.0
0.99025095,True,8,8,16.0
0.9937464,True,6,6,14.0
0.99181175,True,5,5,14.0
0.9923884,True,6,6,-2.0
0.6069109,True,1,1,12.0
0.7812239,True,0,0,0.0
0.99178094,True,6,6,16.0
0.6239659,True,1,1,2.0
0.9575269,True,2,2,2.0
0.5897596,False,1,10,-2.0
0.8367244,True,10,10,2.0
0.99109334,True,4,4,14.0
0.95048416,True,2,2,6.0
0.75012493,True,1,1,12.0
0.9932585,True,9,9,8.0
0.9916021,True,9,9,8.0
0.9919938,True,10,10,14.0
0.4998714,False,0,9,-4.0
0.97859746,True,8,8,-4.0
0.99100786,True,6,6,14.0
0.8871639,True,5,5,0.0
0.98118126,True,9,9,-2.0
0.9931538,True,9,9,10.0
0.9911849,True,6,6,4.0
0.71521425,True,1,1,16.0
0.99072427,True,7,7,14.0
0.991939,True,4,4,6.0
0.6099484,True,1,1,10.0
0.98044604,True,7,7,-4.0
0.9905599,True,7,7,0.0
0.9922616,True,8,8,18.0
0.99239576,True,3,3,12.0
0.62122476,True,9,9,-4.0
0.9910324,True,7,7,4.0
0.5690975,False,9,0,-6.0
0.98977125,True,3,3,16.0
0.57347274,False,10,1,14.0
0.99226475,True,6,6,18.0
0.9916387,True,0,0,6.0
0.9913024,True,9,9,4.0
0.9911636,True,7,7,12.0
0.6660693,True,1,1,-2.0
0.9926127,True,0,0,10.0
0.99154294,True,9,9,10.0
0.99215853,True,4,4,2.0
0.9898774,True,9,9,2.0
0.9276639,True,0,0,0.0
0.6996634,True,1,1,12.0
0.5640727,True,1,1,0.0
0.9903578,True,4,4,14.0
0.9422868,True,2,2,-2.0
0.90484333,True,2,2,-6.0
0.9902298,True,7,7,0.0
0.5924292,True,1,1,12.0
0.99077106,True,3,3,18.0
0.9823874,True,4,4,-4.0
0.9903189,True,7,7,12.0
0.99233925,True,6,6,12.0
0.9909196,True,8,8,10.0
0.94003785,True,2,2,-2.0
0.99166274,True,9,9,12.0
0.68312186,False,0,5,-4.0
0.94795805,True,2,2,0.0
0.9575102,True,2,2,12.0
0.9932152,True,9,9,10.0
0.9570577,True,2,2,2.0
0.99283665,True,4,4,2.0
0.70432967,True,2,2,12.0
0.9910029,True,8,8,10.0
0.969132,True,2,2,16.0
0.894394,True,1,1,8.0
0.99215525,True,9,9,10.0
0.99189246,True,4,4,16.0
0.9910545,True,0,0,14.0
0.5816667,False,10,1,8.0
0.9910875,True,4,4,16.0
0.9936726,True,5,5,12.0
0.992326,True,6,6,4.0
0.99284863,True,0,0,10.0
0.66055965,False,10,1,14.0
0.991703,True,0,0,10.0
0.9908732,True,8,8,18.0
0.9921828,True,0,0,10.0
0.99252045,True,6,6,-4.0
0.5609749,False,10,1,4.0
0.99112743,True,4,4,6.0
0.9951324,True,5,5,0.0
0.99138767,True,0,0,10.0
0.9435786,True,2,2,16.0
0.91800874,True,8,8,-6.0
0.60352284,True,0,0,-4.0
0.9928717,True,6,6,18.0
0.9909877,True,7,7,2.0
0.57313704,True,1,1,6.0
0.9884064,True,7,7,6.0
0.9543646,True,2,2,6.0
0.94525427,True,8,8,18.0
0.94345015,True,4,4,-4.0
0.9632855,True,2,2,8.0
0.81824976,True,2,2,14.0
0.9919544,True,3,3,2.0
0.9285651,True,3,3,-4.0
0.9900315,True,7,7,12.0
0.5908291,False,3,2,-4.0
0.9914868,True,0,0,2.0
0.9917174,True,8,8,14.0
0.99447554,True,5,5,10.0
0.9897182,True,10,10,16.0
0.99403596,True,5,5,12.0
0.99455476,True,3,3,2.0
0.95847833,True,3,3,0.0
0.6430719,True,1,1,10.0
0.9945702,True,10,10,8.0
0.992564,True,6,6,14.0
0.4971755,False,1,10,-2.0
0.99237037,True,0,0,12.0
0.9529101,True,2,2,-2.0
0.9901031,True,4,4,16.0
0.6560942,True,1,1,0.0
0.52315474,True,3,3,-4.0
0.9911911,True,4,4,0.0
0.99142575,True,8,8,-2.0
0.96278024,False,9,4,-6.0
0.588967,True,1,1,10.0
0.99253017,True,6,6,-6.0
0.99181366,True,9,9,16.0
0.79455054,True,3,3,-6.0
0.52727437,True,3,3,-6.0
0.95428014,True,2,2,-4.0
0.990388,True,3,3,6.0
0.6062489,False,5,4,-6.0
0.991598,True,7,7,18.0
0.99300027,True,8,8,-4.0
0.9955401,True,5,5,10.0
0.9626162,True,5,5,0.0
0.990599,True,6,6,10.0
0.62616694,True,1,1,2.0
0.9924499,True,8,8,2.0
0.9610624,True,5,5,0.0
0.42706227,False,2,3,4.0
0.991903,True,3,3,14.0
0.993095,True,4,4,2.0
0.9925746,True,0,0,6.0
0.5664912,True,1,1,14.0
0.5892438,True,1,1,4.0
0.9259953,True,2,2,16.0
0.99155045,True,6,6,12.0
0.9918343,True,6,6,16.0
0.9924919,True,6,6,18.0
0.9926883,True,9,9,16.0
0.8392781,True,3,3,-6.0
0.9942287,True,5,5,18.0
0.98201823,True,0,0,4.0
0.9909814,True,3,3,10.0
0.6825026,True,10,10,-2.0
0.993302,True,4,4,8.0
0.991438,True,8,8,4.0
0.7885797,True,1,1,14.0
0.9505495,True,4,4,-4.0
0.6819595,True,1,1,2.0
0.99443454,True,10,10,6.0
0.9902441,True,10,10,16.0
0.9922643,True,6,6,18.0
0.9933503,True,6,6,4.0
0.65691525,False,10,1,-6.0
0.99119896,True,7,7,14.0
0.5337049,False,10,1,0.0
0.96283185,True,5,5,-4.0
0.991706,True,10,10,16.0
0.9926173,True,3,3,16.0
0.99342453,True,8,8,-4.0
0.9912777,True,9,9,8.0
0.7234449,True,1,1,4.0
0.99293476,True,6,6,0.0
0.9206284,True,2,2,10.0
0.5821837,False,10,1,14.0
0.60676235,True,1,1,-6.0
0.9452988,True,2,2,-2.0
0.939522,True,7,7,8.0
0.99430954,True,9,9,6.0
0.99055684,True,3,3,14.0
0.53632396,False,9,0,-2.0
0.99139893,True,3,3,14.0
0.9295047,True,9,9,2.0
0.99265516,True,6,6,10.0
0.9913756,True,6,6,-2.0
0.98678327,True,10,10,4.0
0.6426365,True,1,1,16.0
0.5677275,False,0,9,-6.0
0.993185,True,5,5,12.0
0.9832925,True,10,10,12.0
0.9918149,True,5,5,14.0
0.5203404,False,9,0,-4.0
0.94105756,True,2,2,0.0
0.94694823,True,0,0,-2.0
0.9891566,True,8,8,4.0
0.9740632,True,0,0,0.0
0.52576077,True,0,0,-2.0
0.98621964,False,6,3,-6.0
0.540571,True,0,0,-4.0
0.73162216,True,0,0,-2.0
0.980207,True,3,3,-4.0
0.99243027,True,6,6,10.0
0.95103586,True,2,2,18.0
0.9922734,True,6,6,8.0
0.9909019,True,6,6,2.0
0.87628895,True,5,5,0.0
0.9282354,True,2,2,6.0
0.71787924,True,1,1,12.0
0.9908585,True,0,0,14.0
0.98921853,True,8,8,14.0
0.39676902,False,0,9,-4.0
0.99166447,True,3,3,10.0
0.9927133,True,9,9,18.0
0.9915944,True,9,9,8.0
0.99266595,True,6,6,0.0
0.5532608,True,1,1,-2.0
0.96177363,True,5,5,-6.0
0.989305,True,10,10,0.0
0.9907718,True,3,3,18.0
0.9908716,True,4,4,10.0
0.9401017,True,2,2,2.0
0.9778772,True,0,0,0.0
0.99314547,True,9,9,12.0
0.8303701,True,6,6,-6.0
0.99175537,True,8,8,18.0
0.99251187,True,8,8,16.0
0.6347414,True,9,9,-6.0
0.98890287,True,5,5,10.0
0.73362714,True,1,1,14.0
0.98207915,True,5,5,-4.0
0.9920027,True,4,4,8.0
0.631053,False,0,7,2.0
0.8893505,True,2,2,-2.0
0.98966354,True,0,0,18.0
0.99134225,True,9,9,12.0
0.58890116,True,1,1,-4.0
0.945372,True,2,2,-6.0
0.61347765,False,10,1,-4.0
0.98999524,True,4,4,10.0
0.99217105,True,0,0,2.0
0.6024517,False,10,1,2.0
0.9918744,True,8,8,4.0
0.717816,True,1,1,12.0
0.9924265,True,5,5,18.0
0.8797073,True,2,2,14.0
0.99397165,True,10,10,4.0
0.9926731,True,5,5,4.0
0.9471054,True,2,2,6.0
0.9917503,True,9,9,4.0
0.9907986,True,3,3,10.0
0.99358857,True,9,9,2.0
0.44060874,False,9,3,-6.0
0.99033207,True,3,3,12.0
0.9450206,True,2,2,2.0
0.95703274,True,2,2,16.0
0.98142874,True,6,6,-6.0
0.9752447,True,2,2,18.0
0.98669213,True,7,7,8.0
0.99271166,True,5,5,18.0
0.9925377,True,3,3,10.0
0.9907431,True,3,3,18.0
0.565913,True,1,1,8.0
0.816731,True,5,5,-2.0
0.98738134,True,8,8,-4.0
0.9936953,True,9,9,12.0
0.7329572,True,0,0,-4.0
0.63798475,False,9,0,-2.0
0.99068767,True,7,7,16.0
0.9940853,True,5,5,8.0
0.99460727,True,3,3,10.0
0.6387952,True,1,1,12.0
0.69645137,True,1,1,4.0
0.9904868,True,7,7,18.0
0.9879467,True,8,8,0.0
0.99195975,True,0,0,18.0
0.631235,False,10,1,-6.0
0.9779459,True,5,5,-2.0
0.9663477,True,10,10,4.0
0.80312324,True,1,1,16.0
0.653284,True,1,1,-6.0
0.9921605,True,3,3,10.0
0.992251,True,9,9,12.0
0.99099344,True,6,6,0.0
0.99615365,True,5,5,2.0
0.9918298,True,9,9,10.0
0.64871776,True,1,1,-4.0
0.97595435,True,2,2,4.0
0.9911912,True,8,8,18.0
0.5228214,True,9,9,-2.0
0.93884957,True,10,10,10.0
0.43854445,True,3,3,-4.0
0.9907802,True,8,8,2.0
0.6172126,True,1,1,12.0
0.9927371,True,0,0,18.0
0.9926393,True,0,0,2.0
0.9922162,True,6,6,16.0
0.9099863,True,2,2,10.0
0.99216074,True,10,10,18.0
0.6979638,True,2,2,18.0
0.58550286,False,10,1,8.0
0.99235415,True,4,4,6.0
0.992568,True,9,9,12.0
0.994362,True,5,5,8.0
0.9893484,True,7,7,6.0
0.99036694,True,6,6,6.0
0.9910787,True,0,0,14.0
0.54568356,True,8,8,2.0
0.91736096,True,2,2,10.0
0.9933804,True,9,9,4.0
0.98921144,True,5,5,-2.0
0.991239,True,6,6,6.0
0.99100834,True,8,8,2.0
0.99019146,True,4,4,2.0
0.81911296,True,1,1,8.0
0.9937697,True,5,5,18.0
0.5936431,False,3,6,-2.0
0.991899,True,3,3,16.0
0.9923901,True,4,4,16.0
0.9905522,True,3,3,12.0
0.6965833,True,1,1,14.0
0.60498255,True,1,1,8.0
0.97165775,True,8,8,10.0
0.991335,True,0,0,8.0
0.9912116,True,7,7,8.0
0.9920821,True,9,9,2.0
0.9886777,True,10,10,16.0
0.99306786,True,5,5,0.0
0.99212694,True,3,3,6.0
0.9888681,True,7,7,14.0
0.9918773,True,8,8,6.0
0.53383636,True,9,9,-4.0
0.9921187,True,9,9,18.0
0.99221295,True,0,0,4.0
0.99252546,True,8,8,6.0
0.9924899,True,9,9,14.0
0.9928585,True,9,9,4.0
0.9937232,True,9,9,14.0
0.9916824,True,6,6,-2.0
0.9923652,True,6,6,8.0
0.8670087,True,7,7,8.0
0.56059825,False,10,1,10.0
0.9917414,True,3,3,4.0
0.9921085,True,8,8,-4.0
0.9523689,True,2,2,8.0
0.99191225,True,8,8,4.0
0.99186313,True,9,9,14.0
0.9958306,True,3,3,4.0
0.99108714,True,9,9,4.0
0.98864776,True,7,7,0.0
0.9910788,True,3,3,2.0
0.9888487,True,4,4,14.0
0.59755844,True,1,1,6.0
0.71983933,True,5,5,-6.0
0.990146,True,8,8,12.0
0.9927201,True,5,5,18.0
0.99402064,True,3,3,0.0
0.92459404,True,2,2,-6.0
0.99392045,True,3,3,8.0
0.59253377,False,9,0,-2.0
0.9898391,True,8,8,8.0
0.9209858,True,2,2,-6.0
0.40017667,False,9,4,-4.0
0.9906613,True,3,3,6.0
0.989785,True,4,4,12.0
0.99329597,True,4,4,0.0
0.99198854,True,4,4,18.0
0.76034814,False,5,10,-2.0
0.9923415,True,0,0,2.0
0.56968075,False,10,1,14.0
0.65486246,False,10,1,6.0
0.99395895,True,8,8,-4.0
0.9928478,True,0,0,16.0
0.9924265,True,0,0,4.0
0.4635778,True,9,9,-2.0
0.99219245,True,8,8,2.0
0.5530916,True,1,1,-2.0
0.9882307,True,7,7,4.0
0.9929583,True,5,5,-4.0
0.9912185,True,4,4,4.0
0.7013091,False,10,1,-4.0
0.99164283,True,7,7,-6.0
0.57333434,True,1,1,16.0
0.5628677,True,1,1,10.0
0.99344724,True,5,5,-2.0
0.5649877,False,10,1,12.0
0.97738385,True,2,2,10.0
0.9924625,True,4,4,4.0
0.99361444,True,8,8,12.0
0.98829544,True,7,7,14.0
0.99176675,True,9,9,18.0
0.9907375,True,9,9,2.0
0.8465645,True,5,5,-6.0
0.9939959,True,8,8,0.0
0.9916367,True,4,4,2.0
0.9915868,True,9,9,0.0
0.991565,True,9,9,4.0
0.9922758,True,9,9,8.0
0.9917474,True,6,6,-2.0
0.99360234,True,6,6,-2.0
0.8174113,True,5,5,8.0
0.58261067,True,9,9,-2.0
0.9919024,True,0,0,10.0
0.98796755,True,7,7,0.0
0.9487008,True,2,2,10.0
0.58294576,True,1,1,10.0
0.9930488,True,7,7,14.0
0.9938408,True,5,5,14.0
0.5638402,False,10,1,2.0
0.9917026,True,7,7,4.0
0.9910458,True,3,3,16.0
0.9771797,True,8,8,6.0
0.96584356,True,8,8,-4.0
0.4850718,False,4,5,-6.0
0.60075635,True,0,0,-4.0
0.5447727,True,9,9,-6.0
0.9923586,True,9,9,8.0
0.9929182,True,3,3,6.0
0.9895767,True,4,4,6.0
0.56795806,True,1,1,14.0
0.9927806,True,5,5,14.0
0.660952,True,1,1,2.0
0.8041106,True,8,8,-6.0
0.9924285,True,8,8,8.0
0.71096754,False,10,1,-6.0
0.9878006,True,7,7,8.0
0.9832992,True,7,7,0.0
0.9664639,True,4,4,-6.0
0.7537803,False,4,9,-6.0
0.9921818,True,8,8,0.0
0.99120927,True,8,8,16.0
0.9306505,False,7,0,-6.0
0.98983395,True,5,5,2.0
0.72602314,True,7,7,-6.0
0.9932601,True,9,9,10.0
0.99211484,True,4,4,12.0
0.99112964,True,8,8,14.0
0.99107987,True,4,4,4.0
0.99079204,True,9,9,8.0
0.6952387,True,1,1,0.0
0.99178255,True,4,4,16.0
0.99202687,True,5,5,10.0
0.96790934,True,2,2,2.0
0.34403127,False,3,0,-6.0
0.9915298,True,0,0,18.0
0.99189913,True,10,10,14.0
0.9919282,True,3,3,8.0
0.99137515,True,3,3,16.0
0.9925654,True,3,3,-2.0
0.8815467,True,0,0,2.0
0.69096106,True,1,1,4.0
0.9887453,True,0,0,4.0
0.5707414,True,1,1,16.0
0.99163157,True,6,6,6.0
0.99287754,True,0,0,10.0
0.95697856,True,2,2,10.0
0.9923867,True,0,0,8.0
0.989764,True,8,8,16.0
0.81922626,True,10,10,-4.0
0.66973037,True,1,1,-6.0
0.99355423,True,5,5,14.0
0.5870156,True,1,1,14.0
0.99163306,True,9,9,14.0
0.9895857,True,7,7,-6.0
0.918444,True,1,1,18.0
0.62491,True,1,1,14.0
0.9909766,True,7,7,14.0
0.9904633,True,7,7,18.0
0.9919755,True,6,6,0.0
0.9939872,True,6,6,-4.0
0.9921375,True,9,9,10.0
0.9906034,True,9,9,0.0
0.99126595,True,0,0,16.0
0.5490291,True,8,8,12.0
0.99004173,True,7,7,10.0
0.9672756,True,5,5,2.0
0.6044318,False,9,0,-6.0
0.98935694,True,8,8,-2.0
0.94017035,False,9,2,18.0
0.9924821,True,5,5,0.0
0.6527114,True,7,7,-4.0
0.9932636,True,10,10,8.0
0.94516367,True,0,0,0.0
0.9915432,True,0,0,8.0
0.7435388,True,9,9,0.0
0.96739155,True,7,7,8.0
0.5701425,False,10,1,12.0
0.5143716,True,1,1,-4.0
0.9203697,True,2,2,18.0
0.9915731,True,0,0,16.0
0.99623626,True,5,5,4.0
0.98308384,True,7,7,-2.0
0.99238527,True,7,7,14.0
0.9885848,True,3,3,8.0
0.9914556,True,6,6,4.0
0.9903757,True,8,8,16.0
0.99343264,True,3,3,8.0
0.95864797,True,2,2,14.0
0.62286013,True,10,10,-6.0
0.99158734,True,8,8,10.0
0.9919017,True,6,6,-4.0
0.98939884,True,7,7,14.0
0.98299557,False,8,7,2.0
0.9929137,True,8,8,18.0
0.28137416,True,0,0,-6.0
0.974865,True,5,5,6.0
0.92193973,True,9,9,-2.0
0.99073607,True,10,10,18.0
0.99145186,True,8,8,12.0
0.9913453,True,0,0,2.0
0.99344724,True,10,10,6.0
0.9921411,True,0,0,8.0
0.9764924,True,7,7,-2.0
0.9897866,True,3,3,12.0
0.99327505,True,3,3,18.0
0.9901453,True,0,0,2.0
0.9931171,True,0,0,2.0
0.6685366,False,10,1,4.0
0.99466515,True,10,10,12.0
0.99167866,True,0,0,4.0
0.9066606,True,10,10,-2.0
0.85000324,True,5,5,0.0
0.92779714,False,7,8,-4.0
0.9927868,True,3,3,8.0
0.99095273,True,8,8,10.0
0.39575416,False,9,0,-4.0
0.5674727,False,10,1,4.0
0.9899005,True,4,4,16.0
0.94945705,True,2,2,8.0
0.50866854,True,3,3,6.0
0.58468115,False,7,8,-2.0
0.4198292,False,9,3,-4.0
0.45810074,True,0,0,-6.0
0.9920535,True,9,9,12.0
0.95603985,True,2,2,14.0
0.9895347,True,7,7,2.0
0.7423951,True,1,1,10.0
0.98998344,True,4,4,14.0
0.6463617,False,10,1,2.0
0.9892056,True,3,3,16.0
0.8007032,True,5,5,-6.0
0.99393976,True,4,4,2.0
0.9889564,True,7,7,12.0
0.9920473,True,0,0,16.0
0.9455522,True,10,10,0.0
0.9902186,True,3,3,18.0
0.97335815,True,2,2,16.0
0.5630348,True,1,1,8.0
0.99081475,True,8,8,4.0
0.58153546,True,1,1,10.0
0.99175304,True,6,6,14.0
0.9919276,True,5,5,14.0
0.99415237,True,3,3,-4.0
0.9942947,True,5,5,18.0
0.37988597,False,4,9,-6.0
0.993002,True,6,6,4.0
0.88825834,True,7,7,2.0
0.99120086,True,3,3,10.0
0.9913762,True,8,8,10.0
0.9947536,True,10,10,12.0
0.9885393,True,5,5,10.0
0.99156296,True,6,6,12.0
0.99170965,True,4,4,16.0
0.9537577,True,2,2,8.0
0.84167385,True,8,8,18.0
0.98402965,True,6,6,-6.0
0.99002236,True,6,6,18.0
0.991979,True,6,6,10.0
0.9899554,True,7,7,2.0
0.59107006,False,0,9,-6.0
0.3991478,False,2,4,10.0
0.99131644,True,0,0,18.0
0.73157173,True,10,10,-6.0
0.9932278,True,9,9,18.0
0.992384,True,8,8,18.0
0.99168515,True,4,4,6.0
0.9928328,True,5,5,12.0
0.5771303,False,10,1,8.0
0.98829436,True,8,8,4.0
0.993226,True,7,7,-6.0
0.93398243,True,4,4,-4.0
0.99001163,True,5,5,2.0
0.38136658,True,5,5,-4.0
0.9925328,True,3,3,12.0
0.47887,False,7,8,18.0
0.9924389,True,3,3,14.0
0.99170446,True,6,6,0.0
0.9926529,True,8,8,14.0
0.991078,True,4,4,8.0
0.98710316,True,7,7,2.0
0.99185914,True,6,6,-2.0
0.5964421,True,1,1,16.0
0.70895445,False,10,1,10.0
0.7685097,True,9,9,-4.0
0.9414334,True,3,3,-2.0
0.9924051,True,9,9,16.0
0.9909105,True,0,0,0.0
0.9897446,True,8,8,14.0
0.92458624,True,2,2,10.0
0.99324906,True,5,5,6.0
0.8558427,True,4,4,-4.0
0.99145913,True,3,3,0.0
0.9910822,True,3,3,10.0
0.5749783,False,1,10,0.0
0.9265908,True,2,2,-4.0
0.9391242,True,7,7,-6.0
0.51105237,True,1,1,0.0
0.996431,True,10,10,2.0
0.9925696,True,3,3,6.0
0.9935696,True,9,9,18.0
0.992268,True,0,0,4.0
0.99310195,True,4,4,-4.0
0.99148905,True,0,0,8.0
0.99058986,True,0,0,6.0
0.99148315,True,7,7,2.0
0.9868253,True,8,8,-4.0
0.98947525,True,7,7,8.0
0.99149317,True,4,4,16.0
0.9787628,True,0,0,2.0
0.5842515,True,1,1,10.0
0.9886125,True,7,7,8.0
0.9928778,True,9,9,6.0
0.31021684,False,0,9,-6.0
0.52828515,False,5,10,-2.0
0.9737933,True,2,2,-4.0
0.98741734,True,0,0,4.0
0.9919226,True,8,8,0.0
0.9876637,True,4,4,-2.0
0.9777794,True,7,7,-6.0
0.8281415,True,10,10,14.0
0.95614856,True,2,2,4.0
0.5135808,False,1,10,-6.0
0.9920366,True,4,4,14.0
0.99246275,True,6,6,6.0
0.9442932,True,5,5,-4.0
0.99271035,True,8,8,14.0
0.9335462,True,7,7,-6.0
0.99204516,True,6,6,4.0
0.99183136,True,0,0,8.0
0.7605339,True,10,10,12.0
0.99107516,True,4,4,4.0
0.9925949,True,9,9,6.0
0.9897551,True,9,9,14.0
0.9929309,True,6,6,18.0
0.99238706,True,6,6,8.0
0.9908317,True,4,4,8.0
0.9914848,True,3,3,14.0
0.97611374,True,2,2,10.0
0.9929876,True,6,6,-4.0
0.992968,True,0,0,10.0
0.98929477,True,4,4,8.0
0.9781659,True,8,8,-6.0
0.62294793,False,10,1,-6.0
0.9922125,True,7,7,16.0
0.9913919,True,3,3,10.0
0.57603276,False,1,10,-2.0
0.99024326,True,8,8,0.0
0.9930045,True,0,0,10.0
0.56692517,True,5,5,-6.0
0.9475041,True,2,2,-2.0
0.99382085,True,4,4,0.0
0.99094725,True,5,5,14.0
0.9902762,True,4,4,4.0
0.89692664,True,3,3,-6.0
0.9913497,True,7,7,10.0
0.9919701,True,5,5,16.0
0.9694574,True,7,7,-2.0
0.9926676,True,4,4,-4.0
0.98953456,True,4,4,12.0
0.9917795,True,9,9,18.0
0.99233246,True,9,9,12.0
0.99250317,True,6,6,4.0
0.98802584,True,10,10,0.0
0.9936225,True,3,3,8.0
0.57382786,False,10,1,0.0
0.5041777,False,0,9,-6.0
0.5833488,False,10,1,6.0
0.99401903,True,4,4,0.0
0.7390529,True,2,2,-6.0
0.9942861,True,5,5,2.0
0.95501465,True,2,2,-2.0
0.99327713,True,6,6,-2.0
0.9919695,True,5,5,18.0
0.99119765,True,5,5,-2.0
0.57834506,True,1,1,4.0
0.5589167,False,10,1,18.0
0.98943055,True,3,3,8.0
0.9927422,True,5,5,6.0
0.9925607,True,0,0,18.0
0.96410894,True,7,7,-6.0
0.6257563,True,1,1,-4.0
0.99133575,True,3,3,12.0
0.993501,True,6,6,8.0
0.96113926,True,2,2,14.0
0.46901143,False,0,7,16.0
0.6113781,True,1,1,4.0
0.97380507,True,8,8,0.0
0.9930687,True,5,5,18.0
0.9905714,True,4,4,8.0
0.69760895,False,9,4,-6.0
0.99219173,True,9,9,0.0
0.8074719,False,0,4,-6.0
0.9907793,True,9,9,4.0
0.55341965,True,5,5,-4.0
0.92264783,True,2,2,-2.0
0.989574,True,7,7,18.0
0.9912616,True,8,8,8.0
0.9181468,True,2,2,2.0
0.94034404,True,2,2,-4.0
0.9934663,True,9,9,8.0
0.99134904,True,0,0,12.0
0.99340045,True,9,9,12.0
0.5694757,True,1,1,16.0
0.3331034,False,1,2,-6.0
0.78750676,False,9,3,-6.0
0.9909601,True,8,8,4.0
0.7217271,True,1,1,18.0
0.99360585,True,3,3,-2.0
0.9925559,True,8,8,8.0
0.9861077,True,7,7,12.0
0.94898814,True,8,8,4.0
0.8852739,True,2,2,14.0
0.6388848,True,4,4,-6.0
0.99193317,True,8,8,2.0
0.9894392,True,8,8,12.0
0.5936031,False,3,2,-6.0
0.9931859,True,9,9,10.0
0.9916087,True,9,9,18.0
0.9916557,True,5,5,8.0
0.9908839,True,10,10,18.0
0.9913794,True,3,3,16.0
0.9918343,True,4,4,4.0
0.99110794,True,6,6,18.0
0.9886419,True,8,8,10.0
0.9902564,True,9,9,0.0
0.942032,True,2,2,-2.0
0.60259295,True,1,1,4.0
0.9912134,True,8,8,10.0
0.99176437,True,6,6,4.0
0.56462896,True,4,4,-4.0
0.95007735,True,2,2,16.0
0.9922201,True,5,5,8.0
0.9860911,True,6,6,0.0
0.9909046,True,5,5,4.0
0.9910238,True,4,4,2.0
0.9943434,True,10,10,12.0
0.56809586,True,1,1,12.0
0.9929085,True,9,9,6.0
0.9927336,True,10,10,6.0
0.92277163,False,4,2,-6.0
0.9902202,True,8,8,8.0
0.95708936,True,2,2,-6.0
0.6170005,True,1,1,-4.0
0.9944342,True,7,7,-6.0
0.9853279,False,7,0,-4.0
0.98912954,True,8,8,14.0
0.991223,True,3,3,14.0
0.9913094,True,5,5,8.0
0.9852116,True,0,0,-2.0
0.76571226,False,8,7,10.0
0.99251854,True,8,8,4.0
0.9916808,True,9,9,4.0
0.79399663,True,9,9,-2.0
0.8808653,True,2,2,-2.0
0.99214387,True,0,0,16.0
0.5870274,False,10,1,-2.0
0.9855036,True,10,10,8.0
0.7823445,True,2,2,8.0
0.9927625,True,8,8,-6.0
0.99221945,True,5,5,10.0
0.991012,True,6,6,6.0
0.9917814,True,6,6,0.0
0.26729232,False,5,0,-6.0
0.9030453,True,2,2,6.0
0.7499589,True,2,2,4.0
0.9929229,True,3,3,0.0
0.98040617,True,7,7,4.0
0.9916059,True,3,3,6.0
0.9911255,True,4,4,4.0
0.99401325,True,6,6,4.0
0.99187803,True,0,0,18.0
0.9651831,True,9,9,-2.0
0.99280435,True,9,9,16.0
0.59375775,False,10,1,16.0
0.9918977,True,8,8,4.0
0.9923826,True,7,7,4.0
0.989915,True,7,7,12.0
0.99478793,True,5,5,16.0
0.9916408,True,9,9,12.0
0.76295614,True,1,1,18.0
0.58007485,False,10,1,2.0
0.9877963,True,6,6,-6.0
0.9918161,True,0,0,14.0
0.9918663,True,8,8,16.0
0.99060905,True,3,3,10.0
0.5567473,False,10,1,2.0
0.7163586,True,10,10,-6.0
0.4415979,False,3,2,-6.0
0.9916614,True,6,6,14.0
0.9702865,True,8,8,14.0
0.5676485,False,10,1,6.0
0.9914725,True,0,0,18.0
0.56623477,False,10,1,18.0
0.99225676,True,0,0,10.0
0.992826,True,4,4,0.0
0.9927609,True,0,0,2.0
0.99365693,True,4,4,-2.0
0.49844038,False,9,2,-6.0
0.99267536,True,5,5,16.0
0.994069,True,3,3,-2.0
0.98253375,True,5,5,2.0
0.9008916,True,8,8,-6.0
0.9910874,True,8,8,16.0
0.68448114,True,4,4,-4.0
0.992474,True,6,6,12.0
0.99178255,True,6,6,14.0
0.37654603,True,10,10,-6.0
0.9903217,True,8,8,6.0
0.5779651,False,10,1,6.0
0.99151915,True,6,6,12.0
0.9834049,True,9,9,4.0
0.9647803,True,3,3,-4.0
0.9892853,True,4,4,18.0
0.98831755,True,8,8,12.0
0.58795696,False,10,1,12.0
0.73067695,True,1,1,-4.0
0.9636901,True,2,2,2.0
0.9931185,True,8,8,0.0
0.9928284,True,9,9,10.0
0.99242157,True,3,3,2.0
0.9182667,True,4,4,-4.0
0.6651684,False,10,1,0.0
0.9915104,True,8,8,18.0
0.96236706,True,2,2,10.0
0.9645554,True,10,10,12.0
0.9813557,True,7,7,4.0
0.6520071,True,7,7,-2.0
0.99173284,True,8,8,12.0
0.99142504,True,4,4,14.0
0.99350065,True,6,6,0.0
0.99367684,True,5,5,8.0
0.992222,True,4,4,2.0
0.99108374,True,3,3,16.0
0.9910294,True,8,8,6.0
0.6476821,True,9,9,12.0
0.9907178,True,8,8,8.0
0.9911335,True,3,3,10.0
0.5782071,False,10,1,18.0
0.9623312,True,2,2,16.0
0.99186325,True,6,6,18.0
0.9898012,True,7,7,12.0
0.8807556,True,7,7,-4.0
0.9923402,True,9,9,18.0
0.55972034,False,10,1,12.0
0.9350221,True,2,2,18.0
0.9896852,True,4,4,12.0
0.99067265,True,7,7,2.0
0.72347134,True,1,1,16.0
0.7692122,True,1,1,-6.0
0.4795498,False,4,9,-6.0
0.99160296,True,3,3,12.0
0.64733785,True,1,1,10.0
0.99185354,True,0,0,12.0
0.9919823,True,8,8,16.0
0.98929787,True,0,0,4.0
0.99141437,True,3,3,-2.0
0.6603043,True,1,1,0.0
0.93319976,True,2,2,4.0
0.9871633,True,0,0,2.0
0.9916613,True,6,6,18.0
0.5547417,True,1,1,4.0
0.9925625,True,8,8,14.0
0.99235535,True,3,3,-2.0
0.99018514,True,4,4,18.0
0.6712663,True,1,1,6.0
0.9930942,True,9,9,18.0
0.99139285,True,8,8,0.0
0.60544777,True,1,1,6.0
0.99049604,True,9,9,10.0
0.9923769,True,4,4,18.0
0.9914545,True,4,4,8.0
0.6108795,True,1,1,8.0
0.95437,False,0,2,4.0
0.9931954,True,8,8,12.0
0.95569545,True,2,2,-6.0
0.9917909,True,10,10,16.0
0.8014633,True,8,8,-6.0
0.6058448,False,9,2,-6.0
0.9929824,True,3,3,18.0
0.8871513,True,7,7,-4.0
0.9934249,True,10,10,8.0
0.9924918,True,0,0,4.0
0.9725673,True,7,7,6.0
0.9916721,True,0,0,8.0
0.99217284,True,9,9,6.0
0.99253744,True,6,6,14.0
0.5824598,False,10,1,8.0
0.9654037,True,2,2,10.0
0.991926,True,0,0,6.0
0.9933454,True,9,9,14.0
0.58546096,False,4,3,-4.0
0.99042964,True,0,0,0.0
0.99096733,True,6,6,-4.0
0.82042754,True,0,0,-2.0
0.7170891,False,10,1,16.0
0.99088204,True,8,8,6.0
0.92802274,True,2,2,2.0
0.9911273,True,0,0,10.0
0.5599675,False,10,1,10.0
0.9910306,True,6,6,-2.0
0.9934418,True,9,9,12.0
0.591593,False,10,1,2.0
0.99378777,True,5,5,2.0
0.9929103,True,5,5,8.0
0.9900663,True,4,4,16.0
0.44530782,False,2,0,2.0
0.7027914,True,10,10,-2.0
0.992942,True,6,6,4.0
0.99437225,True,5,5,10.0
0.65767014,False,8,7,2.0
0.9390743,True,2,2,12.0
0.9801964,True,0,0,10.0
0.9325893,True,2,2,10.0
0.27713946,False,3,2,-6.0
0.99227834,True,3,3,8.0
0.9434614,False,9,2,-6.0
0.993255,True,4,4,2.0
0.5777959,True,0,0,-2.0
0.9301409,True,2,2,0.0
0.57956356,False,10,1,6.0
0.5638557,True,1,1,6.0
0.99384516,True,5,5,18.0
0.99084854,True,8,8,12.0
0.9920477,True,8,8,2.0
0.99254614,True,8,8,10.0
0.99363035,True,8,8,6.0
0.83600724,True,2,2,4.0
0.9888148,True,7,7,4.0
0.9683021,False,9,2,-4.0
0.99083626,True,6,6,14.0
0.99260426,True,0,0,8.0
0.56944686,True,1,1,14.0
0.6500767,True,4,4,-6.0
0.9918833,True,3,3,4.0
0.9335642,True,2,2,-6.0
0.58397514,True,1,1,12.0
0.9901427,True,6,6,2.0
0.993646,True,6,6,2.0
0.6011089,True,1,1,2.0
0.9899586,True,4,4,14.0
0.9922065,True,5,5,0.0
0.98986477,True,8,8,8.0
0.9921302,True,0,0,10.0
0.9944892,True,8,8,-4.0
0.94096196,True,3,3,-4.0
0.9921895,True,6,6,2.0
0.98836845,True,8,8,2.0
0.48050085,True,1,1,-6.0
0.99443805,True,3,3,4.0
0.78747535,True,3,3,-6.0
0.6994421,True,7,7,6.0
0.5894441,False,10,1,-2.0
0.7241543,True,1,1,12.0
0.989233,True,4,4,6.0
0.9962632,True,4,4,-4.0
0.99159056,True,4,4,6.0
0.99259627,True,8,8,4.0
0.9904608,True,4,4,18.0
0.9955903,True,10,10,4.0
0.9918833,True,5,5,10.0
0.9926555,True,9,9,12.0
0.9947739,True,5,5,-4.0
0.9891255,True,7,7,4.0
0.580217,True,1,1,-6.0
0.98977894,True,10,10,18.0
0.99226534,True,6,6,6.0
0.5915462,True,10,10,-6.0
0.9914527,True,6,6,6.0
0.9906323,True,3,3,6.0
0.58861405,True,1,1,14.0
0.79548943,True,7,7,-4.0
0.989032,True,6,6,-2.0
0.5491318,True,1,1,-4.0
0.990158,True,4,4,16.0
0.9914635,True,3,3,12.0
0.9939997,True,4,4,10.0
0.56263465,False,10,1,8.0
0.9926732,True,3,3,-2.0
0.96922004,True,4,4,-4.0
0.9937355,True,5,5,10.0
0.99048716,True,5,5,16.0
0.9904304,True,9,9,8.0
0.74157363,True,1,1,-6.0
0.94731563,True,2,2,0.0
0.645237,False,10,1,0.0
0.9942542,True,6,6,0.0
0.92573094,False,3,2,14.0
0.90670276,True,1,1,12.0
0.98982435,True,10,10,14.0
0.49425182,True,0,0,-2.0
0.9926131,True,8,8,-6.0
0.99247897,True,3,3,10.0
0.9923849,True,9,9,12.0
0.4796129,True,9,9,-4.0
0.58702844,True,1,1,-4.0
0.9902248,True,3,3,18.0
0.57135856,True,1,1,12.0
0.988632,True,7,7,4.0
0.99103045,True,5,5,0.0
0.9871984,True,7,7,2.0
0.65222555,False,10,1,4.0
0.9932621,True,5,5,18.0
0.9719212,True,5,5,-6.0
0.9925397,True,9,9,14.0
0.9919152,True,6,6,16.0
0.99274546,True,9,9,0.0
0.55757505,True,1,1,6.0
0.958185,True,2,2,10.0
0.9916454,True,4,4,2.0
0.9921876,True,3,3,4.0
0.5230894,False,1,10,-2.0
0.99324167,True,9,9,0.0
0.991833,True,6,6,0.0
0.59163296,False,10,1,10.0
0.98427,True,7,7,12.0
0.9596092,True,2,2,14.0
0.99300957,True,0,0,6.0
0.9896505,True,5,5,2.0
0.9917579,True,0,0,4.0
0.9919333,True,3,3,8.0
0.979681,True,5,5,-4.0
0.58962244,True,1,1,6.0
0.9929235,True,5,5,16.0
0.9809476,True,7,7,-2.0
0.9904021,True,6,6,-2.0
0.9922097,True,6,6,0.0
0.5770667,True,1,1,12.0
0.9924231,True,4,4,14.0
0.73921025,True,1,1,12.0
0.7708519,True,1,1,18.0
0.99584526,True,5,5,4.0
0.9887804,True,6,6,-4.0
0.9758488,True,7,7,0.0
0.99108106,True,3,3,14.0
0.9910356,True,6,6,-6.0
0.9943263,True,5,5,16.0
0.9922057,True,6,6,0.0
0.9923924,True,6,6,6.0
0.9706372,True,2,2,18.0
0.5659604,True,1,1,18.0
0.9611003,True,2,2,14.0
0.9421072,True,1,1,18.0
0.99455535,True,8,8,-4.0
0.5811397,False,10,1,16.0
0.9707925,True,7,7,-4.0
0.95487833,True,2,2,14.0
0.98459214,True,8,8,10.0
0.99069726,True,5,5,4.0
0.98960215,True,4,4,18.0
0.9849643,True,7,7,-2.0
0.9614502,True,2,2,10.0
0.99176395,True,9,9,8.0
0.78161496,True,1,1,12.0
0.9906403,True,10,10,12.0
0.9921692,True,3,3,8.0
0.9948402,True,10,10,10.0
0.98714113,True,5,5,-4.0
0.992638,True,7,7,-6.0
0.72264963,True,1,1,16.0
0.9896656,True,3,3,2.0
0.9914653,True,6,6,14.0
0.9794026,True,2,2,4.0
0.990586,True,3,3,8.0
0.52718985,True,9,9,-4.0
0.33776888,True,2,2,-6.0
0.9370198,True,2,2,12.0
0.9445699,True,2,2,10.0
0.57918346,False,10,1,16.0
0.93869025,True,1,1,18.0
0.9937423,True,6,6,16.0
0.9348075,True,2,2,12.0
0.60535485,False,10,1,-2.0
0.6508376,True,5,5,-6.0
0.99203813,True,6,6,16.0
0.99103034,True,7,7,-6.0
0.5652419,False,10,1,10.0
0.68338764,False,5,10,0.0
0.99309456,True,9,9,18.0
0.99150366,True,0,0,4.0
0.5828064,True,1,1,14.0
0.99259865,True,5,5,18.0
0.99568594,True,10,10,8.0
0.9926603,True,4,4,12.0
0.99251467,True,8,8,2.0
0.99189717,True,6,6,10.0
0.99157274,True,3,3,4.0
0.9862997,True,9,9,0.0
0.9900122,True,5,5,6.0
0.99189866,True,5,5,14.0
0.99201477,True,6,6,18.0
0.9927371,True,5,5,8.0
0.5401696,True,10,10,-6.0
0.9930132,True,0,0,14.0
0.9870055,True,4,4,-6.0
0.9909043,True,7,7,4.0
0.9861054,True,8,8,0.0
0.99239975,True,3,3,14.0
0.99292654,True,5,5,6.0
0.99128574,True,0,0,8.0
0.99277264,True,9,9,2.0
0.9921509,True,6,6,2.0
0.9328882,True,2,2,18.0
0.9902784,True,9,9,6.0
0.98999804,True,7,7,8.0
0.9253471,True,2,2,14.0
0.5192736,False,4,0,-4.0
0.9909412,True,4,4,0.0
0.9549181,True,2,2,0.0
0.9910986,True,6,6,12.0
0.9902062,True,0,0,14.0
0.549515,True,0,0,-6.0
0.9917074,True,7,7,0.0
0.8848521,False,0,4,-6.0
0.9913896,True,9,9,12.0
0.6368728,True,1,1,-4.0
0.98861516,True,4,4,8.0
0.99180144,True,4,4,0.0
0.5298319,False,3,6,-2.0
0.9900434,True,0,0,18.0
0.9909161,True,3,3,10.0
0.9895,True,4,4,6.0
0.9901467,True,7,7,16.0
0.98823816,True,0,0,12.0
0.6612559,True,1,1,14.0
0.9899094,True,3,3,6.0
0.9913489,True,8,8,-2.0
0.991135,True,6,6,14.0
0.9259112,False,9,2,-4.0
0.54307556,True,10,10,-6.0
0.9906871,True,0,0,14.0
0.99126,True,9,9,8.0
0.45120624,False,4,0,-6.0
0.992906,True,8,8,-2.0
0.9912355,True,5,5,6.0
0.9952566,True,10,10,18.0
0.99227625,True,7,7,2.0
0.9914693,True,4,4,18.0
0.990431,True,4,4,18.0
0.9907861,True,4,4,16.0
0.99192274,True,4,4,-4.0
0.98586524,True,7,7,-4.0
0.9924034,True,0,0,4.0
0.99190325,True,8,8,6.0
0.9925396,True,0,0,10.0
0.66217995,False,10,1,-4.0
0.98911196,True,5,5,2.0
0.9915393,True,6,6,18.0
0.9924821,True,4,4,2.0
0.993491,True,8,8,-2.0
0.9918262,True,6,6,8.0
0.99325234,True,5,5,12.0
0.9882941,True,7,7,10.0
0.9851568,True,5,5,-6.0
0.99334514,True,8,8,-2.0
0.93322176,True,2,2,18.0
0.98872596,True,10,10,16.0
0.992882,True,6,6,18.0
0.9920437,True,7,7,8.0
0.9918264,True,3,3,16.0
0.949039,True,2,2,-6.0
0.56884056,False,10,1,-6.0
0.98925436,True,7,7,18.0
0.9593736,True,7,7,2.0
0.93260854,True,2,2,2.0
0.98811996,True,4,4,14.0
0.99110645,True,5,5,14.0
0.9426528,True,2,2,16.0
0.9941421,True,3,3,-2.0
0.99133074,True,4,4,6.0
0.9911307,True,4,4,2.0
0.99278235,True,3,3,16.0
0.5629159,True,1,1,6.0
0.89846355,True,2,2,0.0
0.9267638,True,2,2,10.0
0.98387444,True,7,7,16.0
0.9315057,True,2,2,14.0
0.99192166,True,7,7,18.0
0.99141216,True,6,6,-2.0
0.6474882,True,9,9,-2.0
0.6222834,False,9,0,-6.0
0.5930491,False,9,4,-6.0
0.86888754,True,4,4,-6.0
0.9860277,True,7,7,14.0
0.99044245,True,8,8,-2.0
0.6720014,False,10,1,-4.0
0.9536419,True,8,8,-2.0
0.87606263,True,2,2,-6.0
0.8850509,True,10,10,18.0
0.9908851,True,5,5,16.0
0.9209911,False,8,2,0.0
0.9953785,True,3,3,0.0
0.5853048,True,1,1,0.0
0.99247015,True,6,6,18.0
0.99144393,True,5,5,8.0
0.99150497,True,8,8,10.0
0.99244493,True,0,0,14.0
0.99154377,True,5,5,12.0
0.71514744,True,5,5,-4.0
0.5628468,True,1,1,12.0
0.9917977,True,3,3,12.0
0.99245995,True,8,8,4.0
0.9916437,True,9,9,6.0
0.9895325,True,6,6,0.0
0.55956256,False,10,1,6.0
0.8942647,True,7,7,4.0
0.99012846,True,0,0,8.0
0.9951806,True,5,5,18.0
0.9718736,True,6,6,-6.0
0.9937914,True,3,3,10.0
0.66139305,True,1,1,6.0
0.9918874,True,9,9,4.0
0.9699026,True,2,2,-4.0
0.99174553,True,5,5,8.0
0.99078417,True,8,8,16.0
0.97532946,True,3,3,-4.0
0.50325733,True,1,1,-6.0
0.98849267,True,3,3,2.0
0.99175864,True,0,0,18.0
0.6026066,True,1,1,6.0
0.9928762,True,6,6,12.0
0.9915372,True,4,4,4.0
0.63214326,False,10,1,-2.0
0.99071175,True,4,4,8.0
0.9860598,True,7,7,2.0
0.70316947,True,1,1,6.0
0.9917625,True,9,9,18.0
0.98025596,True,7,7,-2.0
0.9909909,True,0,0,8.0
0.99317604,True,10,10,12.0
0.76111543,True,1,1,14.0
0.9909378,True,5,5,4.0
0.58039004,False,10,1,0.0
0.9941326,True,5,5,2.0
0.9924428,True,8,8,16.0
0.9922246,True,4,4,4.0
0.95456845,True,2,2,-2.0
0.99289095,True,5,5,8.0
0.9925135,True,6,6,18.0
0.96492,False,8,7,2.0
0.987578,True,5,5,-4.0
0.9900491,True,7,7,16.0
0.9901991,True,5,5,0.0
0.99254084,True,4,4,18.0
0.9922693,True,8,8,-4.0
0.9917563,True,4,4,18.0
0.9897083,True,6,6,-4.0
0.9914893,True,6,6,6.0
0.6460276,True,10,10,-4.0
0.9929351,True,9,9,16.0
0.9929677,True,5,5,18.0
0.9850626,True,8,8,12.0
0.9916693,True,9,9,14.0
0.8778229,False,9,4,-4.0
0.5855865,False,10,1,6.0
0.98271656,True,7,7,10.0
0.9932199,True,6,6,18.0
0.99335444,True,7,7,14.0
0.9908959,True,4,4,16.0
0.9903374,True,0,0,6.0
0.604566,False,10,1,16.0
0.992015,True,0,0,6.0
0.9945103,True,3,3,0.0
0.9901063,True,9,9,6.0
0.5578164,True,1,1,8.0
0.5521508,True,1,1,14.0
0.9917066,True,3,3,8.0
0.9928929,True,0,0,12.0
0.9933698,True,5,5,10.0
0.9899913,True,8,8,12.0
0.9911658,True,3,3,0.0
0.99022514,True,7,7,10.0
0.9913386,True,9,9,8.0
0.9913482,True,4,4,18.0
0.57989174,True,1,1,4.0
0.98923105,True,0,0,10.0
0.99209243,True,4,4,16.0
0.99110466,True,6,6,8.0
0.98986393,True,0,0,14.0
0.98700315,True,7,7,0.0
0.9931403,True,4,4,10.0
0.98479134,True,10,10,4.0
0.99086577,True,6,6,4.0
0.94835955,True,2,2,-2.0
0.92248476,True,3,3,-6.0
0.69088113,True,10,10,4.0
0.99026555,True,7,7,-2.0
0.9912039,True,7,7,14.0
0.71856195,True,1,1,0.0
0.9891377,True,7,7,8.0
0.9894817,True,4,4,0.0
0.9476467,True,10,10,-4.0
0.99539644,True,5,5,0.0
0.9295525,True,2,2,8.0
0.99413645,True,6,6,-4.0
0.98982036,True,3,3,18.0
0.9918848,True,3,3,8.0
0.5705078,False,10,1,8.0
0.9919395,True,5,5,4.0
0.9971866,True,5,5,-4.0
0.9934794,True,0,0,12.0
0.99001336,True,3,3,14.0
0.9567668,True,2,2,14.0
0.99402606,True,5,5,14.0
0.9935882,True,5,5,10.0
0.6579105,True,1,1,4.0
0.9283595,True,2,2,4.0
0.9888397,True,7,7,-6.0
0.6295485,False,10,1,18.0
0.98722106,True,7,7,-6.0
0.99094373,True,7,7,8.0
0.9908834,True,4,4,6.0
0.5486453,False,10,1,10.0
0.993433,True,9,9,2.0
0.58551323,False,10,1,8.0
0.96120816,True,2,2,2.0
0.9914175,True,5,5,10.0
0.9928517,True,0,0,16.0
0.99193317,True,3,3,18.0
0.6032043,False,10,1,14.0
0.99002284,True,4,4,10.0
0.67055106,True,1,1,0.0
0.36735198,False,4,0,-6.0
0.9946256,True,3,3,6.0
0.57568693,True,1,1,12.0
0.95013165,True,2,2,-4.0
0.98964196,True,4,4,14.0
0.6899298,False,9,3,-4.0
0.68395835,True,4,4,-6.0
0.96024686,True,2,2,12.0
0.49668568,True,10,10,0.0
0.9711221,True,2,2,18.0
0.80021065,True,1,1,16.0
0.59804094,True,1,1,4.0
0.58377934,False,10,1,16.0
0.93739057,True,2,2,-4.0
0.97566074,True,2,2,18.0
0.9911594,True,8,8,12.0
0.9902436,True,8,8,12.0
0.6352531,True,1,1,12.0
0.865131,True,2,2,-2.0
0.9910341,True,6,6,2.0
0.99332494,True,6,6,0.0
0.9925764,True,6,6,-4.0
0.99350476,True,8,8,6.0
0.9576124,True,2,2,12.0
0.99291867,True,3,3,16.0
0.9928456,True,6,6,0.0
0.9904702,True,8,8,18.0
0.8585128,True,8,8,-6.0
0.59904855,False,5,10,2.0
0.82939243,False,8,7,-6.0
0.9911986,True,3,3,10.0
0.9904901,True,8,8,8.0
0.9920106,True,7,7,4.0
0.9945892,True,6,6,-2.0
0.99234843,True,6,6,10.0
0.9884964,True,7,7,6.0
0.9927349,True,9,9,18.0
0.92265594,True,2,2,14.0
0.9872788,True,3,3,2.0
0.9924224,True,4,4,10.0
0.6203031,True,1,1,0.0
0.9902345,True,3,3,16.0
0.9455802,True,2,2,10.0
0.9706377,True,2,2,4.0
0.6249678,False,10,1,8.0
0.9912702,True,3,3,4.0
0.9916161,True,3,3,2.0
0.9034165,True,2,2,10.0
0.8265503,True,0,0,-2.0
0.9925659,True,3,3,6.0
0.9627274,True,2,2,10.0
0.64566743,True,2,2,18.0
0.945382,False,4,5,-6.0
0.9324063,True,7,7,-4.0
0.99125695,True,6,6,10.0
0.89974576,True,8,8,-6.0
0.9938193,True,9,9,2.0
0.9919046,True,6,6,-2.0
0.9924198,True,5,5,4.0
0.6249638,True,1,1,0.0
0.9601297,True,2,2,2.0
0.9926495,True,8,8,0.0
0.61075085,True,1,1,6.0
0.6639417,True,1,1,6.0
0.90358436,True,2,2,16.0
0.99053264,True,4,4,16.0
0.9902396,True,3,3,18.0
0.9933728,True,8,8,4.0
0.57722104,True,1,1,10.0
0.99329877,True,5,5,12.0
0.9895455,True,4,4,10.0
0.9922477,True,9,9,10.0
0.9642344,True,2,2,-4.0
0.99120563,True,6,6,6.0
0.9896841,True,7,7,4.0
0.9455816,False,5,2,-6.0
0.9942825,True,10,10,6.0
0.9352707,True,2,2,14.0
0.6070477,False,10,1,-4.0
0.9899642,True,3,3,12.0
0.9780529,True,7,7,0.0
0.9778285,True,9,9,8.0
0.99603796,True,3,3,0.0
0.8257393,False,7,8,-2.0
0.99241954,True,9,9,18.0
0.5801248,True,1,1,-2.0
0.95106715,True,2,2,-2.0
0.9910295,True,8,8,14.0
0.9908947,True,6,6,6.0
0.9946629,True,5,5,14.0
0.9911107,True,6,6,14.0
0.9900406,True,8,8,12.0
0.754012,True,5,5,-4.0
0.991015,True,7,7,4.0
0.9922569,True,9,9,10.0
0.37022382,True,9,9,-4.0
0.9886275,True,3,3,16.0
0.9864211,True,7,7,-2.0
0.5740301,False,0,3,-6.0
0.99010557,True,7,7,16.0
0.9952396,True,4,4,-2.0
0.7968383,True,10,10,2.0
0.9916509,True,3,3,8.0
0.9873582,True,8,8,12.0
0.9911794,True,3,3,12.0
0.9924942,True,5,5,10.0
0.98896164,True,3,3,16.0
0.99237025,True,6,6,12.0
0.59374696,False,10,1,-4.0
0.9932795,True,5,5,16.0
0.9839702,True,7,7,-4.0
0.9916243,True,8,8,0.0
0.94052863,True,5,5,2.0
0.9929773,True,6,6,14.0
0.99028045,True,8,8,18.0
0.6100648,True,1,1,-6.0
0.9941912,True,3,3,14.0
0.9212364,True,7,7,0.0
0.5487185,True,0,0,-4.0
0.9922191,True,8,8,18.0
0.9924515,True,9,9,18.0
0.98930186,True,4,4,18.0
0.95893204,False,0,4,-4.0
0.9905799,True,9,9,12.0
0.9805549,True,5,5,-6.0
0.9908756,True,8,8,6.0
0.992568,True,5,5,16.0
0.5855511,False,10,1,14.0
0.6541046,True,9,9,-6.0
0.99167925,True,8,8,6.0
0.992525,True,6,6,2.0
0.9914349,True,7,7,4.0
0.59628147,True,1,1,4.0
0.5670588,True,1,1,12.0
0.99231154,True,8,8,6.0
0.5983973,False,10,1,4.0
0.5776942,True,1,1,8.0
0.9892582,True,7,7,14.0
0.96666014,True,0,0,-2.0
0.99371547,True,3,3,10.0
0.5834664,True,1,1,14.0
0.88464916,True,8,8,-6.0
0.7019731,True,1,1,6.0
0.9924435,True,6,6,6.0
0.99208844,True,7,7,10.0
0.58555186,True,1,1,2.0
0.99284303,True,6,6,2.0
0.96653986,False,7,2,0.0
0.99187475,True,6,6,8.0
0.6624385,True,1,1,-4.0
0.99216324,True,6,6,-4.0
0.9922198,True,4,4,2.0
0.99087685,True,6,6,-6.0
0.9896639,True,9,9,-2.0
0.9921698,True,0,0,10.0
0.98318315,True,7,7,6.0
0.9929086,True,4,4,0.0
0.57445353,False,10,1,-4.0
0.7301745,False,10,1,-4.0
0.59363043,False,10,1,6.0
0.6102349,False,10,1,4.0
0.99215525,True,9,9,10.0
0.96666604,True,2,2,-2.0
0.9917563,True,4,4,12.0
0.98076034,True,7,7,14.0
0.99339503,True,6,6,16.0
0.99124324,True,5,5,0.0
0.5415126,False,0,4,-6.0
0.9923894,True,4,4,18.0
0.9452931,True,2,2,4.0
0.99353194,True,0,0,2.0
0.9922024,True,6,6,16.0
0.5547461,False,4,5,-4.0
0.99132067,True,8,8,12.0
0.9925052,True,9,9,16.0
0.9855262,True,7,7,4.0
0.99148655,True,7,7,10.0
0.9908387,True,4,4,0.0
0.99131423,True,6,6,16.0
0.6117215,False,10,1,10.0
0.992596,True,6,6,0.0
0.99239725,True,0,0,6.0
0.99081707,True,10,10,18.0
0.9951192,True,5,5,12.0
0.98805094,True,7,7,10.0
0.9912072,True,5,5,16.0
0.56420743,False,10,1,-4.0
0.9733463,True,2,2,10.0
0.99286205,True,3,3,12.0
0.99212146,True,8,8,16.0
0.95495236,True,2,2,4.0
0.99094486,True,7,7,12.0
0.9665818,True,2,2,16.0
0.98676014,True,6,6,-4.0
0.9894058,True,5,5,2.0
0.6357056,True,1,1,2.0
0.9914944,True,9,9,0.0
0.99235827,True,0,0,2.0
0.9815482,True,4,4,-4.0
0.99148655,True,0,0,12.0
0.9908625,True,6,6,14.0
0.596996,True,1,1,4.0
0.99275076,True,5,5,16.0
0.9943526,True,8,8,0.0
0.8952138,True,2,2,14.0
0.99523634,True,4,4,-4.0
0.9913182,True,3,3,12.0
0.99043614,True,0,0,16.0
0.99250495,True,6,6,8.0
0.9917863,True,5,5,-2.0
0.97667027,True,2,2,-4.0
0.62565285,True,1,1,-2.0
0.9653697,True,2,2,-6.0
0.9947285,True,5,5,16.0
0.6238616,False,8,7,-6.0
0.98793703,True,5,5,4.0
0.99314874,True,9,9,16.0
0.9914738,True,8,8,6.0
0.99498934,True,10,10,6.0
0.9915759,True,6,6,4.0
0.99215513,True,8,8,2.0
0.9912894,True,7,7,10.0
0.99171937,True,4,4,2.0
0.99080336,True,0,0,8.0
0.99238235,True,7,7,-6.0
0.5455393,True,1,1,2.0
0.9914106,True,4,4,8.0
0.94830066,True,2,2,4.0
0.88631135,True,2,2,2.0
0.99141055,True,8,8,4.0
0.94772255,True,0,0,12.0
0.991691,True,6,6,6.0
0.99229044,True,4,4,18.0
0.98964196,True,7,7,0.0
0.5763936,False,10,1,12.0
0.9919739,True,6,6,16.0
0.59211063,False,10,1,2.0
0.9907222,True,6,6,14.0
0.9425671,True,2,2,-4.0
0.9904344,True,4,4,4.0
0.6355503,True,1,1,-2.0
0.9911678,True,4,4,0.0
0.9927336,True,0,0,16.0
0.876983,True,2,2,12.0
0.9795914,True,10,10,12.0
0.9921266,True,8,8,14.0
0.9900657,True,6,6,-2.0
0.99266946,True,4,4,14.0
0.9939559,True,3,3,4.0
0.9924705,True,9,9,8.0
0.6008885,True,1,1,6.0
0.992151,True,0,0,8.0
0.99277496,True,4,4,6.0
0.99164295,True,5,5,2.0
0.67261,False,10,1,-2.0
0.9073917,True,2,2,-4.0
0.6689672,False,0,9,-4.0
0.42206824,False,7,4,-6.0
0.9158689,True,2,2,12.0
0.7944223,True,9,9,-4.0
0.99187577,True,9,9,14.0
0.99073493,True,3,3,12.0
0.9925057,True,8,8,-2.0
0.7273002,True,1,1,6.0
0.65648496,True,1,1,14.0
0.9941758,True,5,5,-2.0
0.98333585,True,7,7,-2.0
0.9918222,True,0,0,10.0
0.9909876,True,7,7,-6.0
0.9630287,False,8,7,-6.0
0.74125654,False,9,4,-6.0
0.9916875,True,10,10,8.0
0.61826324,True,1,1,16.0
0.65288496,True,1,1,10.0
0.57635295,False,10,1,-2.0
0.9919287,True,6,6,-4.0
0.7499028,True,1,1,12.0
0.99171025,True,4,4,4.0
0.99160355,True,4,4,12.0
0.90845364,False,8,7,-2.0
0.9923487,True,9,9,14.0
0.99326754,True,6,6,16.0
0.9278167,True,4,4,-4.0
0.9234981,False,0,2,-6.0
0.99148643,True,6,6,6.0
0.9892489,True,0,0,12.0
0.7143286,True,1,1,4.0
0.6189471,True,9,9,-4.0
0.9922241,True,4,4,4.0
0.9900421,True,3,3,2.0
0.50350475,True,1,1,0.0
0.99342716,True,4,4,10.0
0.9927254,True,9,9,18.0
0.985657,True,7,7,18.0
0.842485,True,7,7,-4.0
0.2774167,True,3,3,12.0
0.99150014,True,3,3,18.0
0.56080854,True,1,1,0.0
0.7349565,False,5,10,-2.0
0.8587856,True,10,10,14.0
0.60231525,False,10,1,4.0
0.5692118,False,10,1,16.0
0.98947155,True,4,4,-4.0
0.9897455,True,7,7,2.0
0.99068415,True,4,4,16.0
0.9932226,True,4,4,14.0
0.8683486,False,5,10,-2.0
0.9917687,True,4,4,4.0
0.6595541,True,1,1,-4.0
0.99003285,True,4,4,16.0
0.5397007,True,5,5,-4.0
0.9920792,True,5,5,14.0
0.48858842,True,9,9,-6.0
0.9913583,True,7,7,6.0
0.98917234,True,3,3,18.0
0.64072937,False,10,1,14.0
0.5794699,False,10,1,18.0
0.91893816,False,3,2,-6.0
0.9291312,True,2,2,8.0
0.5764971,True,1,1,14.0
0.71753347,True,1,1,12.0
0.8108957,True,6,6,-6.0
0.9916836,True,6,6,12.0
0.79828537,True,2,2,10.0
0.89012986,False,0,9,0.0
0.70529747,False,10,1,4.0
0.7548009,True,1,1,18.0
0.98928344,True,7,7,-6.0
0.99242157,True,8,8,10.0
0.9893441,True,4,4,14.0
0.98861617,True,7,7,4.0
0.989655,True,9,9,4.0
0.99165386,True,6,6,6.0
0.9765692,True,5,5,2.0
0.9907499,True,4,4,2.0
0.971593,True,4,4,-6.0
0.9918213,True,8,8,4.0
0.9808365,True,7,7,0.0
0.9925275,True,7,7,14.0
0.98872095,True,4,4,14.0
0.9902284,True,4,4,12.0
0.991134,True,8,8,8.0
0.9945251,True,5,5,16.0
0.99137115,True,5,5,0.0
0.92059165,True,2,2,4.0
0.99075186,True,3,3,6.0
0.99263835,True,7,7,-2.0
0.6313507,True,1,1,-4.0
0.63728267,True,1,1,14.0
0.9924567,True,9,9,0.0
0.9891378,True,7,7,12.0
0.989684,True,4,4,4.0
0.9850855,True,5,5,6.0
0.96447146,False,8,7,4.0
0.94359916,True,2,2,-4.0
0.9926796,True,8,8,2.0
0.9902428,True,3,3,16.0
0.99165416,True,0,0,8.0
0.99191236,True,3,3,6.0
0.9936807,True,4,4,4.0
0.9440835,False,9,5,-6.0
0.6069515,True,1,1,4.0
0.9934349,True,3,3,4.0
0.99066496,True,8,8,12.0
0.6457287,False,0,9,-4.0
0.9907759,True,10,10,6.0
0.99002236,True,0,0,14.0
0.99140584,True,5,5,12.0
0.99160844,True,8,8,2.0
0.59173775,True,1,1,4.0
0.98996687,True,6,6,-2.0
0.9136459,True,2,2,18.0
0.9923097,True,9,9,18.0
0.99190384,True,5,5,2.0
0.6346745,False,10,1,-4.0
0.99344456,True,5,5,10.0
0.94284254,True,2,2,16.0
0.77900964,False,9,0,-4.0
0.99234396,True,9,9,18.0
0.98868716,True,7,7,-6.0
0.990831,True,5,5,14.0
0.6962584,True,1,1,0.0
0.9921659,True,5,5,12.0
0.9913396,True,6,6,0.0
0.65192556,True,1,1,16.0
0.5858844,False,10,1,0.0
0.99294245,True,5,5,16.0
0.9957135,True,3,3,2.0
0.8067853,False,0,9,-2.0
0.9563838,False,7,8,-4.0
0.9919036,True,6,6,18.0
0.99019206,True,4,4,4.0
0.991918,True,4,4,8.0
0.99212,True,6,6,0.0
0.96930134,True,5,5,-2.0
0.98784155,True,6,6,2.0
0.7961963,True,10,10,4.0
0.99413294,True,5,5,-6.0
0.7157704,True,1,1,16.0
0.99151963,True,8,8,0.0
0.5155865,False,9,0,-6.0
0.989342,True,7,7,2.0
0.9913421,True,7,7,16.0
0.21415468,False,0,2,-4.0
0.9906527,True,3,3,10.0
0.99095494,True,3,3,-2.0
0.9372987,True,5,5,-6.0
0.9922735,True,9,9,10.0
0.43202105,False,3,9,-6.0
0.9923872,True,7,7,0.0
0.9927953,True,5,5,8.0
0.9945937,True,5,5,4.0
0.9926882,True,4,4,2.0
0.81132805,True,9,9,-4.0
0.99069524,True,8,8,14.0
0.62173766,False,10,1,2.0
0.6890729,True,7,7,6.0
0.97429127,True,4,4,-6.0
0.51270545,False,10,1,-6.0
0.9913897,True,4,4,-2.0
0.7645035,True,1,1,8.0
0.78160655,True,5,5,-6.0
0.9909792,True,4,4,6.0
0.9924624,True,4,4,0.0
0.99479467,True,5,5,14.0
0.9774254,True,9,9,-2.0
0.99278295,True,0,0,14.0
0.9920948,True,0,0,14.0
0.92573786,True,8,8,12.0
0.9923395,True,0,0,14.0
0.9915139,True,6,6,-4.0
0.5513863,True,1,1,8.0
0.7503523,True,1,1,4.0
0.99214256,True,3,3,-2.0
0.5085998,False,1,10,-2.0
0.9898925,True,8,8,4.0
0.95562726,True,2,2,12.0
0.90517217,True,2,2,2.0
0.99379385,True,9,9,12.0
0.98917073,True,5,5,12.0
0.9910966,True,0,0,18.0
0.9683328,True,7,7,4.0
0.69944924,False,10,5,-6.0
0.9022997,True,8,8,-6.0
0.94435114,True,2,2,-6.0
0.99308735,True,0,0,18.0
0.59339124,False,10,1,2.0
0.74730587,True,1,1,10.0
0.9913026,True,0,0,10.0
0.9909116,True,8,8,16.0
0.99325013,True,3,3,0.0
0.5513243,True,4,4,-4.0
0.6163886,True,1,1,8.0
0.6313278,False,5,4,-6.0
0.9927008,True,9,9,16.0
0.9938691,True,5,5,4.0
0.41703022,True,3,3,-6.0
0.99257976,True,0,0,4.0
0.99321955,True,0,0,14.0
0.24765971,False,4,2,-6.0
0.99247414,True,9,9,12.0
0.99285525,True,10,10,16.0
0.90424544,True,2,2,16.0
0.9898219,True,7,7,0.0
0.99304444,True,6,6,-2.0
0.98967534,True,7,7,14.0
0.9906452,True,6,6,0.0
0.9932602,True,3,3,10.0
0.56182957,False,10,1,10.0
0.99197876,True,0,0,4.0
0.99101734,True,7,7,2.0
0.9903223,True,7,7,14.0
0.96775985,False,9,2,14.0
0.52375764,False,10,1,0.0
0.9931666,True,4,4,0.0
0.5936129,False,7,8,-4.0
0.99146783,True,4,4,12.0
0.9910158,True,4,4,16.0
0.9330793,True,2,2,6.0
0.97949654,True,5,5,-6.0
0.9905607,True,3,3,10.0
0.99040854,True,4,4,16.0
0.71129715,True,10,10,2.0
0.9920407,True,5,5,18.0
0.9935668,True,3,3,4.0
0.97574925,True,2,2,8.0
0.99082804,True,10,10,8.0
0.5518142,False,0,9,-2.0
0.9268004,True,8,8,10.0
0.8594836,True,0,0,-2.0
0.99092263,True,6,6,-6.0
0.5747094,False,10,1,18.0
0.98978907,True,4,4,4.0
0.97046274,True,2,2,-6.0
0.99166346,True,6,6,14.0
0.99063826,True,6,6,12.0
0.9538245,True,2,2,16.0
0.9918195,True,0,0,12.0
0.99205047,True,0,0,6.0
0.9917672,True,3,3,0.0
0.9922443,True,0,0,16.0
0.97475815,True,8,8,-4.0
0.9909759,True,9,9,10.0
0.9872351,True,0,0,0.0
0.94877225,True,2,2,2.0
0.99120706,True,4,4,16.0
0.99216753,True,6,6,16.0
0.9554225,True,2,2,2.0
0.9919384,True,4,4,10.0
0.992849,True,0,0,6.0
0.5162089,True,1,1,0.0
0.9889108,True,4,4,8.0
0.9910535,True,4,4,12.0
0.51039195,False,9,3,-6.0
0.99261934,True,8,8,2.0
0.9386788,True,2,2,2.0
0.99167633,True,7,7,18.0
0.9914492,True,7,7,10.0
0.5023931,True,0,0,-4.0
0.40435785,False,4,9,-4.0
0.6081453,False,10,1,4.0
0.57112926,True,1,1,18.0
0.9918899,True,6,6,16.0
0.58394444,True,1,1,6.0
0.57002,False,10,1,18.0
0.9924272,True,9,9,10.0
0.9925633,True,3,3,2.0
0.9533627,True,2,2,4.0
0.9915945,True,7,7,8.0
0.9668961,True,8,8,14.0
0.5064105,False,1,5,-6.0
0.9921135,True,4,4,8.0
0.99562705,True,5,5,4.0
0.9930414,True,6,6,-4.0
0.8720105,True,0,0,-2.0
0.79975563,True,7,7,0.0
0.9925713,True,9,9,2.0
0.9298843,True,2,2,16.0
0.99134225,True,4,4,18.0
0.99200386,True,5,5,14.0
0.65398395,True,0,0,-2.0
0.9648703,True,2,2,8.0
0.4703647,False,2,0,2.0
0.9902462,True,4,4,2.0
0.9927361,True,6,6,4.0
0.6584724,True,1,1,2.0
0.9571214,True,7,7,-4.0
0.99433494,True,5,5,0.0
0.93324107,False,3,6,-2.0
0.97935873,True,2,2,8.0
0.9941643,True,5,5,10.0
0.98780096,True,0,0,2.0
0.99186134,True,4,4,16.0
0.98997086,True,4,4,-4.0
0.63623536,False,9,7,0.0
0.92734295,True,2,2,8.0
0.99080384,True,3,3,18.0
0.86440253,False,4,5,-6.0
0.99071103,True,4,4,18.0
0.9910966,True,8,8,4.0
0.9911543,True,6,6,12.0
0.9922496,True,9,9,8.0
0.9919178,True,9,9,2.0
0.99172807,True,5,5,0.0
0.9908687,True,9,9,10.0
0.8068677,True,8,8,-6.0
0.6167064,False,8,7,8.0
0.9935725,True,8,8,18.0
0.9929478,True,5,5,14.0
0.98994,True,4,4,14.0
0.8421544,True,2,2,-2.0
0.63020325,True,1,1,-4.0
0.9922083,True,9,9,12.0
0.99300414,True,9,9,0.0
0.9529986,True,2,2,16.0
0.89550453,True,2,2,-2.0
0.9918481,True,4,4,4.0
0.9907099,True,6,6,18.0
0.9923608,True,3,3,8.0
0.98766756,True,5,5,2.0
0.9924843,True,5,5,4.0
0.9564368,True,2,2,6.0
0.9919618,True,3,3,6.0
0.99052715,True,8,8,2.0
0.9597808,True,9,9,0.0
0.9548391,True,2,2,2.0
0.67284596,False,10,1,-6.0
0.9909348,True,0,0,2.0
0.9915672,True,6,6,8.0
0.99334985,True,5,5,18.0
0.99281436,True,5,5,0.0
0.99185467,True,8,8,14.0
0.9894398,True,7,7,14.0
0.95326436,True,2,2,10.0
0.8046266,True,9,9,-2.0
0.9926086,True,8,8,18.0
0.98044854,True,0,0,2.0
0.9706669,True,8,8,8.0
0.9907755,True,0,0,10.0
0.9944003,True,0,0,0.0
0.99217814,True,3,3,16.0
0.99205256,True,8,8,0.0
0.9102711,True,2,2,10.0
0.99247473,True,8,8,8.0
0.9920758,True,9,9,12.0
0.99077225,True,3,3,18.0
0.8549064,True,3,3,-4.0
0.5502912,True,0,0,0.0
0.91458905,True,2,2,18.0
0.561082,True,1,1,4.0
0.99170834,True,9,9,8.0
0.9838434,True,5,5,-4.0
0.9937139,True,3,3,12.0
0.9314773,True,5,5,-2.0
0.9901855,True,0,0,4.0
0.9470638,True,2,2,4.0
0.5700698,False,10,1,16.0
0.9936371,True,9,9,16.0
0.99031794,True,3,3,14.0
0.9910216,True,8,8,8.0
0.9641544,True,2,2,6.0
0.9916293,True,3,3,8.0
0.9926771,True,10,10,6.0
0.9898337,True,7,7,14.0
0.99413043,True,3,3,10.0
0.9609017,True,7,7,4.0
0.9774049,True,7,7,-2.0
0.9927475,True,6,6,4.0
0.9904128,True,4,4,-2.0
0.99364436,True,9,9,0.0
0.9928029,True,5,5,8.0
0.99245185,True,0,0,16.0
0.97408324,True,7,7,-4.0
0.98960847,True,3,3,6.0
0.8982109,True,2,2,4.0
0.992618,True,8,8,-4.0
0.63415545,False,0,4,-6.0
0.99310714,True,9,9,14.0
0.5733673,False,10,1,12.0
0.9914272,True,6,6,8.0
0.9913784,True,6,6,6.0
0.99134856,True,3,3,18.0
0.5331747,False,0,7,0.0
0.99099624,True,3,3,-2.0
0.9688978,True,5,5,-6.0
0.7040251,True,1,1,-6.0
0.7909909,True,9,9,-2.0
0.9867148,True,8,8,10.0
0.991139,True,3,3,6.0
0.989711,True,10,10,8.0
0.9930669,True,4,4,8.0
0.9911028,True,7,7,2.0
0.98930734,True,3,3,10.0
0.57994294,True,1,1,12.0
0.9955258,True,3,3,-4.0
0.651516,True,1,1,2.0
0.9914517,True,8,8,16.0
0.99150956,True,9,9,14.0
0.9916678,True,3,3,8.0
0.5969797,True,1,1,-4.0
0.63491684,False,10,1,14.0
0.99065065,True,3,3,8.0
0.9904254,True,9,9,4.0
0.9922241,True,6,6,6.0
0.99502015,True,10,10,6.0
0.5972225,True,1,1,6.0
0.9921422,True,0,0,14.0
0.99293363,True,8,8,14.0
0.9930472,True,9,9,18.0
0.56768686,True,1,1,14.0
0.98935246,True,0,0,6.0
0.9920311,True,3,3,10.0
0.99018925,True,6,6,-4.0
0.628544,False,10,1,-6.0
0.99015725,True,4,4,10.0
0.9914507,True,9,9,6.0
0.604105,False,0,4,-6.0
0.992656,True,5,5,8.0
0.9929583,True,6,6,-2.0
0.9320661,True,2,2,-6.0
0.9627532,True,2,2,18.0
0.99349254,True,9,9,0.0
0.99219793,True,9,9,6.0
0.9896032,True,7,7,16.0
0.9495134,True,2,2,0.0
0.99186593,True,0,0,10.0
0.9942304,True,5,5,12.0
0.98998535,True,4,4,10.0
0.9906345,True,5,5,16.0
0.9903114,True,5,5,4.0
0.9769348,True,10,10,16.0
0.99181855,True,8,8,12.0
0.5749264,True,1,1,16.0
0.909823,True,9,9,-4.0
0.2801544,False,3,2,-6.0
0.9911417,True,6,6,18.0
0.9933408,True,3,3,-2.0
0.94966304,True,4,4,-4.0
0.9939429,True,6,6,6.0
0.8768852,True,2,2,-2.0
0.99191296,True,6,6,14.0
0.98944,True,6,6,-6.0
0.9902574,True,7,7,8.0
0.58772665,False,10,1,10.0
0.98965144,True,6,6,8.0
0.9446019,True,7,7,-4.0
0.95874035,True,7,7,-4.0
0.99177855,True,6,6,6.0
0.64497656,True,7,7,-6.0
0.82015485,True,10,10,-4.0
0.9912163,True,6,6,4.0
0.9947154,True,5,5,10.0
0.9925269,True,8,8,2.0
0.93230903,True,2,2,8.0
0.9922963,True,6,6,10.0
0.9916244,True,9,9,4.0
0.98868495,True,0,0,18.0
0.99126875,True,6,6,8.0
0.9671719,False,9,2,4.0
0.8098428,True,5,5,-4.0
0.9942948,True,5,5,4.0
0.9926904,True,8,8,0.0
0.9910478,True,8,8,10.0
0.93051577,True,2,2,4.0
0.98983383,True,3,3,2.0
0.62043685,True,9,9,-4.0
0.9906036,True,7,7,8.0
0.9933188,True,8,8,-4.0
0.585776,False,10,1,-2.0
0.9927528,True,6,6,16.0
0.99217224,True,0,0,2.0
0.2740114,True,3,3,-6.0
0.9903916,True,7,7,2.0
0.5947972,False,10,1,18.0
0.9039569,True,2,2,14.0
0.9908591,True,7,7,0.0
0.7212766,True,1,1,12.0
0.98980683,True,7,7,12.0
0.9914506,True,3,3,0.0
0.6108764,True,1,1,2.0
0.9924529,True,9,9,12.0
0.99270225,True,0,0,16.0
0.99358493,True,3,3,12.0
0.9943031,True,6,6,2.0
0.5731957,True,1,1,10.0
0.9917523,True,8,8,0.0
0.9934869,True,3,3,4.0
0.5690035,False,10,1,14.0
0.9916539,True,0,0,14.0
0.9921119,True,9,9,18.0
0.57886475,True,9,9,-2.0
0.99178517,True,7,7,14.0
0.9949362,True,6,6,0.0
0.9902638,True,7,7,6.0
0.99222916,True,8,8,-2.0
0.9920831,True,9,9,14.0
0.4485806,True,1,1,-6.0
0.9145102,True,2,2,-6.0
0.9912339,True,6,6,0.0
0.99214023,True,6,6,10.0
0.5564276,True,1,1,4.0
0.58449817,False,10,1,0.0
0.99221486,True,8,8,18.0
0.9596956,True,1,1,14.0
0.9699962,True,2,2,8.0
0.9925057,True,3,3,18.0
0.99288815,True,9,9,0.0
0.98948085,True,7,7,6.0
0.98968154,True,7,7,14.0
0.99165535,True,6,6,16.0
0.9886071,True,0,0,4.0
0.9592618,False,10,5,-4.0
0.6380141,True,1,1,4.0
0.9378265,True,2,2,10.0
0.9911574,True,4,4,18.0
0.62128466,False,10,1,2.0
0.992451,True,0,0,16.0
0.9899743,True,8,8,-4.0
0.5722897,False,10,1,16.0
0.9930259,True,9,9,12.0
0.6734795,True,7,7,-2.0
0.64040315,True,1,1,12.0
0.537738,False,10,1,2.0
0.99192727,True,8,8,0.0
0.91834164,True,2,2,18.0
0.50385696,False,4,0,-6.0
0.56493634,False,10,1,16.0
0.9944324,True,5,5,0.0
0.611199,True,9,9,-2.0
0.99249965,True,7,7,16.0
0.9637469,True,7,7,-2.0
0.9943902,True,5,5,8.0
0.988953,True,0,0,18.0
0.58125013,False,10,5,-6.0
0.9716741,True,7,7,8.0
0.9961274,True,5,5,2.0
0.9923118,True,8,8,2.0
0.99526703,True,5,5,4.0
0.57622683,True,1,1,18.0
0.96230555,True,2,2,0.0
0.99205095,True,9,9,14.0
0.9922426,True,0,0,6.0
0.99168056,True,0,0,18.0
0.46557063,True,7,7,16.0
0.9922346,True,9,9,16.0
0.99230754,True,0,0,14.0
0.93870366,True,9,9,-2.0
0.99225956,True,9,9,8.0
0.99350196,True,7,7,16.0
0.99593735,True,3,3,-4.0
0.9908896,True,3,3,4.0
0.9918005,True,8,8,16.0
0.65656614,True,1,1,10.0
0.98834723,True,7,7,4.0
0.9476498,True,2,2,0.0
0.9915559,True,6,6,10.0
0.9356461,True,7,7,-6.0
0.9933227,True,10,10,16.0
0.8936799,True,2,2,18.0
0.9933108,True,0,0,10.0
0.93391776,True,2,2,14.0
0.9914932,True,0,0,10.0
0.9891489,True,5,5,6.0
0.9948571,True,4,4,-2.0
0.63098705,True,1,1,0.0
0.9059906,True,2,2,8.0
0.9545267,True,5,5,-4.0
0.9922193,True,6,6,16.0
0.991017,True,4,4,10.0
0.99165136,True,7,7,8.0
0.9808296,True,7,7,14.0
0.99306303,True,9,9,4.0
0.8893605,True,2,2,12.0
0.99151695,True,6,6,14.0
0.57971466,False,10,1,18.0
0.99199957,True,6,6,8.0
0.99170107,True,4,4,18.0
0.95049566,True,2,2,-2.0
0.9905986,True,9,9,4.0
0.9919125,True,9,9,18.0
0.99213105,True,6,6,16.0
0.99446636,True,10,10,10.0
0.5641804,False,10,1,18.0
0.70192385,True,1,1,10.0
0.991013,True,6,6,14.0
0.70646197,True,1,1,18.0
0.9941552,True,3,3,4.0
0.9895266,True,3,3,12.0
0.9821946,True,7,7,-2.0
0.77100605,True,1,1,6.0
0.9910817,True,6,6,-4.0
0.9885105,True,0,0,18.0
0.99160504,True,9,9,8.0
0.99013513,True,6,6,14.0
0.9921727,True,0,0,12.0
0.4010911,True,2,2,2.0
0.61449367,True,1,1,-4.0
0.89988524,False,8,7,-6.0
0.99070567,True,7,7,6.0
0.97556746,True,6,6,-6.0
0.68998075,True,1,1,2.0
0.9759388,True,7,7,-4.0
0.9930375,True,4,4,0.0
0.9905674,True,6,6,6.0
0.99104685,True,9,9,6.0
0.6966092,True,1,1,10.0
0.9914977,True,8,8,14.0
0.49614626,False,9,0,-2.0
0.6244022,False,9,0,-4.0
0.56792235,True,1,1,18.0
0.9927498,True,6,6,16.0
0.56166285,False,10,1,0.0
0.9924108,True,0,0,10.0
0.7519242,True,1,1,2.0
0.9536613,True,5,5,-6.0
0.99032354,True,10,10,18.0
0.60728216,True,1,1,-2.0
0.6846393,True,1,1,6.0
0.991219,True,6,6,12.0
0.99193054,True,0,0,18.0
0.92723674,True,2,2,18.0
0.562415,False,10,1,12.0
0.8784681,True,2,2,10.0
0.99295735,True,7,7,-6.0
0.9582634,True,10,10,4.0
0.99313194,True,6,6,14.0
0.9926456,True,3,3,4.0
0.57325715,True,1,1,4.0
0.6388268,False,10,1,12.0
0.99205035,True,5,5,8.0
0.9924246,True,4,4,0.0
0.9418,True,2,2,18.0
0.9922018,True,3,3,12.0
0.59865004,True,1,1,-2.0
0.9916794,True,6,6,8.0
0.67127335,True,1,1,-2.0
0.801364,False,0,3,-2.0
0.6143294,False,10,1,8.0
0.3762592,False,0,9,-6.0
0.99186057,True,7,7,18.0
0.9922734,True,6,6,-2.0
0.9932069,True,3,3,8.0
0.9917468,True,5,5,18.0
0.9911903,True,8,8,4.0
0.990811,True,7,7,2.0
0.9923294,True,4,4,4.0
0.990391,True,5,5,2.0
0.9913031,True,6,6,-6.0
0.99030614,True,10,10,10.0
0.9818044,True,8,8,-2.0
0.9917904,True,9,9,4.0
0.76739424,True,4,4,-6.0
0.99049884,True,3,3,18.0
0.78472584,True,2,2,8.0
0.9910998,True,7,7,16.0
0.99207366,True,9,9,12.0
0.9910042,True,6,6,14.0
0.98856175,True,7,7,6.0
0.99183404,True,4,4,12.0
0.76066726,True,1,1,12.0
0.5622414,False,10,1,0.0
0.99092823,True,0,0,4.0
0.9894937,True,10,10,12.0
0.9902531,True,7,7,18.0
0.9920608,True,0,0,8.0
0.9921348,True,0,0,16.0
0.9920656,True,3,3,10.0
0.99268883,True,8,8,0.0
0.9433458,True,2,2,12.0
0.9921853,True,8,8,0.0
0.9930636,True,9,9,10.0
0.9522603,True,2,2,-6.0
0.591352,True,1,1,0.0
0.9955136,True,10,10,8.0
0.98849654,True,10,10,2.0
0.99106336,True,6,6,12.0
0.9474571,False,8,2,-4.0
0.9917902,True,6,6,18.0
0.99160904,True,9,9,4.0
0.99033153,True,7,7,6.0
0.99194795,True,6,6,14.0
0.714568,False,5,10,0.0
0.78621984,True,4,4,-4.0
0.99100447,True,6,6,6.0
0.9901059,True,4,4,14.0
0.98615044,True,9,9,-2.0
0.97623855,True,3,3,-2.0
0.9850979,True,3,3,-2.0
0.5528046,False,10,1,10.0
0.9908201,True,6,6,16.0
0.99471045,True,5,5,2.0
0.9919058,True,3,3,12.0
0.99123025,True,0,0,10.0
0.6843449,True,7,7,2.0
0.68791133,False,9,4,-6.0
0.9855884,True,5,5,-2.0
0.9931078,True,5,5,4.0
0.9968894,True,5,5,6.0
0.9965618,True,5,5,10.0
0.9932064,True,9,9,12.0
0.99212366,True,5,5,4.0
0.98958474,True,8,8,6.0
0.44399428,False,2,3,0.0
0.9563253,True,2,2,6.0
0.98921585,True,8,8,12.0
0.42768663,False,5,10,-6.0
0.9909161,True,3,3,12.0
0.99203426,True,9,9,14.0
0.7027876,True,1,1,0.0
0.99339503,True,3,3,2.0
0.996761,True,10,10,2.0
0.9922977,True,6,6,2.0
0.57431483,True,1,1,18.0
0.3179433,False,0,2,-6.0
0.9886663,True,4,4,14.0
0.9607285,True,2,2,16.0
0.8987884,True,2,2,6.0
0.99192303,True,9,9,14.0
0.99180084,True,6,6,12.0
0.99340916,True,4,4,0.0
0.99000007,True,10,10,12.0
0.9911068,True,4,4,16.0
0.98975486,True,7,7,16.0
0.99080944,True,6,6,0.0
0.9920717,True,3,3,16.0
0.87186986,True,2,2,-6.0
0.99243236,True,3,3,0.0
0.9932226,True,10,10,14.0
0.8988281,True,1,1,18.0
0.98082054,True,6,6,-4.0
0.9926057,True,6,6,10.0
0.9866963,True,7,7,10.0
0.5182252,False,10,1,-6.0
0.9914335,True,8,8,4.0
0.96435016,True,2,2,-6.0
0.99243003,True,9,9,16.0
0.9897237,True,8,8,16.0
0.99308336,True,5,5,8.0
0.99295336,True,6,6,2.0
0.73740804,True,10,10,14.0
0.9915877,True,0,0,18.0
0.9962,True,5,5,4.0
0.98733807,True,9,9,4.0
0.6760649,False,10,1,-6.0
0.98191285,True,2,2,2.0
0.7794634,True,1,1,-4.0
0.98868984,True,10,10,6.0
0.9886635,True,4,4,10.0
0.9910556,True,4,4,4.0
0.8963007,True,7,7,-4.0
0.9689565,True,2,2,4.0
0.99643207,True,5,5,-2.0
0.9907898,True,3,3,6.0
0.989057,True,8,8,4.0
0.5432462,False,10,1,-6.0
0.9439735,True,2,2,2.0
0.99431425,True,10,10,4.0
0.992015,True,0,0,0.0
0.99089456,True,3,3,14.0
0.6428583,False,10,1,-6.0
0.49695316,False,1,10,-6.0
0.9365197,True,2,2,8.0
0.99138486,True,10,10,6.0
0.9923981,True,8,8,10.0
0.66781706,False,8,7,-4.0
0.99160427,True,4,4,6.0
0.98153746,True,7,7,4.0
0.9744004,True,2,2,10.0
0.89979947,True,2,2,-2.0
0.9417629,True,2,2,6.0
0.9915582,True,0,0,18.0
0.59913135,False,10,1,4.0
0.99379504,True,3,3,2.0
0.9923968,True,5,5,4.0
0.6626667,True,1,1,6.0
0.9923975,True,8,8,6.0
0.99250764,True,3,3,4.0
0.98545074,True,7,7,2.0
0.9935447,True,4,4,-2.0
0.5912485,False,8,7,-4.0
0.7417594,True,1,1,4.0
0.99147815,True,3,3,10.0
0.9784061,True,7,7,-2.0
0.9915114,True,5,5,10.0
0.991008,True,4,4,2.0
0.6239973,True,0,0,0.0
0.9921491,True,6,6,4.0
0.97019166,True,0,0,2.0
0.99268734,True,5,5,0.0
0.99237835,True,4,4,10.0
0.9913633,True,6,6,4.0
0.99101067,True,6,6,6.0
0.98908234,True,3,3,12.0
0.9082672,True,2,2,18.0
0.9911907,True,8,8,8.0
0.98955184,True,0,0,4.0
0.77722585,True,10,10,4.0
0.99283713,True,9,9,0.0
0.989656,True,4,4,6.0
0.98838145,True,7,7,12.0
0.69165075,True,3,3,-6.0
0.9905054,True,7,7,4.0
0.44450182,False,3,9,-6.0
0.99416214,True,3,3,2.0
0.9590701,True,2,2,14.0
0.99253064,True,0,0,6.0
0.9929951,True,5,5,2.0
0.99256366,True,3,3,18.0
0.81362146,True,8,8,-6.0
0.9906589,True,5,5,2.0
0.9402358,True,3,3,-4.0
0.9916751,True,6,6,12.0
0.9908001,True,4,4,10.0
0.9928281,True,9,9,18.0
0.9937423,True,0,0,4.0
0.9932689,True,9,9,18.0
0.9551509,True,8,8,-6.0
0.5668061,True,1,1,10.0
0.9547119,True,2,2,6.0
0.69006634,True,1,1,8.0
0.6770236,False,10,1,-2.0
0.9708311,True,2,2,2.0
0.99198943,True,0,0,4.0
0.6322364,True,1,1,-4.0
0.94247234,True,2,2,-2.0
0.99610895,True,5,5,8.0
0.99024993,True,5,5,14.0
0.99225265,True,8,8,0.0
0.9874697,True,7,7,14.0
0.98990285,True,3,3,8.0
0.7573816,False,9,3,-6.0
0.579702,False,10,1,2.0
0.9917345,True,3,3,14.0
0.68512124,True,1,1,-4.0
0.99207836,True,3,3,16.0
0.99170023,True,8,8,14.0
0.9952755,True,3,3,8.0
0.9222048,True,2,2,0.0
0.98382527,True,5,5,-4.0
0.7768202,False,10,1,-6.0
0.60764587,False,10,1,8.0
0.9912964,True,5,5,6.0
0.98955625,True,8,8,12.0
0.5673682,True,9,9,-2.0
0.98862785,True,4,4,-4.0
0.9403503,True,2,2,12.0
0.9903645,True,5,5,10.0
0.8917324,True,8,8,4.0
0.9550664,True,2,2,2.0
0.9916905,True,8,8,18.0
0.990594,True,5,5,12.0
0.99038637,True,0,0,16.0
0.9914349,True,5,5,18.0
0.65356696,True,1,1,-6.0
0.5999114,True,1,1,0.0
0.9930098,True,5,5,4.0
0.9904013,True,5,5,10.0
0.98994255,True,4,4,8.0
0.76008195,False,10,5,-6.0
0.9913476,True,3,3,14.0
0.97362375,True,7,7,4.0
0.991322,True,0,0,8.0
0.99056715,True,3,3,8.0
0.99078393,True,3,3,-2.0
0.52018684,False,10,1,-2.0
0.9902208,True,3,3,2.0
0.98408324,True,7,7,-6.0
0.35150447,False,0,4,16.0
0.99402666,True,6,6,-2.0
0.99049383,True,0,0,14.0
0.990738,True,4,4,10.0
0.93405145,True,2,2,4.0
0.9910495,True,6,6,6.0
0.9931625,True,5,5,18.0
0.9916997,True,3,3,6.0
0.9921084,True,7,7,12.0
0.921734,True,7,7,-2.0
0.54608315,False,10,1,6.0
0.99374396,True,6,6,6.0
0.99052215,True,3,3,16.0
0.9899065,True,4,4,-2.0
0.9900378,True,7,7,10.0
0.6322981,False,10,1,6.0
0.9634105,True,2,2,12.0
0.9916209,True,8,8,18.0
0.99289566,True,3,3,0.0
0.557223,False,10,1,6.0
0.990329,True,10,10,8.0
0.99217284,True,8,8,18.0
0.9908071,True,8,8,2.0
0.9927504,True,6,6,12.0
0.9950765,True,5,5,16.0
0.99059886,True,0,0,10.0
0.9920923,True,3,3,8.0
0.9923989,True,9,9,8.0
0.9808714,True,0,0,2.0
0.9848252,True,7,7,18.0
0.9923044,True,6,6,18.0
0.8979747,True,2,2,8.0
0.99146104,True,8,8,4.0
0.9878588,True,0,0,12.0
0.9929664,True,0,0,10.0
0.9917538,True,3,3,14.0
0.99193746,True,9,9,4.0
0.993138,True,3,3,0.0
0.9923038,True,7,7,16.0
0.5803951,False,0,9,-2.0
0.99398756,True,9,9,0.0
0.5458756,False,3,9,-4.0
0.94664717,True,2,2,18.0
0.9928023,True,8,8,0.0
0.9916918,True,9,9,4.0
0.9366564,True,2,2,18.0
0.9913463,True,8,8,16.0
0.9909055,True,7,7,6.0
0.98998815,True,7,7,4.0
0.9922092,True,9,9,4.0
0.5791451,False,10,1,4.0
0.99067944,True,3,3,12.0
0.98868644,True,7,7,-2.0
0.9903583,True,0,0,18.0
0.54798216,True,7,7,-6.0
0.90264505,True,5,5,-4.0
0.5743483,True,1,1,12.0
0.98779327,True,9,9,4.0
0.5527818,True,7,7,2.0
0.9919593,True,6,6,16.0
0.67240494,True,1,1,12.0
0.57246983,False,10,1,16.0
0.61420375,True,1,1,18.0
0.99157095,True,8,8,18.0
0.6467567,True,1,1,12.0
0.8423749,True,2,2,6.0
0.99204904,True,6,6,0.0
0.9941947,True,4,4,-2.0
0.91466355,True,2,2,6.0
0.5805802,True,1,1,2.0
0.9105316,True,7,7,-6.0
0.9917679,True,3,3,10.0
0.56652904,True,1,1,12.0
0.9929414,True,4,4,-4.0
0.9565461,True,2,2,18.0
0.9923969,True,9,9,10.0
0.98821205,True,4,4,12.0
0.9910256,True,4,4,8.0
0.9904316,True,0,0,4.0
0.9415814,True,2,2,-4.0
0.991983,True,10,10,10.0
0.9910808,True,7,7,-2.0
0.65030646,True,4,4,-6.0
0.5966586,True,1,1,4.0
0.99204785,True,5,5,12.0
0.67865884,True,1,1,6.0
0.9912094,True,8,8,6.0
0.9924428,True,6,6,4.0
0.7209815,False,9,0,-4.0
0.9926282,True,8,8,18.0
0.95726204,True,2,2,12.0
0.9929066,True,9,9,12.0
0.6313871,False,10,1,-4.0
0.5861074,False,10,1,10.0
0.99373925,True,10,10,18.0
0.99280095,True,0,0,8.0
0.49907658,False,9,0,-2.0
0.9912855,True,4,4,8.0
0.99021846,True,10,10,16.0
0.9928697,True,6,6,18.0
0.99145186,True,9,9,2.0
0.9892902,True,4,4,4.0
0.99303025,True,8,8,2.0
0.9930039,True,5,5,6.0
0.9914464,True,0,0,6.0
0.9912759,True,6,6,-2.0
0.570957,False,10,1,18.0
0.98921585,True,6,6,8.0
0.9916044,True,4,4,4.0
0.99216497,True,8,8,-4.0
0.5579539,True,0,0,0.0
0.9902879,True,5,5,8.0
0.99222356,True,7,7,4.0
0.9915519,True,6,6,4.0
0.53830725,False,9,0,-4.0
0.99180156,True,9,9,12.0
0.9917429,True,0,0,12.0
0.9918251,True,3,3,-4.0
0.9911487,True,9,9,10.0
0.9552416,True,2,2,16.0
0.9424876,True,2,2,-4.0
0.99229586,True,5,5,10.0
0.9954075,True,10,10,12.0
0.4857443,True,0,0,-6.0
0.773904,True,2,2,18.0
0.9913169,True,4,4,10.0
0.9868794,True,4,4,-4.0
0.99402434,True,5,5,6.0
0.99333054,True,6,6,6.0
0.9892729,True,8,8,0.0
0.5308534,False,1,10,-6.0
0.99492943,True,5,5,2.0
0.6071992,True,9,9,-6.0
0.9925229,True,3,3,18.0
0.9278488,False,3,6,-2.0
0.9864673,False,0,7,-2.0
0.9952739,True,5,5,12.0
0.64517623,False,10,1,4.0
0.9915279,True,8,8,2.0
0.9456008,True,2,2,2.0
0.9910874,True,0,0,16.0
0.7226835,True,1,1,12.0
0.87732923,True,1,1,18.0
0.9922915,True,9,9,6.0
0.9903308,True,7,7,10.0
0.5668535,False,10,1,10.0
0.9936925,True,3,3,2.0
0.990939,True,0,0,18.0
0.9935588,True,8,8,6.0
0.70211256,False,0,9,-4.0
0.5916241,True,5,5,-6.0
0.9915524,True,3,3,12.0
0.99062705,True,7,7,16.0
0.9907143,True,3,3,6.0
0.95010173,True,2,2,-6.0
0.9922197,True,9,9,6.0
0.991884,True,4,4,12.0
0.62489367,False,0,9,-6.0
0.8678819,True,5,5,8.0
0.9907302,True,7,7,14.0
0.99222696,True,8,8,18.0
0.9929584,True,9,9,4.0
0.97610676,True,6,6,0.0
0.9800199,True,7,7,4.0
0.990303,True,9,9,2.0
0.9949014,True,5,5,8.0
0.5981445,True,1,1,-6.0
0.75142044,True,10,10,0.0
0.9924372,True,9,9,12.0
0.9813519,True,6,6,-6.0
0.92555434,True,2,2,10.0
0.57389134,False,10,1,6.0
0.9915699,True,6,6,16.0
0.9911022,True,8,8,4.0
0.9868291,True,7,7,-4.0
0.6571283,False,10,1,2.0
0.9778217,True,2,2,18.0
0.990917,True,3,3,4.0
0.9916699,True,6,6,16.0
0.992851,True,4,4,4.0
0.9920689,True,0,0,10.0
0.98941994,True,7,7,10.0
0.57489955,True,1,1,6.0
0.9936911,True,9,9,16.0
0.99284804,True,3,3,10.0
0.9921313,True,0,0,10.0
0.99216944,True,5,5,8.0
0.9758715,True,6,6,-6.0
0.9938437,True,5,5,12.0
0.9913045,True,7,7,18.0
0.9915398,True,0,0,2.0
0.99101335,True,3,3,12.0
0.867481,True,9,9,-2.0
0.9919152,True,9,9,6.0
0.9849557,True,8,8,12.0
0.9920197,True,8,8,4.0
0.9321065,True,2,2,-4.0
0.62127143,False,10,1,-2.0
0.99452555,True,4,4,-2.0
0.98506236,True,0,0,10.0
0.9887987,True,7,7,0.0
0.5642271,True,3,3,-4.0
0.79037243,False,6,3,-6.0
0.98853415,True,7,7,12.0
0.9896833,True,10,10,6.0
0.99188316,True,6,6,2.0
0.9894533,True,4,4,14.0
0.9907663,True,3,3,18.0
0.9932679,True,6,6,-6.0
0.99001807,True,8,8,-6.0
0.9914418,True,8,8,0.0
0.5495134,True,0,0,-4.0
0.99056554,True,3,3,18.0
0.9908728,True,6,6,2.0
0.9913747,True,8,8,16.0
0.99122065,True,4,4,16.0
0.9912055,True,0,0,16.0
0.99303836,True,5,5,8.0
0.9911243,True,5,5,10.0
0.8552799,True,7,7,8.0
0.99048084,True,8,8,12.0
0.9911334,True,7,7,16.0
0.98944306,True,3,3,2.0
0.9926334,True,6,6,6.0
0.805533,False,9,0,-4.0
0.5960831,True,1,1,8.0
0.99150896,True,9,9,4.0
0.9925438,True,3,3,4.0
0.9109467,True,4,4,-6.0
0.991879,True,3,3,4.0
0.94639534,True,2,2,6.0
0.99074566,True,4,4,8.0
0.9926944,True,10,10,8.0
0.99421126,True,3,3,0.0
0.47604793,False,5,10,-6.0
0.99188566,True,5,5,4.0
0.9355629,True,1,1,16.0
0.99307597,True,6,6,10.0
0.9929369,True,6,6,2.0
0.9910597,True,7,7,16.0
0.99431264,True,5,5,6.0
0.61909926,False,9,0,-4.0
0.8628186,True,5,5,-6.0
0.99125075,True,9,9,18.0
0.99293876,True,3,3,-2.0
0.99015945,True,3,3,18.0
0.70453966,True,5,5,-4.0
0.94231683,False,0,2,-4.0
0.9908722,True,6,6,0.0
0.9932807,True,5,5,14.0
0.5613299,False,10,1,10.0
0.99308455,True,4,4,-2.0
0.9928871,True,4,4,2.0
0.9914232,True,8,8,10.0
0.94834685,False,9,2,12.0
0.91315085,True,2,2,6.0
0.9907127,True,6,6,16.0
0.6031885,False,10,1,-6.0
0.99282444,True,9,9,0.0
0.96222883,True,2,2,12.0
0.9622424,True,8,8,14.0
0.99295735,True,0,0,12.0
0.74986017,True,1,1,18.0
0.9926306,True,0,0,16.0
0.9801427,False,7,8,8.0
0.6640689,False,10,1,6.0
0.88949704,True,9,9,-2.0
0.9370625,True,2,2,8.0
0.6215042,True,8,8,-6.0
0.58527315,True,1,1,2.0
0.9908941,True,6,6,0.0
0.99162453,True,3,3,10.0
0.936948,True,7,7,-2.0
0.9949269,True,10,10,16.0
0.98989433,True,4,4,14.0
0.991437,True,7,7,8.0
0.9907301,True,6,6,16.0
0.9364906,True,3,3,-6.0
0.9927269,True,8,8,0.0
0.9917836,True,4,4,8.0
0.9939387,True,5,5,12.0
0.99211663,True,7,7,0.0
0.9913685,True,0,0,18.0
0.9947305,True,5,5,16.0
0.99221003,True,0,0,16.0
0.82834977,True,10,10,18.0
0.98865616,True,6,6,-6.0
0.6373733,True,1,1,10.0
0.7944048,True,2,2,2.0
0.65235215,True,1,1,-6.0
0.68184423,True,9,9,-4.0
0.98885405,True,10,10,14.0
0.98918986,True,3,3,16.0
0.9918715,True,9,9,18.0
0.99068224,True,4,4,16.0
0.99293196,True,6,6,18.0
0.9932848,True,4,4,2.0
0.99150157,True,6,6,16.0
0.9927055,True,9,9,10.0
0.30291924,False,2,9,16.0
0.98776764,True,7,7,0.0
0.9904489,True,4,4,12.0
0.937525,True,9,9,2.0
0.9911451,True,5,5,8.0
0.9917474,True,0,0,12.0
0.9906131,True,8,8,10.0
0.9230778,False,9,5,-6.0
0.9919891,True,6,6,14.0
0.9905625,True,0,0,0.0
0.9914296,True,8,8,-4.0
0.99050725,True,0,0,2.0
0.9915998,True,4,4,10.0
0.721178,True,1,1,10.0
0.99171036,True,7,7,8.0
0.84377426,False,9,2,18.0
0.76392245,True,1,1,10.0
0.9911875,True,6,6,16.0
0.99149853,True,5,5,12.0
0.99131024,True,6,6,4.0
0.8423915,False,10,1,0.0
0.9887349,True,10,10,14.0
0.99042994,True,7,7,4.0
0.8668376,True,2,2,6.0
0.99086714,True,6,6,8.0
0.99137735,True,0,0,6.0
0.9922375,True,5,5,14.0
0.66399544,True,9,9,-2.0
0.9426759,True,2,2,6.0
0.9201223,True,2,2,0.0
0.82037055,True,10,10,2.0
0.99158,True,8,8,-2.0
0.67054564,False,10,1,18.0
0.9905007,True,8,8,4.0
0.9922935,True,0,0,14.0
0.9359926,True,5,5,-6.0
0.9884594,True,6,6,-6.0
0.91138685,True,2,2,-2.0
0.99248123,True,4,4,2.0
0.99116766,True,9,9,6.0
0.9219115,True,7,7,0.0
0.9903258,True,4,4,0.0
0.99282247,True,8,8,18.0
0.64975816,False,10,1,-4.0
0.9907334,True,9,9,4.0
0.9914825,True,3,3,18.0
0.99363697,True,5,5,2.0
0.992081,True,8,8,6.0
0.6099649,True,1,1,8.0
0.99014,True,10,10,8.0
0.5828651,False,10,1,14.0
0.6871645,False,7,8,0.0
0.5646711,False,10,1,18.0
0.99214596,True,9,9,10.0
0.6331457,False,10,1,2.0
0.98880774,True,5,5,6.0
0.99046504,True,5,5,12.0
0.87467253,True,5,5,0.0
0.9917041,True,9,9,4.0
0.99048924,True,0,0,14.0
0.98462045,True,3,3,-4.0
0.9904717,True,5,5,10.0
0.5756975,True,1,1,-2.0
0.5903906,True,1,1,10.0
0.9928437,True,8,8,2.0
0.98867816,True,5,5,-2.0
0.9858532,True,0,0,2.0
0.98318374,True,7,7,-4.0
0.54121655,True,1,1,-2.0
0.991905,True,6,6,16.0
0.93505955,True,2,2,12.0
0.9913601,True,4,4,4.0
0.68697745,True,1,1,-4.0
0.61019224,False,0,4,-6.0
0.7978758,True,8,8,-6.0
0.9897223,True,3,3,16.0
0.99021906,True,5,5,14.0
0.9932822,True,6,6,-2.0
0.95648783,True,3,3,-2.0
0.7490994,True,10,10,6.0
0.9912566,True,4,4,4.0
0.98960924,True,7,7,2.0
0.9915731,True,9,9,0.0
0.96541816,True,2,2,8.0
0.5645885,False,10,1,8.0
0.991687,True,6,6,16.0
0.9785346,True,4,4,-2.0
0.36975294,False,0,3,4.0
0.9472793,True,2,2,-4.0
0.9926521,True,9,9,0.0
0.9884935,True,6,6,-2.0
0.9921936,True,8,8,10.0
0.991552,True,3,3,16.0
0.99167234,True,0,0,12.0
0.9903869,True,6,6,2.0
0.99212587,True,9,9,14.0
0.9917601,True,4,4,10.0
0.99158525,True,0,0,2.0
0.520619,False,0,9,-6.0
0.9918786,True,0,0,18.0
0.5586759,False,10,1,10.0
0.9903474,True,7,7,6.0
0.99271834,True,0,0,4.0
0.63161826,True,1,1,8.0
0.76405144,False,8,7,-6.0
0.5158936,False,3,9,-4.0
0.9860037,True,7,7,-6.0
0.8976363,True,3,3,-4.0
0.99015,True,0,0,6.0
0.9940295,True,3,3,6.0
0.8769716,True,2,2,18.0
0.9909045,True,4,4,10.0
0.992207,True,6,6,4.0
0.99280155,True,6,6,-4.0
0.9930992,True,8,8,0.0
0.99377257,True,5,5,8.0
0.9919561,True,4,4,14.0
0.71575487,False,7,8,-2.0
0.7676445,True,1,1,18.0
0.9928162,True,0,0,18.0
0.8872448,True,2,2,2.0
0.94036996,True,0,0,-2.0
0.99344045,True,5,5,18.0
0.9713372,True,7,7,2.0
0.9544379,False,8,2,14.0
0.5744267,False,4,5,-2.0
0.99193174,True,5,5,12.0
0.9916164,True,5,5,4.0
0.5748654,False,10,1,14.0
0.99001807,True,7,7,10.0
0.99301976,True,4,4,16.0
0.9926623,True,3,3,16.0
0.9910966,True,3,3,16.0
0.98179674,True,7,7,-2.0
0.60030705,True,1,1,2.0
0.9920134,True,7,7,8.0
0.76541704,False,0,4,-6.0
0.5770353,True,1,1,-6.0
0.99126863,True,8,8,10.0
0.9921577,True,4,4,8.0
0.97401005,True,5,5,2.0
0.989431,True,4,4,14.0
0.95670503,True,2,2,8.0
0.57430553,False,10,1,18.0
0.99307317,True,9,9,0.0
0.99209267,True,6,6,-2.0
0.9910629,True,3,3,16.0
0.5601229,False,10,1,8.0
0.96259904,True,2,2,10.0
0.9914997,True,6,6,18.0
0.9916236,True,8,8,14.0
0.99213153,True,5,5,16.0
0.9463977,True,2,2,18.0
0.98909676,True,7,7,-6.0
0.99065673,True,7,7,10.0
0.9932673,True,8,8,-2.0
0.9927858,True,0,0,14.0
0.9952583,True,10,10,18.0
0.9905938,True,7,7,6.0
0.7141904,True,1,1,-6.0
0.60160595,True,1,1,16.0
0.99158466,True,4,4,4.0
0.58862275,True,10,10,-4.0
0.99182993,True,4,4,8.0
0.59564865,True,1,1,0.0
0.99241537,True,6,6,-2.0
0.7388994,True,7,7,-4.0
0.99188036,True,4,4,4.0
0.9922127,True,6,6,-4.0
0.9895983,True,5,5,8.0
0.98951644,True,7,7,16.0
0.98833305,True,8,8,16.0
0.5982919,False,10,1,2.0
0.99269533,True,8,8,14.0
0.9936598,True,9,9,8.0
0.93772465,True,2,2,2.0
0.9907837,True,3,3,16.0
0.9011768,False,10,5,-6.0
0.99291456,True,6,6,-4.0
0.8867999,True,1,1,18.0
0.5705185,True,1,1,8.0
0.99125636,True,8,8,16.0
0.99158126,True,3,3,6.0
0.98951215,True,0,0,10.0
0.991619,True,10,10,12.0
0.99178267,True,5,5,8.0
0.6623791,True,1,1,4.0
0.9750919,True,0,0,12.0
0.9425423,True,2,2,0.0
0.9908449,True,7,7,0.0
0.9923785,True,8,8,2.0
0.9339583,True,2,2,6.0
0.9915537,True,4,4,14.0
0.9916618,True,4,4,2.0
0.9899323,True,3,3,14.0
0.9899804,True,7,7,8.0
0.99136275,True,8,8,0.0
0.69489354,False,0,9,-2.0
0.7224532,True,1,1,16.0
0.6211806,True,1,1,4.0
0.9927556,True,9,9,12.0
0.99270564,True,10,10,18.0
0.99213177,True,4,4,8.0
0.9257296,True,2,2,10.0
0.9892804,True,8,8,6.0
0.5950286,False,10,1,8.0
0.98425704,True,7,7,8.0
0.5567031,False,7,8,-2.0
0.98784035,True,6,6,-4.0
0.9919544,True,3,3,-2.0
0.9918646,True,5,5,4.0
0.9909627,True,8,8,-4.0
0.58832884,False,10,1,8.0
0.59365964,False,10,1,-2.0
0.9894553,True,8,8,12.0
0.9448151,True,2,2,12.0
0.99338186,True,5,5,12.0
0.989881,True,3,3,8.0
0.92164034,True,10,10,2.0
0.99322516,True,3,3,0.0
0.9934668,True,0,0,6.0
0.9915925,True,0,0,2.0
0.8775523,True,5,5,-4.0
0.9575936,False,8,7,-6.0
0.9911226,True,6,6,2.0
0.9926561,True,5,5,-4.0
0.9926926,True,9,9,12.0
0.993483,True,3,3,0.0
0.990364,True,8,8,0.0
0.9926819,True,6,6,2.0
0.5554123,False,0,9,-4.0
0.989885,True,7,7,12.0
0.9886285,True,5,5,10.0
0.99138534,True,8,8,2.0
0.9911032,True,7,7,6.0
0.99252325,True,6,6,-2.0
0.51329637,True,10,10,10.0
0.77829933,True,7,7,-4.0
0.9428218,True,2,2,8.0
0.91702116,True,2,2,2.0
0.991438,True,4,4,12.0
0.992071,True,9,9,6.0
0.5424708,True,0,0,-4.0
0.9642547,True,5,5,-2.0
0.5757026,True,1,1,16.0
0.8759773,False,8,7,-4.0
0.5672765,False,1,10,2.0
0.99071723,True,3,3,12.0
0.57304615,False,10,1,-2.0
0.5577288,False,0,9,-6.0
0.99177015,True,0,0,18.0
0.9933541,True,5,5,4.0
0.9354653,True,1,1,18.0
0.9930535,True,5,5,12.0
0.59462434,False,10,1,-4.0
0.9469695,True,5,5,-6.0
0.99222034,True,8,8,16.0
0.9914511,True,5,5,18.0
0.74229664,True,1,1,12.0
0.59998596,True,1,1,16.0
0.9915941,True,9,9,12.0
0.85853183,False,8,7,0.0
0.9828561,True,9,9,0.0
0.99486405,True,8,8,-4.0
0.6787087,True,1,1,-2.0
0.99295384,True,5,5,12.0
0.99123657,True,9,9,6.0
0.9924872,True,9,9,14.0
0.9924509,True,7,7,14.0
0.9898672,True,8,8,6.0
0.99073786,True,9,9,0.0
0.9920204,True,5,5,2.0
0.9529978,True,2,2,10.0
0.9917271,True,6,6,8.0
0.9899244,True,3,3,0.0
0.9744047,True,8,8,0.0
0.99328196,True,4,4,-2.0
0.9916854,True,3,3,-2.0
0.9913947,True,3,3,0.0
0.9528285,False,9,0,0.0
0.664452,False,10,1,4.0
0.9927608,True,7,7,12.0
0.92646295,False,8,2,6.0
0.98701805,True,4,4,16.0
0.8115441,True,2,2,8.0
0.99143827,True,0,0,12.0
0.9456514,True,2,2,4.0
0.8535602,True,2,2,10.0
0.99149066,True,4,4,10.0
0.9898774,True,3,3,10.0
0.6978141,False,10,1,4.0
0.99110633,True,6,6,18.0
0.99174845,True,5,5,-2.0
0.9923078,True,4,4,0.0
0.9904022,True,7,7,16.0
0.9916578,True,9,9,6.0
0.9913487,True,3,3,-4.0
0.6253516,True,1,1,0.0
0.80105424,True,10,10,-6.0
0.9922151,True,0,0,2.0
0.9918378,True,6,6,12.0
0.9928349,True,6,6,10.0
0.56477267,False,10,1,0.0
0.9919342,True,7,7,4.0
0.9899448,True,8,8,6.0
0.9911191,True,8,8,4.0
0.991751,True,4,4,4.0
0.9939567,True,3,3,2.0
0.6954785,True,1,1,2.0
0.99244153,True,3,3,14.0
0.9908015,True,3,3,16.0
0.9930281,True,8,8,4.0
0.7270641,False,10,1,16.0
0.9819763,True,7,7,-2.0
0.9931526,True,6,6,-4.0
0.9909223,True,0,0,12.0
0.9944142,True,5,5,4.0
0.54919577,False,10,1,2.0
0.62667334,False,10,1,-2.0
0.9906721,True,4,4,12.0
0.5190077,False,10,1,-2.0
0.95637214,True,5,5,-6.0
0.99187297,True,4,4,14.0
0.988331,True,4,4,14.0
0.9929704,True,5,5,8.0
0.75588447,False,10,1,-4.0
0.9928035,True,5,5,-2.0
0.9910182,True,3,3,14.0
0.5953059,False,10,1,10.0
0.98964894,True,4,4,16.0
0.591567,False,10,1,12.0
0.9917372,True,8,8,6.0
0.994232,True,6,6,-2.0
0.9936387,True,9,9,2.0
0.99362344,True,9,9,2.0
0.96338105,True,2,2,18.0
0.8993893,True,10,10,12.0
0.9531382,True,2,2,6.0
0.99210596,True,4,4,10.0
0.98552716,True,5,5,2.0
0.9910925,True,9,9,4.0
0.658848,True,1,1,12.0
0.98940605,True,4,4,16.0
0.94477147,True,7,7,10.0
0.87181336,True,5,5,0.0
0.9894442,True,3,3,14.0
0.99209845,True,5,5,-2.0
0.9902581,True,6,6,2.0
0.95803475,True,5,5,-6.0
0.96311796,True,2,2,2.0
0.9879951,True,7,7,0.0
0.9316732,False,3,6,-2.0
0.99178773,True,5,5,14.0
0.99062365,True,4,4,6.0
0.68306726,True,9,9,-4.0
0.99352795,True,5,5,8.0
0.9904573,True,7,7,14.0
0.9922854,True,5,5,0.0
0.99353373,True,8,8,8.0
0.9915862,True,3,3,8.0
0.7646716,True,1,1,14.0
0.59187764,False,10,1,6.0
0.99446434,True,8,8,-4.0
0.99383837,True,5,5,12.0
0.9915753,True,8,8,-2.0
0.9904275,True,6,6,10.0
0.9929328,True,9,9,18.0
0.990533,True,0,0,12.0
0.9937289,True,9,9,0.0
0.9924852,True,8,8,18.0
0.99201536,True,8,8,14.0
0.9925925,True,7,7,-6.0
0.9921766,True,3,3,8.0
0.64095896,True,9,9,-4.0
0.66459733,True,1,1,-2.0
0.6096444,False,10,1,-2.0
0.99078596,True,7,7,4.0
0.9913845,True,0,0,18.0
0.7287008,True,1,1,18.0
0.99257225,True,5,5,18.0
0.52438766,True,10,10,-2.0
0.9923659,True,5,5,10.0
0.9913844,True,3,3,18.0
0.9940188,True,3,3,-2.0
0.96132725,True,2,2,4.0
0.9483292,True,2,2,2.0
0.9925936,True,7,7,16.0
0.9899316,True,5,5,8.0
0.98503506,True,7,7,18.0
0.9922544,True,0,0,14.0
0.7007672,True,1,1,0.0
0.88905686,True,2,2,18.0
0.99401,True,9,9,16.0
0.99097097,True,4,4,18.0
0.99156255,True,7,7,4.0
0.83525974,False,4,5,-4.0
0.9899332,True,8,8,6.0
0.99263716,True,0,0,2.0
0.9910018,True,8,8,18.0
0.98845184,True,0,0,6.0
0.93482196,True,2,2,0.0
0.9503109,False,0,2,-6.0
0.58150834,True,1,1,16.0
0.9929182,True,6,6,4.0
0.8836701,True,2,2,10.0
0.78715783,True,5,5,-4.0
0.99140173,True,8,8,-6.0
0.9915714,True,8,8,16.0
0.5942208,False,10,1,-4.0
0.9928732,True,0,0,12.0
0.9899977,True,4,4,6.0
0.97919273,True,8,8,-2.0
0.5681689,True,1,1,18.0
0.99432796,True,3,3,-2.0
0.9933373,True,9,9,14.0
0.9924545,True,5,5,16.0
0.57490724,True,1,1,16.0
0.63335955,True,1,1,6.0
0.92436796,True,3,3,-4.0
0.9916072,True,9,9,14.0
0.9816228,True,7,7,0.0
0.99154484,True,6,6,10.0
0.99220794,True,8,8,2.0
0.9924115,True,0,0,8.0
0.9535544,True,5,5,2.0
0.99162877,True,6,6,12.0
0.9917253,True,7,7,8.0
0.9904269,True,0,0,4.0
0.9895629,True,7,7,18.0
0.7307179,True,1,1,6.0
0.5885621,False,10,1,6.0
0.98551154,True,7,7,0.0
0.9913722,True,5,5,18.0
0.97352827,True,5,5,2.0
0.9938287,True,8,8,0.0
0.9533534,True,2,2,6.0
0.9917139,True,8,8,2.0
0.9932633,True,6,6,2.0
0.8675678,False,8,2,6.0
0.5684412,False,1,10,-4.0
0.9921853,True,8,8,8.0
0.9922742,True,0,0,6.0
0.9930734,True,3,3,4.0
0.5228264,False,1,10,0.0
0.52471024,False,9,0,-6.0
0.9915843,True,6,6,10.0
0.99070895,True,4,4,10.0
0.99055487,True,8,8,10.0
0.99011874,True,3,3,4.0
0.99056315,True,6,6,-4.0
0.98978794,True,7,7,4.0
0.99272996,True,5,5,16.0
0.8637644,True,5,5,0.0
0.99346256,True,5,5,2.0
0.9405431,True,2,2,12.0
0.9464164,True,2,2,14.0
0.94641596,True,2,2,6.0
0.9870042,True,5,5,-2.0
0.9673237,False,8,7,-6.0
0.9923213,True,7,7,6.0
0.9908969,True,0,0,2.0
0.57720333,False,10,1,14.0
0.6828625,True,3,3,-4.0
0.991335,True,0,0,18.0
0.54337007,True,1,1,0.0
0.9767859,True,10,10,10.0
0.98988944,True,4,4,8.0
0.64914703,False,10,1,14.0
0.9901287,True,4,4,14.0
0.9929224,True,9,9,10.0
0.57198054,True,1,1,-2.0
0.9927746,True,9,9,16.0
0.98926264,True,8,8,10.0
0.9914597,True,9,9,14.0
0.9907693,True,4,4,12.0
0.99174255,True,6,6,4.0
0.46511176,True,5,5,-6.0
0.9903538,True,3,3,10.0
0.6944075,True,1,1,6.0
0.9909965,True,6,6,10.0
0.9515053,False,7,2,-2.0
0.9908354,True,7,7,12.0
0.5862835,True,1,1,10.0
0.9765528,False,8,7,-6.0
0.9880618,True,7,7,14.0
0.96319735,True,2,2,18.0
0.99177915,True,7,7,14.0
0.9186914,True,10,10,2.0
0.99409395,True,8,8,-4.0
0.9908789,True,4,4,10.0
0.992332,True,8,8,8.0
0.7944281,False,7,8,0.0
0.9910573,True,6,6,16.0
0.9861525,True,5,5,8.0
0.92342734,True,9,9,-2.0
0.98518395,True,6,6,-6.0
0.9862862,True,5,5,4.0
0.99140257,True,3,3,12.0
0.9828498,True,0,0,0.0
0.61988086,False,10,1,-6.0
0.991931,True,0,0,12.0
0.9918819,True,9,9,6.0
0.31458056,True,3,3,-4.0
0.52742624,True,5,5,0.0
0.9925932,True,4,4,16.0
0.99160236,True,5,5,16.0
0.9311731,True,2,2,8.0
0.9919905,True,7,7,2.0
0.9929022,True,5,5,12.0
0.9934417,True,5,5,6.0
0.5764207,True,1,1,8.0
0.99270684,True,3,3,14.0
0.9903746,True,3,3,12.0
0.95888263,True,2,2,0.0
0.7374752,True,7,7,-4.0
0.99432003,True,5,5,18.0
0.57229316,True,1,1,0.0
0.9918333,True,8,8,10.0
0.9911122,True,4,4,8.0
0.9888967,True,0,0,10.0
0.99125504,True,7,7,10.0
0.98851365,True,7,7,10.0
0.99079144,True,7,7,8.0
0.99030614,True,4,4,18.0
0.9263664,True,0,0,-2.0
0.7759819,False,8,7,4.0
0.8501832,True,5,5,0.0
0.9864378,True,7,7,10.0
0.9929134,True,0,0,10.0
0.9902278,True,7,7,10.0
0.7531699,True,1,1,-6.0
0.9911992,True,10,10,10.0
0.98700166,True,5,5,2.0
0.9917346,True,6,6,-4.0
0.99287647,True,6,6,10.0
0.5589939,False,10,1,14.0
0.99176764,True,10,10,16.0
0.99322045,True,6,6,-4.0
0.98996174,True,7,7,2.0
0.6468513,False,10,1,-6.0
0.9870776,True,7,7,0.0
0.9930085,True,6,6,16.0
0.99218917,True,6,6,2.0
0.5592122,True,1,1,10.0
0.9941789,True,4,4,0.0
0.993067,True,6,6,10.0
0.9936168,True,3,3,6.0
0.93663436,True,2,2,0.0
0.9937044,True,8,8,0.0
0.65018266,False,10,1,-4.0
0.95637554,True,2,2,18.0
0.98918533,True,4,4,4.0
0.6327411,True,10,10,0.0
0.97175735,True,8,8,-4.0
0.99110234,True,6,6,6.0
0.9896863,True,8,8,14.0
0.9406452,True,2,2,16.0
0.9892216,True,3,3,14.0
0.7996181,True,8,8,4.0
0.99020994,True,7,7,6.0
0.5243717,False,8,7,-4.0
0.99241614,True,8,8,18.0
0.99320084,True,3,3,0.0
0.6503079,True,1,1,6.0
0.6471713,False,10,1,16.0
0.8866763,False,9,2,-4.0
0.9464336,True,4,4,-6.0
0.982398,True,5,5,-2.0
0.9918703,True,9,9,4.0
0.99151176,True,9,9,18.0
0.99276286,True,6,6,-6.0
0.99012166,True,3,3,-6.0
0.5509447,False,10,1,0.0
0.9923149,True,3,3,0.0
0.991928,True,3,3,0.0
0.9915662,True,9,9,10.0
0.55915666,True,1,1,0.0
0.95586586,True,2,2,14.0
0.9925166,True,6,6,14.0
0.68554825,False,4,5,-6.0
0.9892993,True,0,0,2.0
0.98987526,True,8,8,16.0
0.99397814,True,5,5,12.0
0.9938822,True,3,3,4.0
0.9935748,True,5,5,8.0
0.98991257,True,3,3,8.0
0.99059325,True,0,0,2.0
0.99191475,True,3,3,2.0
0.9928115,True,5,5,6.0
0.7107741,True,1,1,10.0
0.9955114,True,5,5,-4.0
0.97740835,True,2,2,12.0
0.9924027,True,8,8,2.0
0.75404316,False,9,0,-4.0
0.9927078,True,0,0,8.0
0.98992974,True,7,7,16.0
0.99362373,True,5,5,16.0
0.99137986,True,4,4,10.0
0.95346856,False,6,2,16.0
0.61855453,True,1,1,18.0
0.571778,False,10,1,12.0
0.98959774,True,8,8,12.0
0.99298227,True,5,5,6.0
0.988487,True,5,5,0.0
0.9927939,True,0,0,8.0
0.99160284,True,6,6,-4.0
0.62001795,True,1,1,4.0
0.99276334,True,9,9,16.0
0.9863587,True,3,3,0.0
0.9905087,True,3,3,12.0
0.99297345,True,9,9,10.0
0.9914961,True,6,6,10.0
0.9926323,True,8,8,2.0
0.74519634,True,1,1,6.0
0.9931143,True,6,6,4.0
0.9453936,True,2,2,14.0
0.9899733,True,8,8,18.0
0.99191886,True,9,9,6.0
0.99017406,True,6,6,14.0
0.9900275,True,4,4,18.0
0.9887911,True,7,7,-6.0
0.9425537,True,2,2,4.0
0.9924315,True,7,7,8.0
0.6307557,False,10,1,10.0
0.99381024,True,7,7,2.0
0.9926847,True,0,0,8.0
0.9918093,True,5,5,6.0
0.99250776,True,8,8,12.0
0.57118016,True,1,1,14.0
0.99201936,True,5,5,-4.0
0.46878633,False,4,0,-6.0
0.99055207,True,3,3,2.0
0.9915108,True,9,9,8.0
0.5152351,False,10,5,0.0
0.9914692,True,5,5,18.0
0.5892138,True,1,1,18.0
0.96976477,True,2,2,12.0
0.9889514,True,7,7,8.0
0.9926761,True,9,9,2.0
0.9915599,True,4,4,2.0
0.9815548,True,7,7,-6.0
0.9922362,True,5,5,8.0
0.56678975,True,1,1,12.0
0.9914635,True,8,8,6.0
0.9304936,True,10,10,8.0
0.9900684,True,3,3,0.0
0.9898134,True,4,4,18.0
0.99270344,True,9,9,14.0
0.993383,True,9,9,12.0
0.8754507,True,9,9,-4.0
0.9917337,True,3,3,8.0
0.99100655,True,5,5,12.0
0.58433086,True,1,1,14.0
0.99161446,True,5,5,10.0
0.5549414,True,1,1,8.0
0.9512371,True,9,9,-2.0
0.9435461,False,7,2,4.0
0.99423873,True,5,5,6.0
0.58737063,True,1,1,8.0
0.6646748,True,1,1,2.0
0.9905585,True,4,4,2.0
0.99102837,True,6,6,4.0
0.8936424,False,7,2,18.0
0.58420265,False,10,1,4.0
0.9906675,True,10,10,12.0
0.99184835,True,9,9,0.0
0.7359779,True,10,10,-4.0
0.94017184,True,2,2,-6.0
0.9904883,True,3,3,2.0
0.99163496,True,6,6,18.0
0.9915514,True,4,4,10.0
0.98978055,True,4,4,12.0
0.9928323,True,6,6,14.0
0.98817456,True,10,10,14.0
0.97769004,True,7,7,10.0
0.576351,True,1,1,-6.0
0.99313134,True,4,4,2.0
0.9907595,True,5,5,6.0
0.9904022,True,8,8,2.0
0.9911718,True,4,4,8.0
0.99280894,True,9,9,18.0
0.5838001,True,1,1,14.0
0.97068477,True,7,7,6.0
0.84094435,True,0,0,-2.0
0.9378988,True,2,2,4.0
0.9885124,True,9,9,0.0
0.9653327,False,9,0,-2.0
0.9916087,True,5,5,8.0
0.9934242,True,5,5,6.0
0.9898497,True,3,3,16.0
0.60540813,False,10,1,16.0
0.963021,True,10,10,0.0
0.99403596,True,9,9,6.0
0.9806998,True,8,8,16.0
0.99394035,True,3,3,2.0
0.99099964,True,0,0,4.0
0.99434763,True,10,10,6.0
0.55869085,False,10,1,10.0
0.93342984,True,0,0,0.0
0.9930797,True,9,9,18.0
0.99147695,True,7,7,16.0
0.9922937,True,3,3,14.0
0.5682544,True,1,1,16.0
0.9877295,True,10,10,18.0
0.7325672,True,1,1,12.0
0.991704,True,4,4,8.0
0.99163073,True,6,6,10.0
0.9916642,True,5,5,12.0
0.99145,True,0,0,16.0
0.9915215,True,7,7,2.0
0.5852913,False,10,1,16.0
0.9907314,True,5,5,6.0
0.99451256,True,3,3,0.0
0.9056889,False,3,2,-6.0
0.98884857,True,4,4,10.0
0.59346986,True,1,1,6.0
0.7823672,True,2,2,-2.0
0.5750385,True,1,1,-4.0
0.45680192,False,0,3,-6.0
0.99053955,True,8,8,10.0
0.9835021,True,8,8,2.0
0.9760381,True,2,2,14.0
0.99095386,True,5,5,16.0
0.5783061,False,10,1,14.0
0.991202,True,6,6,16.0
0.9925248,True,8,8,18.0
0.9521701,True,2,2,6.0
0.9925055,True,6,6,6.0
0.99010485,True,4,4,14.0
0.99358165,True,5,5,12.0
0.9518297,True,2,2,18.0
0.992585,True,5,5,18.0
0.9761378,False,8,7,-6.0
0.7697151,True,1,1,14.0
0.9960097,True,5,5,4.0
0.9934141,True,0,0,10.0
0.51722044,True,1,1,-4.0
0.992063,True,0,0,18.0
0.8777565,False,3,5,-6.0
0.61351925,True,1,1,0.0
0.6066954,True,1,1,-2.0
0.99298143,True,9,9,16.0
0.57245415,False,10,1,6.0
0.87028235,False,3,6,-2.0
0.9912412,True,3,3,8.0
0.7331444,False,9,0,-2.0
0.59926724,False,10,1,-2.0
0.9928074,True,3,3,16.0
0.5982356,True,1,1,14.0
0.97692424,True,7,7,2.0
0.58027077,False,10,1,16.0
0.93760777,True,5,5,4.0
0.9922212,True,4,4,16.0
0.92691565,True,2,2,6.0
0.9919952,True,8,8,12.0
0.9933113,True,3,3,16.0
0.97126937,True,7,7,-2.0
0.98960334,True,4,4,18.0
0.5532118,True,1,1,10.0
0.92586327,True,1,1,14.0
0.72482437,True,1,1,16.0
0.99002695,True,3,3,10.0
0.9918156,True,6,6,12.0
0.9883648,True,3,3,2.0
0.9908246,True,8,8,10.0
0.9891528,True,7,7,0.0
0.86819816,True,2,2,18.0
0.98733634,True,7,7,2.0
0.9109228,True,7,7,12.0
0.5966187,True,1,1,0.0
0.9907967,True,0,0,8.0
0.9524154,True,7,7,18.0
0.9904593,True,3,3,16.0
0.99240476,True,0,0,6.0
0.9922347,True,10,10,8.0
0.702123,True,1,1,0.0
0.99060994,True,5,5,14.0
0.99254864,True,9,9,14.0
0.9918333,True,9,9,10.0
0.9927797,True,6,6,2.0
0.99053043,True,6,6,4.0
0.9917486,True,7,7,10.0
0.9957813,True,5,5,10.0
0.98625606,True,8,8,8.0
0.9925103,True,6,6,18.0
0.98955566,False,5,10,4.0
0.99131143,True,9,9,8.0
0.9904615,True,4,4,12.0
0.9910972,True,9,9,4.0
0.990695,True,7,7,18.0
0.9898707,True,7,7,0.0
0.9925143,True,6,6,2.0
0.99279153,True,9,9,18.0
0.9899164,True,3,3,-2.0
0.9921285,True,8,8,2.0
0.9911144,True,4,4,14.0
0.99016005,True,8,8,2.0
0.5873999,True,1,1,6.0
0.44708234,True,6,6,-6.0
0.5835955,True,1,1,6.0
0.991478,True,7,7,14.0
0.9927804,True,9,9,8.0
0.95893586,True,2,2,2.0
0.9900539,True,3,3,16.0
0.59648436,False,5,10,-4.0
0.99309653,True,6,6,10.0
0.6018757,True,1,1,4.0
0.99237615,True,8,8,-2.0
0.64910996,False,0,9,-4.0
0.6915505,False,10,1,2.0
0.9396445,True,2,2,-6.0
0.53005004,False,1,10,-2.0
0.9937448,True,8,8,6.0
0.60036474,True,1,1,-2.0
0.9920107,True,4,4,0.0
0.99097615,True,6,6,0.0
0.99147826,True,3,3,10.0
0.99281114,True,3,3,8.0
0.6664981,True,1,1,-6.0
0.9932682,True,6,6,12.0
0.9889874,True,5,5,6.0
0.9911191,True,9,9,6.0
0.99100643,True,7,7,16.0
0.6656792,False,3,2,-6.0
0.9920779,True,0,0,12.0
0.99140066,True,9,9,6.0
0.99235463,True,7,7,18.0
0.9355704,True,2,2,-2.0
0.45637807,False,0,9,-6.0
0.99261606,True,7,7,12.0
0.9911431,True,9,9,0.0
0.9548299,True,7,7,0.0
0.88522357,True,5,5,-2.0
0.9879803,True,10,10,10.0
0.99058175,True,7,7,18.0
0.99349034,True,8,8,-4.0
0.37443683,False,9,0,-4.0
0.99126023,True,0,0,10.0
0.84471065,False,7,8,0.0
0.8804734,True,4,4,-6.0
0.991389,True,8,8,4.0
0.99094385,True,7,7,4.0
0.5099023,False,9,0,-6.0
0.9320629,True,2,2,-4.0
0.9943252,True,10,10,4.0
0.99306124,True,5,5,12.0
0.5182482,False,10,1,4.0
0.99152714,True,0,0,10.0
0.9176913,False,9,2,-6.0
0.99083847,True,6,6,10.0
0.9617025,True,2,2,16.0
0.9926571,True,5,5,-2.0
0.64768195,False,10,1,0.0
0.99097484,True,4,4,18.0
0.9927326,True,9,9,6.0
0.5535812,False,10,1,12.0
0.54367185,True,1,1,10.0
0.9928517,True,6,6,0.0
0.99115235,True,0,0,14.0
0.9910591,True,5,5,8.0
0.92647094,True,2,2,8.0
0.9911781,True,4,4,10.0
0.9934815,True,0,0,12.0
0.49475974,True,5,5,-6.0
0.6893272,True,9,9,-4.0
0.9761537,False,8,7,-6.0
0.9950104,True,10,10,16.0
0.66246474,True,0,0,-4.0
0.9800024,True,2,2,12.0
0.98374593,True,5,5,2.0
0.9634291,True,7,7,-2.0
0.71207416,True,3,3,-4.0
0.8384598,True,3,3,-4.0
0.77201474,True,7,7,0.0
0.9935447,True,8,8,-6.0
0.9918813,True,8,8,4.0
0.992006,True,8,8,10.0
0.98947805,True,3,3,-2.0
0.9914597,True,6,6,16.0
0.95547915,True,2,2,-2.0
0.99177,True,5,5,14.0
0.9912621,True,6,6,-2.0
0.9505198,True,2,2,10.0
0.9925437,True,3,3,0.0
0.95993435,True,2,2,-2.0
0.89919823,True,2,2,-4.0
0.9921049,True,0,0,8.0
0.9908654,True,0,0,8.0
0.99226135,True,8,8,6.0
0.9937807,True,9,9,4.0
0.99250036,True,9,9,8.0
0.60310477,False,9,0,-4.0
0.99196094,True,9,9,12.0
0.9916551,True,4,4,2.0
0.9308547,True,7,7,-4.0
0.9923464,True,8,8,10.0
0.9931959,True,0,0,10.0
0.94021916,True,2,2,-2.0
0.9910025,True,4,4,4.0
0.99103034,True,6,6,0.0
0.58600664,True,7,7,-2.0
0.9921599,True,8,8,8.0
0.5446758,True,1,1,10.0
0.99118173,True,3,3,4.0
0.8759662,True,10,10,6.0
0.9919046,True,0,0,14.0
0.64359844,True,1,1,16.0
0.9922185,True,6,6,4.0
0.5933668,True,1,1,16.0
0.97016966,False,9,2,-2.0
0.9849627,True,3,3,16.0
0.9893455,True,4,4,4.0
0.9909464,True,4,4,18.0
0.99417216,True,4,4,-2.0
0.99187803,True,0,0,10.0
0.9921428,True,0,0,18.0
0.9912009,True,3,3,2.0
0.5604534,False,10,1,8.0
0.9895964,True,4,4,8.0
0.9821653,True,2,2,16.0
0.98867935,True,7,7,6.0
0.5798504,False,10,1,4.0
0.9919729,True,7,7,12.0
0.99244624,True,5,5,16.0
0.9929045,True,6,6,2.0
0.9918223,True,3,3,2.0
0.94904375,True,2,2,14.0
0.642093,False,10,1,4.0
0.99287605,True,8,8,14.0
0.9902264,True,0,0,18.0
0.99123025,True,0,0,12.0
0.990893,True,7,7,4.0
0.99392635,True,9,9,12.0
0.9938327,True,3,3,2.0
0.9105837,True,2,2,6.0
0.993414,True,5,5,-2.0
0.9947291,True,5,5,14.0
0.99232274,True,4,4,-2.0
0.9912696,True,5,5,-2.0
0.9492384,True,2,2,14.0
0.9870566,True,7,7,12.0
0.88515866,True,9,9,-2.0
0.99170774,True,7,7,18.0
0.8971897,True,2,2,8.0
0.6164935,True,1,1,6.0
0.9918134,True,6,6,-2.0
0.9429512,True,2,2,-2.0
0.9906617,True,8,8,10.0
0.91332304,False,3,2,14.0
0.99056995,True,0,0,12.0
0.6264184,False,5,1,-6.0
0.9908765,True,7,7,12.0
0.98618084,True,5,5,-4.0
0.9897372,True,10,10,12.0
0.9935681,True,5,5,12.0
0.9900831,True,5,5,12.0
0.893192,True,7,7,-4.0
0.99205434,True,6,6,8.0
0.9925167,True,4,4,18.0
0.978734,True,7,7,-2.0
0.60421175,True,1,1,18.0
0.99056596,True,7,7,8.0
0.9923591,True,5,5,8.0
0.9925653,True,3,3,14.0
0.6277184,True,4,4,-6.0
0.96981984,True,2,2,10.0
0.991544,True,9,9,16.0
0.99290997,True,6,6,6.0
0.49984914,False,9,0,-4.0
0.99113095,True,7,7,14.0
0.99233854,True,6,6,14.0
0.572543,False,10,1,18.0
0.99237424,True,0,0,6.0
0.99250776,True,5,5,12.0
0.9200692,True,2,2,2.0
0.9557613,True,2,2,-4.0
0.99464095,True,5,5,-4.0
0.94656783,True,0,0,0.0
0.99187875,True,9,9,18.0
0.98829913,True,7,7,4.0
0.589706,True,1,1,4.0
0.99075466,True,8,8,14.0
0.43818232,True,9,9,-6.0
0.6438639,True,1,1,-6.0
0.99360037,True,8,8,4.0
0.99079144,True,3,3,4.0
0.99127555,True,7,7,10.0
0.94519836,True,0,0,0.0
0.9935284,True,8,8,2.0
0.99301434,True,5,5,18.0
0.99034333,True,8,8,18.0
0.35673252,False,9,0,-6.0
0.9915971,True,7,7,18.0
0.9916604,True,6,6,10.0
0.9949739,True,5,5,4.0
0.4062563,False,7,8,2.0
0.9923913,True,8,8,4.0
0.99230593,True,0,0,16.0
0.98913515,True,7,7,4.0
0.9942873,True,5,5,14.0
0.95952696,True,2,2,-2.0
0.9893881,True,7,7,16.0
0.84955984,True,7,7,-6.0
0.9927187,True,6,6,14.0
0.99230546,True,8,8,4.0
0.99236345,True,8,8,10.0
0.9508039,True,2,2,-4.0
0.9893048,True,8,8,-6.0
0.9922525,True,6,6,16.0
0.9904869,True,4,4,0.0
0.9925851,True,9,9,14.0
0.98821825,True,7,7,8.0
0.9918269,True,6,6,18.0
0.9931571,True,6,6,8.0
0.9907478,True,3,3,14.0
0.9916334,True,0,0,2.0
0.9931034,True,4,4,2.0
0.99054295,True,3,3,14.0
0.94607973,True,2,2,16.0
0.5325184,False,9,7,0.0
0.9506677,True,2,2,-2.0
0.9900051,True,4,4,8.0
0.98995554,True,0,0,8.0
0.99102306,True,7,7,18.0
0.56982,False,10,1,18.0
0.6955656,True,1,1,16.0
0.9920517,True,6,6,8.0
0.99481505,True,3,3,10.0
0.9896507,True,8,8,6.0
0.9836211,False,8,7,-6.0
0.99168324,True,0,0,10.0
0.9828272,False,7,8,0.0
0.9243688,False,8,7,-4.0
0.9928812,True,6,6,-2.0
0.99122214,True,0,0,18.0
0.98694545,True,10,10,8.0
0.9902062,True,8,8,6.0
0.57185686,True,1,1,18.0
0.9912689,True,9,9,10.0
0.92376417,True,10,10,-4.0
0.9942304,True,5,5,4.0
0.99047977,True,7,7,18.0
0.89313215,True,0,0,0.0
0.9908477,True,6,6,14.0
0.9921463,True,6,6,18.0
0.616118,True,7,7,-2.0
0.9942198,True,10,10,8.0
0.4250738,False,9,0,-6.0
0.99309057,True,5,5,12.0
0.9669244,True,9,9,0.0
0.9926725,True,9,9,16.0
0.9300105,True,2,2,0.0
0.78487265,False,8,7,14.0
0.991383,True,6,6,14.0
0.8141597,False,0,2,-6.0
0.9366256,True,2,2,14.0
0.9917116,True,4,4,8.0
0.98879063,True,3,3,14.0
0.9776493,True,2,2,8.0
0.9913263,True,4,4,0.0
0.9304324,True,2,2,-4.0
0.9584191,True,2,2,14.0
0.5795981,True,1,1,12.0
0.63107365,True,1,1,-6.0
0.95772,True,0,0,-2.0
0.90086395,True,9,9,-2.0
0.9828001,True,5,5,2.0
0.7413935,True,7,7,0.0
0.9570833,True,10,10,18.0
0.93510216,True,2,2,2.0
0.9957891,True,5,5,12.0
0.642893,False,10,1,-6.0
0.99248415,True,4,4,4.0
0.9939142,True,9,9,16.0
0.9929662,True,9,9,18.0
0.99218893,True,3,3,-2.0
0.99523216,True,10,10,4.0
0.9907341,True,0,0,14.0
0.9910648,True,6,6,0.0
0.9841007,True,7,7,18.0
0.9906735,True,0,0,2.0
0.9515008,True,5,5,-2.0
0.9417224,False,9,4,-2.0
0.6409899,True,10,10,-2.0
0.996609,True,10,10,2.0
0.63906205,True,1,1,12.0
0.99481493,True,5,5,18.0
0.9914785,True,9,9,6.0
0.99214256,True,9,9,6.0
0.99093366,True,0,0,2.0
0.99172884,True,7,7,10.0
0.38007307,False,9,0,-6.0
0.99017394,True,4,4,18.0
0.99375004,True,9,9,16.0
0.8418559,True,2,2,8.0
0.99281764,True,6,6,8.0
0.9934208,True,4,4,6.0
0.6085875,False,10,1,18.0
0.99304444,True,10,10,12.0
0.9928676,True,3,3,14.0
0.5598102,False,10,1,8.0
0.99101406,True,7,7,14.0
0.9911883,True,7,7,2.0
0.63029194,False,10,1,-2.0
0.9919972,True,8,8,4.0
0.9441645,True,2,2,8.0
0.6707597,True,1,1,12.0
0.9938466,True,9,9,0.0
0.6015854,False,10,1,14.0
0.9919918,True,7,7,16.0
0.989874,True,7,7,6.0
0.99144566,True,4,4,0.0
0.99232626,True,3,3,2.0
0.993687,True,9,9,10.0
0.99106663,True,6,6,12.0
0.9928774,True,3,3,4.0
0.9723331,True,7,7,-4.0
0.9922404,True,8,8,16.0
0.99148965,True,9,9,8.0
0.9918247,True,6,6,10.0
0.9896237,True,3,3,2.0
0.565657,False,10,1,4.0
0.99393106,True,8,8,-6.0
0.9921854,True,4,4,8.0
0.99128985,True,4,4,0.0
0.9930056,True,6,6,0.0
0.9932132,True,9,9,4.0
0.99327976,True,5,5,-4.0
0.992201,True,9,9,8.0
0.9927521,True,7,7,4.0
0.9889237,True,4,4,14.0
0.9880189,True,3,3,0.0
0.99392253,True,5,5,12.0
0.96123284,True,2,2,-6.0
0.991319,True,7,7,16.0
0.9530327,True,2,2,2.0
0.9883653,True,10,10,4.0
0.9919491,True,9,9,8.0
0.9926587,True,5,5,18.0
0.99054,True,8,8,6.0
0.9896186,True,9,9,4.0
0.5502267,False,4,5,-6.0
0.9924061,True,8,8,4.0
0.91937304,True,2,2,0.0
0.99427867,True,4,4,-2.0
0.99222696,True,0,0,14.0
0.56147116,True,1,1,8.0
0.9924204,True,9,9,0.0
0.98318326,True,7,7,10.0
0.6155351,True,1,1,-4.0
0.56666404,True,1,1,-4.0
0.99074805,True,3,3,8.0
0.56269187,True,5,5,0.0
0.9916385,True,6,6,12.0
0.9903868,True,9,9,10.0
0.99096125,True,6,6,6.0
0.98965526,True,7,7,8.0
0.60795844,False,10,1,4.0
0.9881274,True,0,0,4.0
0.99177986,True,6,6,-4.0
0.9236651,True,2,2,12.0
0.99505156,True,5,5,18.0
0.92662776,True,2,2,6.0
0.9899032,True,7,7,2.0
0.9927079,True,8,8,14.0
0.98407066,True,7,7,16.0
0.9912855,True,3,3,4.0
0.98963404,True,7,7,14.0
0.991076,True,5,5,4.0
0.99417096,True,3,3,0.0
0.9922806,True,9,9,10.0
0.9923848,True,8,8,10.0
0.99222976,True,0,0,16.0
0.9919763,True,0,0,6.0
0.7877883,True,1,1,12.0
0.71509373,False,10,1,-6.0
0.99214596,True,0,0,8.0
0.9896081,True,8,8,6.0
0.9913244,True,6,6,8.0
0.9923374,True,4,4,8.0
0.99176437,True,4,4,6.0
0.9954437,True,10,10,2.0
0.9574526,False,3,2,10.0
0.99278706,True,9,9,2.0
0.984711,True,5,5,14.0
0.8676692,True,1,1,18.0
0.9904012,True,7,7,18.0
0.9930628,True,0,0,10.0
0.76622087,True,1,1,16.0
0.9904247,True,3,3,14.0
0.9886541,True,7,7,2.0
0.9908772,True,9,9,16.0
0.99261403,True,0,0,6.0
0.8868505,True,0,0,-2.0
0.61369383,True,1,1,0.0
0.9914232,True,8,8,2.0
0.5443717,False,10,1,0.0
0.9919701,True,0,0,4.0
0.9910816,True,9,9,2.0
0.991999,True,3,3,10.0
0.97828525,True,7,7,-6.0
0.99321437,True,8,8,-2.0
0.52805173,False,7,8,6.0
0.989933,True,0,0,4.0
0.98875964,True,0,0,0.0
0.9935454,True,5,5,18.0
0.53970796,False,7,8,-2.0
0.97878116,True,3,3,0.0
0.99141747,True,3,3,8.0
0.68591636,True,1,1,6.0
0.7884985,True,5,5,0.0
0.9015935,True,2,2,10.0
0.99039596,True,7,7,14.0
0.9910697,True,8,8,2.0
0.64672124,True,10,10,-6.0
0.99039525,True,6,6,4.0
0.88762045,True,2,2,10.0
0.9889038,True,7,7,12.0
0.9912833,True,4,4,6.0
0.9879687,True,7,7,18.0
0.9893986,True,3,3,16.0
0.990292,True,9,9,6.0
0.8973062,True,2,2,4.0
0.99197304,True,3,3,8.0
0.60974663,True,1,1,-2.0
0.9934534,True,8,8,-4.0
0.99131155,True,7,7,16.0
0.6716508,True,1,1,-6.0
0.9626284,True,2,2,10.0
0.98880965,True,8,8,-6.0
0.99135685,True,0,0,8.0
0.62832403,True,1,1,6.0
0.9922959,True,3,3,0.0
0.56432515,True,1,1,10.0
0.99182993,True,3,3,16.0
0.9919315,True,9,9,4.0
0.954169,False,0,2,-6.0
0.9907355,True,7,7,8.0
0.5768721,False,10,1,14.0
0.9937664,True,5,5,-2.0
0.99169534,True,4,4,-4.0
0.72511727,True,1,1,18.0
0.9511904,True,7,7,4.0
0.9909615,True,7,7,14.0
0.9876358,True,10,10,14.0
0.9903661,True,4,4,6.0
0.59223354,False,10,1,-4.0
0.99135137,True,0,0,16.0
0.988342,True,3,3,-2.0
0.99389005,True,10,10,16.0
0.99040157,True,4,4,12.0
0.9901619,True,8,8,-2.0
0.59799796,False,10,1,8.0
0.958615,True,2,2,-4.0
0.99184966,True,9,9,10.0
0.5112484,False,10,1,8.0
0.99295264,True,0,0,10.0
0.9427629,True,7,7,-2.0
0.99254555,True,0,0,14.0
0.99279964,True,5,5,18.0
0.9913858,True,8,8,10.0
0.8596423,True,5,5,-4.0
0.61719215,False,10,1,14.0
0.5838212,False,10,1,12.0
0.9939097,True,3,3,-2.0
0.99170977,True,9,9,2.0
0.33586377,True,4,4,-6.0
0.9955481,True,10,10,10.0
0.9906461,True,7,7,14.0
0.9954306,True,5,5,8.0
0.99124193,True,3,3,4.0
0.99028265,True,4,4,16.0
0.9925081,True,4,4,4.0
0.9946861,True,5,5,-2.0
0.9794703,False,7,8,-4.0
0.97237206,True,2,2,0.0
0.9936598,True,3,3,10.0
0.9924023,True,3,3,18.0
0.9761193,True,5,5,4.0
0.99093455,True,3,3,18.0
0.57814896,True,1,1,16.0
0.9922955,True,8,8,0.0
0.99337316,True,8,8,14.0
0.9936783,True,5,5,4.0
0.6034384,True,1,1,-6.0
0.99248016,True,9,9,14.0
0.9217912,True,7,7,-2.0
0.9924469,True,6,6,10.0
0.9918826,True,6,6,18.0
0.9349433,True,2,2,16.0
0.5535634,False,10,1,10.0
0.9901216,True,7,7,8.0
0.990754,True,6,6,18.0
0.9911488,True,6,6,8.0
0.9499152,True,2,2,4.0
0.99127674,True,4,4,18.0
0.50367725,True,7,7,-4.0
0.5479309,True,10,10,-4.0
0.5520064,True,1,1,10.0
0.99187297,True,5,5,0.0
0.989461,True,4,4,18.0
0.64022756,True,1,1,8.0
0.436001,False,7,8,10.0
0.917033,False,8,7,-2.0
0.99225473,True,3,3,-2.0
0.7721851,True,7,7,-2.0
0.74491423,True,10,10,0.0
0.47898436,True,9,9,-4.0
0.99166757,True,0,0,14.0
0.9927591,True,8,8,-4.0
0.9843858,True,7,7,12.0
0.99120295,True,0,0,6.0
0.5987838,True,2,2,8.0
0.9922333,True,3,3,0.0
0.97892135,True,10,10,12.0
0.97705704,True,3,3,-2.0
0.97720873,True,4,4,-4.0
0.98859566,True,7,7,18.0
0.8124936,True,2,2,2.0
0.4149203,False,0,9,-6.0
0.62297547,True,1,1,-2.0
0.5597473,False,10,1,6.0
0.9937929,True,5,5,12.0
0.9906375,True,6,6,12.0
0.9922769,True,6,6,18.0
0.99043614,True,9,9,16.0
0.99119496,True,4,4,4.0
0.9904142,True,7,7,6.0
0.9919744,True,9,9,8.0
0.7911972,True,5,5,-6.0
0.98790145,True,7,7,12.0
0.79484606,True,7,7,2.0
0.52105635,False,1,10,0.0
0.99070096,True,4,4,14.0
0.991848,True,4,4,14.0
0.99195415,True,0,0,12.0
0.9895907,True,4,4,14.0
0.99238634,True,3,3,2.0
0.8659704,True,1,1,8.0
0.9920089,True,0,0,10.0
0.9922746,True,3,3,0.0
0.99227494,True,4,4,10.0
0.7630534,True,1,1,12.0
0.90245366,True,2,2,-2.0
0.970464,True,2,2,-4.0
0.9882895,True,9,9,14.0
0.98650396,True,7,7,10.0
0.9907567,True,3,3,4.0
0.56859434,True,1,1,-6.0
0.9865464,True,5,5,-4.0
0.53018737,True,10,10,-4.0
0.99096876,True,7,7,8.0
0.9915622,True,3,3,16.0
0.86046463,True,2,2,-6.0
0.9933374,True,8,8,-2.0
0.86924726,False,0,9,-2.0
0.99034554,True,7,7,6.0
0.961794,True,2,2,16.0
0.9856512,True,6,6,0.0
0.9924239,True,9,9,0.0
0.9398377,True,0,0,0.0
0.99492896,True,7,7,-6.0
0.9828379,True,6,6,-6.0
0.9921862,True,10,10,2.0
0.98995984,True,7,7,12.0
0.60284394,True,1,1,-6.0
0.9916197,True,9,9,6.0
0.90931547,True,7,7,-4.0
0.8130591,True,10,10,0.0
0.9937983,True,6,6,18.0
0.9940388,True,9,9,14.0
0.99571425,True,5,5,16.0
0.9917813,True,9,9,14.0
0.9899255,True,3,3,6.0
0.9487655,True,2,2,0.0
0.98683655,True,9,9,0.0
0.99126434,True,6,6,8.0
0.5640031,False,10,1,10.0
0.99050236,True,7,7,16.0
0.625376,True,1,1,-6.0
0.99328554,True,5,5,12.0
0.9908416,True,8,8,0.0
0.99063617,True,5,5,2.0
0.9913004,True,3,3,10.0
0.8877933,True,8,8,4.0
0.99118984,True,8,8,-2.0
0.9932967,True,8,8,-2.0
0.95048153,True,2,2,12.0
0.99576473,True,5,5,18.0
0.99009436,True,0,0,4.0
0.94078326,True,7,7,-2.0
0.990488,True,3,3,10.0
0.99254566,True,8,8,0.0
0.8910341,True,10,10,16.0
0.9652973,True,2,2,10.0
0.99289376,True,6,6,2.0
0.9940294,True,9,9,0.0
0.986013,True,7,7,16.0
0.9917162,True,4,4,12.0
0.34665257,False,5,0,-6.0
0.99173284,True,4,4,0.0
0.99000096,True,5,5,8.0
0.99110526,True,8,8,8.0
0.99130976,True,7,7,8.0
0.56805134,True,1,1,-4.0
0.99225134,True,6,6,6.0
0.7810742,True,3,3,-4.0
0.9915925,True,7,7,16.0
0.99187964,True,4,4,2.0
0.9920392,True,9,9,6.0
0.99105155,True,6,6,16.0
0.6708766,True,10,10,4.0
0.9842635,True,7,7,-2.0
0.97939736,True,5,5,0.0
0.98955065,True,4,4,14.0
0.9422979,False,9,7,-2.0
0.9810998,True,0,0,0.0
0.99279225,True,4,4,16.0
0.57313913,False,10,1,14.0
0.9408183,True,2,2,16.0
0.9938269,True,4,4,-2.0
0.99269485,True,3,3,6.0
0.99037826,True,3,3,16.0
0.99128085,True,3,3,8.0
0.93152714,True,2,2,16.0
0.97148794,True,5,5,-4.0
0.9256384,True,4,4,-4.0
0.80324316,True,6,6,-6.0
0.9923828,True,9,9,12.0
0.6103539,True,1,1,-4.0
0.9952029,True,5,5,12.0
0.9916107,True,0,0,14.0
0.5201208,True,1,1,-6.0
0.99381703,True,5,5,4.0
0.99089867,True,0,0,10.0
0.9934105,True,4,4,8.0
0.98908967,True,5,5,8.0
0.5216671,True,7,7,-4.0
0.5751871,False,10,1,16.0
0.997489,True,10,10,2.0
0.9543362,True,2,2,18.0
0.9917617,True,0,0,14.0
0.57640374,False,10,1,12.0
0.9883724,True,5,5,12.0
0.6329648,True,3,3,-6.0
0.9907541,True,6,6,-6.0
0.9838214,True,0,0,2.0
0.5134147,False,1,5,-6.0
0.9882853,True,5,5,2.0
0.51508296,True,10,10,-2.0
0.9927108,True,6,6,10.0
0.9046819,False,8,0,-4.0
0.9921555,True,8,8,8.0
0.7032363,True,2,2,16.0
0.9915821,True,8,8,8.0
0.99314934,True,9,9,0.0
0.9875524,True,8,8,-2.0
0.83580124,True,1,1,12.0
0.99243075,True,3,3,6.0
0.7421745,False,10,1,-6.0
0.99111724,True,9,9,16.0
0.992374,True,4,4,0.0
0.5891577,False,10,1,-2.0
0.542584,False,10,1,-4.0
0.6798661,True,1,1,6.0
0.67579526,False,5,4,-6.0
0.9896937,True,7,7,12.0
0.972923,True,5,5,-6.0
0.99208415,True,3,3,6.0
0.98955566,True,7,7,10.0
0.9214743,True,2,2,10.0
0.9919173,True,8,8,12.0
0.9926277,True,0,0,14.0
0.99200696,True,4,4,6.0
0.98959494,True,5,5,-4.0
0.9941339,True,3,3,-2.0
0.98925436,True,3,3,2.0
0.92715126,True,10,10,-2.0
0.98493963,True,8,8,-6.0
0.95699626,True,2,2,-4.0
0.58649904,False,10,1,-4.0
0.9917429,True,9,9,8.0
0.99185115,True,6,6,8.0
0.57865274,False,10,1,14.0
0.990957,True,9,9,6.0
0.97908,True,7,7,-4.0
0.99238694,True,4,4,12.0
0.9933501,True,8,8,6.0
0.87811565,True,7,7,2.0
0.98206294,True,3,3,-4.0
0.51261085,False,6,3,-6.0
0.99465513,True,3,3,0.0
0.5602632,False,10,1,12.0
0.55829436,True,1,1,10.0
0.541893,False,10,1,-2.0
0.8850748,True,10,10,8.0
0.99308914,True,3,3,8.0
0.992649,True,8,8,0.0
0.94664526,True,2,2,-2.0
0.991602,True,7,7,18.0
0.99003524,True,8,8,12.0
0.9899593,True,3,3,18.0
0.54424876,False,1,10,-6.0
0.992342,True,4,4,0.0
0.92378986,True,3,3,-6.0
0.9926151,True,5,5,16.0
0.9924859,True,6,6,8.0
0.9923489,True,0,0,6.0
0.59273976,False,10,1,2.0
0.5908296,True,1,1,4.0
0.99424076,True,3,3,0.0
0.9920232,True,9,9,18.0
0.9928692,True,3,3,4.0
0.9680893,True,2,2,0.0
0.99245125,True,9,9,8.0
0.99160236,True,6,6,10.0
0.98932076,True,3,3,18.0
0.6556947,True,1,1,18.0
0.9891187,True,4,4,10.0
0.99015826,True,0,0,16.0
0.9322252,False,9,2,-6.0
0.98840475,True,7,7,18.0
0.5842997,True,1,1,6.0
0.57196236,True,1,1,14.0
0.9916181,True,0,0,12.0
0.99094087,True,8,8,6.0
0.9900665,True,4,4,0.0
0.9932881,True,9,9,2.0
0.95753217,True,2,2,16.0
0.9829715,True,4,4,-2.0
0.90106887,True,2,2,12.0
0.99173987,True,9,9,18.0
0.99340796,True,6,6,-2.0
0.99203944,True,0,0,14.0
0.9925989,True,0,0,12.0
0.99425536,True,3,3,2.0
0.60163325,True,1,1,-6.0
0.5690055,True,1,1,0.0
0.87303853,True,1,1,14.0
0.5386869,True,5,5,2.0
0.9934871,True,9,9,14.0
0.9940796,True,5,5,2.0
0.9926306,True,4,4,4.0
0.99284744,True,9,9,14.0
0.9476295,True,2,2,12.0
0.98596144,True,10,10,8.0
0.9890665,True,9,9,6.0
0.994808,True,8,8,-4.0
0.99140936,True,6,6,10.0
0.48072854,True,3,3,-6.0
0.9837331,True,6,6,-6.0
0.9940111,True,6,6,2.0
0.5345957,False,3,4,-6.0
0.96485937,True,2,2,4.0
0.9930589,True,6,6,18.0
0.60086095,False,10,1,10.0
0.9924757,True,0,0,18.0
0.99377537,True,3,3,2.0
0.56726754,False,10,1,10.0
0.9906211,True,5,5,18.0
0.99436027,True,10,10,4.0
0.9572001,True,2,2,-2.0
0.9181177,True,2,2,4.0
0.9921336,True,5,5,2.0
0.9479344,True,3,3,-4.0
0.56682134,True,1,1,12.0
0.9903528,True,3,3,18.0
0.9936451,True,7,7,12.0
0.42194998,False,9,0,-2.0
0.99151856,True,8,8,4.0
0.9903514,True,6,6,4.0
0.82697606,True,4,4,-2.0
0.9922564,True,9,9,0.0
0.93990594,True,2,2,-6.0
0.33854315,False,3,0,-4.0
0.99252045,True,9,9,14.0
0.9912452,True,9,9,2.0
0.9901072,True,8,8,2.0
0.98929465,True,8,8,0.0
0.82282186,True,2,2,14.0
0.9896584,True,0,0,12.0
0.9926751,True,5,5,18.0
0.92119914,True,2,2,14.0
0.9868421,True,5,5,2.0
0.98195595,True,3,3,6.0
0.99173886,True,6,6,14.0
0.99205446,True,9,9,16.0
0.9906957,True,4,4,18.0
0.69778836,True,1,1,16.0
0.92418456,True,2,2,4.0
0.9892095,True,0,0,6.0
0.97415787,True,2,2,-2.0
0.9930696,True,9,9,12.0
0.99199194,True,8,8,10.0
0.90945035,True,2,2,12.0
0.99146175,True,8,8,16.0
0.5701624,False,10,1,18.0
0.76070094,True,2,2,6.0
0.9883314,True,9,9,-2.0
0.9902216,True,7,7,-6.0
0.9912929,True,0,0,12.0
0.7138412,True,1,1,2.0
0.9913863,True,0,0,4.0
0.9925403,True,3,3,12.0
0.9908268,True,4,4,2.0
0.9907188,True,4,4,4.0
0.98159033,True,0,0,0.0
0.9883746,True,4,4,8.0
0.9916794,True,0,0,14.0
0.9916181,True,6,6,4.0
0.9500672,True,2,2,8.0
0.99241805,True,9,9,10.0
0.99140364,True,0,0,18.0
0.7843623,True,1,1,8.0
0.5778819,True,1,1,16.0
0.99244636,True,8,8,-4.0
0.9922281,True,6,6,-2.0
0.988208,True,8,8,14.0
0.9918155,True,7,7,12.0
0.9915119,True,6,6,8.0
0.56032354,False,10,1,0.0
0.77809495,True,9,9,0.0
0.99158984,True,9,9,0.0
0.88276213,True,7,7,0.0
0.6764969,False,10,1,-6.0
0.94626266,True,2,2,6.0
0.5780296,True,1,1,12.0
0.9410753,True,6,6,-6.0
0.9912089,True,10,10,12.0
0.9056199,True,6,6,-6.0
0.99302626,True,4,4,2.0
0.5964989,False,10,1,0.0
0.9931988,True,9,9,18.0
0.9802449,False,8,7,-6.0
0.9926273,True,3,3,10.0
0.5784557,False,0,9,-4.0
0.9913624,True,4,4,0.0
0.9890415,True,10,10,8.0
0.98923,True,7,7,6.0
0.989813,True,4,4,-4.0
0.99240714,True,3,3,2.0
0.9927868,True,6,6,-4.0
0.56437796,True,1,1,-2.0
0.99284315,True,5,5,18.0
0.54613626,False,5,2,-6.0
0.9912776,True,7,7,12.0
0.68791187,True,1,1,0.0
0.99026525,True,3,3,10.0
0.3128117,True,9,9,-6.0
0.9906489,True,4,4,4.0
0.991572,True,6,6,0.0
0.5114698,False,10,1,-2.0
0.9913607,True,5,5,14.0
0.99033654,True,0,0,2.0
0.9945766,True,8,8,-2.0
0.9915059,True,7,7,4.0
0.6020179,False,10,1,16.0
0.990741,True,7,7,6.0
0.991443,True,3,3,14.0
0.6808377,True,1,1,-2.0
0.99003005,True,0,0,6.0
0.9749727,True,7,7,-2.0
0.89194083,True,0,0,-4.0
0.91903573,True,5,5,-6.0
0.52088857,False,10,1,-4.0
0.9923779,True,4,4,6.0
0.99270105,True,4,4,14.0
0.9925477,True,5,5,8.0
0.6487787,False,10,1,2.0
0.9929947,True,3,3,18.0
0.45591283,True,10,10,-6.0
0.86190546,True,2,2,-6.0
0.9461394,False,9,2,-2.0
0.99179184,True,8,8,18.0
0.9960756,True,4,4,-4.0
0.99302614,True,9,9,8.0
0.6193422,True,1,1,2.0
0.99218154,True,10,10,18.0
0.992667,True,9,9,6.0
0.99059486,True,9,9,8.0
0.99072206,True,0,0,8.0
0.99107087,True,6,6,4.0
0.9922097,True,4,4,4.0
0.99112165,True,3,3,12.0
0.9925113,True,8,8,-6.0
0.8720572,False,9,0,-4.0
0.99631494,True,5,5,18.0
0.9921936,True,4,4,16.0
0.9911776,True,6,6,16.0
0.46954158,True,0,0,-6.0
0.99110776,True,6,6,10.0
0.99310267,True,9,9,6.0
0.99118716,True,8,8,4.0
0.67860717,True,1,1,6.0
0.7057318,False,10,5,-6.0
0.9936127,True,8,8,0.0
0.9126084,True,0,0,0.0
0.98228365,True,0,0,2.0
0.99190336,True,0,0,4.0
0.9904113,True,4,4,10.0
0.98849386,True,7,7,8.0
0.6431579,False,10,1,-4.0
0.99426925,True,3,3,0.0
0.99210256,True,3,3,6.0
0.99171364,True,0,0,8.0
0.9903644,True,0,0,2.0
0.99059767,True,0,0,8.0
0.49309373,True,1,1,-6.0
0.67939484,True,5,5,-4.0
0.9821023,True,5,5,2.0
0.9923159,True,6,6,12.0
0.9927066,True,3,3,0.0
0.99173635,True,5,5,10.0
0.5326004,True,3,3,-2.0
0.9925672,True,6,6,-2.0
0.93608993,True,2,2,16.0
0.9923044,True,3,3,16.0
0.9946354,True,5,5,-2.0
0.9683699,True,2,2,-6.0
0.9916294,True,9,9,4.0
0.98939204,True,0,0,4.0
0.97522926,True,3,3,-4.0
0.63463575,False,10,1,4.0
0.99139225,True,8,8,6.0
0.9910425,True,8,8,16.0
0.9917157,True,4,4,10.0
0.98567504,True,3,3,-4.0
0.9919926,True,4,4,12.0
0.93722856,True,2,2,10.0
0.99226403,True,0,0,2.0
0.9806677,False,8,7,12.0
0.98953044,True,4,4,12.0
0.595988,True,10,10,16.0
0.99218905,True,5,5,8.0
0.9941454,True,5,5,12.0
0.94550323,True,2,2,4.0
0.9927852,True,3,3,12.0
0.5422701,True,10,10,-4.0
0.55872905,False,0,9,-4.0
0.49149883,False,9,0,-6.0
0.98942053,True,6,6,12.0
0.9913005,True,4,4,0.0
0.61158544,True,10,10,2.0
0.98114324,True,2,2,-4.0
0.6501506,True,1,1,-6.0
0.9939021,True,9,9,12.0
0.97534674,True,9,9,-2.0
0.93379676,True,2,2,6.0
0.9915978,True,6,6,14.0
0.9921559,True,8,8,2.0
0.5652534,False,6,3,-6.0
0.944815,True,2,2,4.0
0.9908127,True,8,8,18.0
0.99233294,True,6,6,-6.0
0.9933427,True,6,6,2.0
0.9938194,True,6,6,10.0
0.84001803,True,5,5,-6.0
0.9912572,True,4,4,2.0
0.9892457,True,0,0,14.0
0.98984516,True,5,5,0.0
0.9902104,True,4,4,16.0
0.5162603,False,1,10,-4.0
0.99124146,True,5,5,10.0
0.88272536,True,4,4,-4.0
0.99236286,True,0,0,2.0
0.99164915,True,3,3,10.0
0.63060826,True,1,1,4.0
0.57076406,False,10,1,16.0
0.9921697,True,3,3,14.0
0.9259681,True,2,2,-6.0
0.9960516,True,5,5,6.0
0.99084705,True,7,7,16.0
0.9888748,True,0,0,16.0
0.9941889,True,7,7,18.0
0.99455726,True,10,10,4.0
0.98960614,True,4,4,8.0
0.9919328,True,4,4,14.0
0.9923741,True,9,9,4.0
0.99511886,True,5,5,8.0
0.9931445,True,8,8,0.0
0.99042004,True,4,4,14.0
0.99065256,True,8,8,16.0
0.638363,True,1,1,14.0
0.99181783,True,9,9,10.0
0.99368274,True,4,4,0.0
0.994643,True,9,9,16.0
0.95093,True,2,2,2.0
0.579526,False,10,1,0.0
0.9640586,True,5,5,-2.0
0.57138807,True,1,1,8.0
0.7695699,True,2,2,8.0
0.839328,False,9,4,-4.0
0.9912299,True,9,9,10.0
0.9909272,True,0,0,18.0
0.99260324,True,5,5,8.0
0.9426396,True,2,2,18.0
0.99015206,True,4,4,16.0
0.99252194,True,4,4,18.0
0.99293834,True,3,3,14.0
0.9784985,True,10,10,12.0
0.9916398,True,8,8,8.0
0.9932346,True,0,0,16.0
0.99361044,True,9,9,16.0
0.75250757,True,10,10,-6.0
0.9738216,True,2,2,18.0
0.99231875,True,5,5,14.0
0.95744604,True,0,0,0.0
0.57274336,True,1,1,10.0
0.70469385,True,1,1,12.0
0.96325123,True,2,2,14.0
0.99176323,True,6,6,2.0
0.8674005,True,7,7,4.0
0.9908813,True,7,7,2.0
0.9933662,True,5,5,14.0
0.9605672,True,6,6,14.0
0.9924735,True,5,5,0.0
0.9927503,True,9,9,8.0
0.99252385,True,5,5,18.0
0.99223787,True,0,0,12.0
0.96510017,True,2,2,16.0
0.99490607,True,5,5,-4.0
0.98892236,True,7,7,2.0
0.9918623,True,3,3,8.0
0.99193114,True,4,4,10.0
0.9960063,True,5,5,10.0
0.98424745,True,7,7,-6.0
0.9857816,True,7,7,12.0
0.9785033,True,4,4,-2.0
0.5794515,False,1,10,-6.0
0.532574,False,10,4,-6.0
0.58301073,True,1,1,18.0
0.99332434,True,5,5,6.0
0.9911184,True,4,4,8.0
0.9919011,True,9,9,12.0
0.6425576,False,7,8,-4.0
0.665727,False,10,1,8.0
0.989365,True,7,7,2.0
0.8380662,False,7,8,-4.0
0.9352071,True,2,2,4.0
0.99184823,True,9,9,10.0
0.99093455,True,0,0,10.0
0.67097914,True,1,1,2.0
0.99243706,True,8,8,10.0
0.98940116,True,7,7,12.0
0.7483243,True,1,1,8.0
0.9922098,True,3,3,18.0
0.9942451,True,6,6,-2.0
0.58940583,False,7,9,-6.0
0.9937662,True,0,0,2.0
0.99384564,True,5,5,-6.0
0.98744756,True,7,7,-2.0
0.6694277,True,1,1,14.0
0.9916957,True,8,8,10.0
0.9911671,True,4,4,6.0
0.99192035,True,9,9,0.0
0.9901872,True,9,9,8.0
0.99571437,True,5,5,6.0
0.9909349,True,4,4,12.0
0.9913932,True,6,6,10.0
0.9556553,True,2,2,8.0
0.91547006,True,2,2,-4.0
0.9934369,True,8,8,-2.0
0.9923854,True,8,8,4.0
0.9913538,True,7,7,18.0
0.564817,False,10,1,6.0
0.99045813,True,3,3,6.0
0.9931485,True,6,6,6.0
0.5528845,True,1,1,10.0
0.99002737,True,6,6,-2.0
0.99400055,True,9,9,0.0
0.5578846,False,10,1,8.0
0.99109054,True,0,0,12.0
0.65175414,False,10,1,6.0
0.99247813,True,3,3,6.0
0.9366927,True,2,2,18.0
0.8943364,False,3,6,-2.0
0.98822355,True,7,7,4.0
0.93806535,True,2,2,0.0
0.99549353,True,3,3,-2.0
0.63874483,False,10,1,-6.0
0.99146456,True,6,6,6.0
0.5385103,True,1,1,0.0
0.7348663,False,4,0,-6.0
0.9917196,True,6,6,14.0
0.9390555,False,2,4,8.0
0.57768184,False,3,0,-4.0
0.9872606,True,7,7,-6.0
0.8018063,True,3,3,-6.0
0.99415946,True,5,5,4.0
0.6106511,False,10,1,0.0
0.5734936,True,1,1,6.0
0.9912704,True,4,4,4.0
0.9523012,True,2,2,10.0
0.9917325,True,4,4,0.0
0.92363113,True,2,2,0.0
0.62060773,True,1,1,2.0
0.98968214,True,4,4,16.0
0.57672787,False,10,1,6.0
0.9906723,True,10,10,12.0
0.99410594,True,5,5,12.0
0.98933023,True,7,7,8.0
0.9923814,True,8,8,12.0
0.99107283,True,4,4,6.0
0.9916291,True,8,8,2.0
0.9903909,True,7,7,18.0
0.9776292,True,7,7,6.0
0.9943416,True,3,3,4.0
0.99267757,True,8,8,8.0
0.9907816,True,0,0,2.0
0.99227285,True,8,8,-2.0
0.9815802,True,2,2,4.0
0.5916397,False,10,1,-4.0
0.9921038,True,6,6,0.0
0.99098235,True,3,3,6.0
0.5880409,False,10,1,4.0
0.9618259,True,2,2,16.0
0.9923745,True,4,4,10.0
0.9925073,True,8,8,16.0
0.99317944,True,5,5,10.0
0.9941287,True,5,5,2.0
0.9912969,True,8,8,16.0
0.98699224,True,7,7,2.0
0.93104565,True,2,2,14.0
0.99266464,True,5,5,16.0
0.9919602,True,6,6,8.0
0.98884004,True,10,10,16.0
0.63592184,True,9,9,-4.0
0.9921042,True,8,8,18.0
0.99047977,True,0,0,8.0
0.99025613,True,3,3,16.0
0.703463,True,7,7,18.0
0.83785367,True,7,7,-4.0
0.9900388,True,3,3,12.0
0.991767,True,8,8,10.0
0.9948533,True,5,5,18.0
0.91367936,True,2,2,-6.0
0.9482817,True,4,4,-4.0
0.9912298,True,7,7,14.0
0.8925289,True,5,5,-2.0
0.9902886,True,9,9,6.0
0.45072544,True,3,3,-6.0
0.9942417,True,5,5,18.0
0.9929121,True,4,4,16.0
0.9919905,True,8,8,14.0
0.9924185,True,5,5,16.0
0.94119084,True,2,2,6.0
0.9898482,True,5,5,-2.0
0.9907933,True,0,0,16.0
0.9886585,True,7,7,14.0
0.9922471,True,9,9,16.0
0.99189043,True,8,8,12.0
0.99126184,True,6,6,10.0
0.9941941,True,5,5,18.0
0.9909862,True,6,6,2.0
0.99116755,True,0,0,16.0
0.99202615,True,8,8,-4.0
0.9556038,True,2,2,16.0
0.9847707,True,6,6,-4.0
0.9931573,True,5,5,6.0
0.98883575,True,5,5,4.0
0.9909905,True,4,4,6.0
0.9921484,True,3,3,4.0
0.6686998,True,1,1,-4.0
0.981684,True,3,3,-4.0
0.6172708,False,10,1,-2.0
0.55582863,False,10,1,-2.0
0.9919125,True,8,8,18.0
0.69173914,False,1,10,-6.0
0.9942726,True,5,5,18.0
0.96389073,True,2,2,18.0
0.9946766,True,5,5,14.0
0.99306995,True,8,8,-4.0
0.994371,True,4,4,0.0
0.99412423,True,6,6,-2.0
0.94802576,True,2,2,16.0
0.6236798,False,10,5,-6.0
0.9896923,True,4,4,10.0
0.94608456,True,2,2,16.0
0.98868364,True,4,4,8.0
0.49960476,True,1,1,-2.0
0.99344444,True,3,3,12.0
0.9916967,True,5,5,18.0
0.99235064,True,5,5,6.0
0.54079777,True,1,1,-4.0
0.99085665,True,4,4,12.0
0.9961223,True,5,5,16.0
0.99268395,True,8,8,-2.0
0.9466424,True,2,2,-2.0
0.66398215,False,10,1,-4.0
0.9406706,True,2,2,14.0
0.99227214,True,9,9,6.0
0.58551395,False,10,1,-4.0
0.99016494,True,0,0,10.0
0.99341834,True,9,9,0.0
0.9503096,True,2,2,10.0
0.9930311,True,0,0,2.0
0.9922426,True,4,4,18.0
0.98662853,True,10,10,14.0
0.9914281,True,6,6,0.0
0.552045,False,10,1,8.0
0.9901944,True,5,5,16.0
0.99597377,True,5,5,8.0
0.9943719,True,10,10,16.0
0.99127793,True,3,3,18.0
0.7542932,True,7,7,0.0
0.5376633,False,0,9,-4.0
0.9910319,True,9,9,8.0
0.9580965,False,8,2,4.0
0.57431144,True,1,1,10.0
0.9905792,True,8,8,18.0
0.9919335,True,9,9,12.0
0.99027526,True,4,4,4.0
0.5716727,False,10,1,16.0
0.99596894,True,3,3,-4.0
0.992769,True,9,9,0.0
0.9827399,True,5,5,-6.0
0.9930326,True,6,6,12.0
0.9923443,True,3,3,10.0
0.993785,True,5,5,4.0
0.99146056,True,6,6,14.0
0.9916236,True,9,9,12.0
0.99239177,True,9,9,10.0
0.33375615,False,0,3,-6.0
0.61077726,True,1,1,14.0
0.945112,True,2,2,-6.0
0.99282116,True,7,7,10.0
0.8817132,True,10,10,2.0
0.5962998,False,9,0,-4.0
0.9907313,True,7,7,16.0
0.58532965,True,9,9,-2.0
0.9925437,True,4,4,14.0
0.9895616,True,8,8,8.0
0.99153405,True,0,0,12.0
0.9890764,True,9,9,2.0
0.9912786,True,0,0,10.0
0.5753766,False,7,8,18.0
0.99191916,True,5,5,16.0
0.9917428,True,7,7,16.0
0.94306546,True,5,5,-4.0
0.6175011,True,1,1,-6.0
0.99200785,True,9,9,8.0
0.99044716,True,9,9,8.0
0.67967516,True,0,0,-4.0
0.89270777,True,1,1,12.0
0.9700374,False,7,8,0.0
0.9584535,True,2,2,0.0
0.90008694,False,9,0,-2.0
0.7868654,False,0,9,-2.0
0.84353095,True,4,4,-6.0
0.9923254,True,7,7,4.0
0.9884115,True,4,4,12.0
0.9223893,True,2,2,8.0
0.9197793,True,2,2,18.0
0.99160117,True,7,7,-2.0
0.7150989,True,1,1,4.0
0.9899817,True,7,7,18.0
0.99151164,True,8,8,18.0
0.99133354,True,7,7,6.0
0.9949544,True,5,5,4.0
0.9939475,True,4,4,-2.0
0.99169123,True,4,4,8.0
0.9969208,True,5,5,-2.0
0.9942216,True,8,8,-4.0
0.93864423,True,2,2,-4.0
0.5477949,True,10,10,-6.0
0.95574105,True,2,2,2.0
0.9905245,True,0,0,4.0
0.9915992,True,7,7,14.0
0.59919655,True,1,1,-4.0
0.99086577,True,7,7,-6.0
0.99252844,True,6,6,-4.0
0.99270636,True,4,4,2.0
0.9904231,True,6,6,-6.0
0.99022406,True,4,4,18.0
0.648856,False,10,1,4.0
0.9913442,True,5,5,14.0
0.4781871,False,0,4,-6.0
0.9911668,True,0,0,2.0
0.9919269,True,0,0,6.0
0.99098927,True,5,5,10.0
0.81568485,True,10,10,-6.0
0.835383,True,7,7,-6.0
0.9891271,True,4,4,14.0
0.9897356,True,0,0,2.0
0.5531663,False,10,1,6.0
0.9914238,True,6,6,12.0
0.99460226,True,5,5,0.0
0.9929051,True,5,5,12.0
0.9957308,True,5,5,10.0
0.9521728,True,2,2,4.0
0.995676,True,10,10,0.0
0.969535,True,4,4,0.0
0.5864981,False,10,1,16.0
0.9906998,True,3,3,6.0
0.99110776,True,4,4,12.0
0.992382,True,5,5,8.0
0.732223,True,1,1,-6.0
0.9863143,False,0,4,-2.0
0.94746286,True,2,2,18.0
0.99020827,True,3,3,18.0
0.9797127,False,3,6,-2.0
0.9919574,True,0,0,18.0
0.9897413,True,7,7,-6.0
0.99042636,True,4,4,12.0
0.99092144,True,6,6,14.0
0.99278075,True,0,0,16.0
0.97973,True,6,6,-6.0
0.9911795,True,8,8,6.0
0.85882735,True,2,2,-6.0
0.99362046,True,6,6,0.0
0.66059005,True,7,7,-4.0
0.9843635,True,7,7,14.0
0.99034786,True,3,3,2.0
0.71767783,True,4,4,-6.0
0.9915843,True,3,3,4.0
0.9920067,True,4,4,4.0
0.9879859,True,5,5,0.0
0.74351525,False,10,1,4.0
0.99139833,True,8,8,16.0
0.93974537,True,2,2,8.0
0.5891805,True,0,0,-4.0
0.99486524,True,10,10,8.0
0.9930335,True,3,3,4.0
0.9926751,True,8,8,18.0
0.991776,True,0,0,18.0
0.9944753,True,10,10,8.0
0.9912111,True,3,3,18.0
0.9935522,True,10,10,4.0
0.9915837,True,7,7,8.0
0.9908298,True,6,6,-4.0
0.9892664,True,4,4,8.0
0.99019706,True,4,4,6.0
0.6420438,True,1,1,-4.0
0.42280334,False,5,2,-6.0
0.98878294,True,0,0,16.0
0.9615872,True,2,2,8.0
0.99126184,True,6,6,2.0
0.9918725,True,4,4,10.0
0.63504165,True,2,2,-6.0
0.56368786,True,1,1,18.0
0.73334134,True,1,1,18.0
0.98990977,True,3,3,16.0
0.49549872,True,0,0,-2.0
0.9727945,True,2,2,-4.0
0.58727914,True,1,1,16.0
0.9900034,True,0,0,10.0
0.90762246,True,2,2,16.0
0.9926863,True,0,0,16.0
0.98957366,True,7,7,10.0
0.9068539,True,5,5,8.0
0.9905963,True,3,3,4.0
0.75297153,True,10,10,-4.0
0.99217415,True,6,6,6.0
0.9907443,True,6,6,16.0
0.9939083,True,5,5,16.0
0.7903831,False,4,2,-6.0
0.9913016,True,0,0,2.0
0.9939767,True,6,6,-6.0
0.9900372,True,5,5,8.0
0.99202955,True,7,7,6.0
0.9912844,True,4,4,2.0
0.99242777,True,0,0,12.0
0.9928267,True,6,6,6.0
0.9925956,True,8,8,8.0
0.9915298,True,3,3,2.0
0.99178046,True,0,0,18.0
0.95834804,True,8,8,-6.0
0.99105096,True,6,6,4.0
0.9912014,True,0,0,6.0
0.9917116,True,0,0,16.0
0.9915092,True,10,10,12.0
0.68166625,True,5,5,-2.0
0.991234,True,9,9,6.0
0.538201,True,1,1,-4.0
0.98349124,True,7,7,6.0
0.5804738,False,10,1,2.0
0.9948447,True,4,4,-2.0
0.9487878,True,2,2,0.0
0.5392864,True,1,1,2.0
0.99093926,True,3,3,14.0
0.96545726,False,0,9,0.0
0.9887843,True,8,8,-2.0
0.9922151,True,4,4,8.0
0.9912714,True,0,0,10.0
0.81721205,True,1,1,6.0
0.9912047,True,0,0,14.0
0.53017354,True,3,3,-6.0
0.9930484,True,9,9,12.0
0.9921869,True,9,9,6.0
0.9926462,True,5,5,6.0
0.99034727,True,8,8,-2.0
0.9914761,True,6,6,2.0
0.9905737,True,4,4,4.0
0.6810726,True,10,10,-4.0
0.99173146,True,9,9,2.0
0.99316204,True,6,6,0.0
0.871776,False,6,2,10.0
0.6213863,False,10,1,4.0
0.5590957,True,1,1,8.0
0.9931564,True,6,6,10.0
0.681702,False,10,1,4.0
0.98477376,True,9,9,8.0
0.99105304,True,4,4,14.0
0.668475,True,1,1,8.0
0.9154536,True,0,0,0.0
0.9872392,True,4,4,-4.0
0.9897054,True,6,6,14.0
0.717437,True,1,1,6.0
0.906685,True,2,2,-6.0
0.9914895,True,6,6,2.0
0.9910136,True,9,9,0.0
0.9916072,True,6,6,18.0
0.7475331,True,1,1,16.0
0.9368575,True,2,2,18.0
0.991767,True,8,8,12.0
0.9909424,True,8,8,8.0
0.9901453,True,3,3,18.0
0.9937941,True,3,3,0.0
0.5849441,False,10,1,-6.0
0.9944812,True,5,5,4.0
0.7438892,True,9,9,-4.0
0.57274574,False,10,1,-6.0
0.8432406,True,0,0,-2.0
0.8263148,True,0,0,-2.0
0.9920494,True,7,7,6.0
0.992743,True,3,3,2.0
0.9899711,True,8,8,10.0
0.60123545,True,1,1,-2.0
0.9936016,True,10,10,16.0
0.5543226,True,0,0,-2.0
0.9927394,True,0,0,16.0
0.6489576,True,1,1,14.0
0.9903127,True,3,3,18.0
0.9408797,True,2,2,10.0
0.9914806,True,6,6,-6.0
0.5621519,False,10,1,14.0
0.99398154,True,4,4,0.0
0.9909506,True,4,4,2.0
0.56709355,True,1,1,-2.0
0.99164987,True,6,6,10.0
0.9827911,True,7,7,0.0
0.6708059,False,10,1,4.0
0.9899607,True,4,4,10.0
0.94220144,False,0,9,-2.0
0.9907113,True,7,7,12.0
0.5995543,False,10,1,6.0
0.75342166,True,0,0,-2.0
0.9730943,True,2,2,-2.0
0.99020773,True,6,6,14.0
0.9912872,True,9,9,0.0
0.9676271,True,2,2,12.0
0.9921427,True,0,0,6.0
0.54213375,False,6,3,-6.0
0.9916053,True,8,8,12.0
0.56318104,True,9,9,-4.0
0.99281865,True,9,9,18.0
0.8878931,False,9,2,0.0
0.9922536,True,9,9,14.0
0.99142027,True,0,0,14.0
0.61030746,True,1,1,18.0
0.9901271,True,4,4,8.0
0.9966827,True,4,4,-4.0
0.9131543,True,2,2,16.0
0.9937431,True,6,6,4.0
0.55738753,True,1,1,6.0
0.9579884,True,2,2,14.0
0.9921789,True,8,8,18.0
0.99223775,True,6,6,8.0
0.9915615,True,7,7,8.0
0.5848901,True,1,1,18.0
0.9878312,True,0,0,0.0
0.9879652,True,7,7,6.0
0.98437977,True,10,10,6.0
0.63945293,True,1,1,10.0
0.99108595,True,0,0,10.0
0.6865704,False,10,1,-6.0
0.572634,False,10,1,8.0
0.65882,True,7,7,0.0
0.9928584,True,3,3,0.0
0.72141194,True,9,9,-2.0
0.63751745,False,0,9,-2.0
0.99272,True,4,4,14.0
0.87071764,False,3,4,-6.0
0.98937327,True,6,6,10.0
0.99112415,True,5,5,2.0
0.9946306,True,5,5,6.0
0.9908312,True,3,3,18.0
0.9903452,True,0,0,4.0
0.9898213,True,4,4,10.0
0.56632245,True,1,1,12.0
0.99274796,True,8,8,-2.0
0.99261755,True,5,5,16.0
0.9903921,True,8,8,10.0
0.9895242,True,4,4,8.0
0.9747001,True,2,2,0.0
0.9899615,True,4,4,12.0
0.9919979,True,0,0,12.0
0.9769841,True,2,2,16.0
0.99223983,True,6,6,8.0
0.9928792,True,8,8,4.0
0.52301854,True,9,9,-6.0
0.73736465,True,1,1,8.0
0.99445146,True,5,5,4.0
0.99385345,True,4,4,-4.0
0.62913144,False,10,1,14.0
0.9899275,True,3,3,18.0
0.9661569,True,7,7,-4.0
0.9897021,True,8,8,18.0
0.99355847,True,9,9,18.0
0.7573959,True,10,10,0.0
0.89678687,True,5,5,-2.0
0.99145144,True,7,7,4.0
0.5244524,True,0,0,-4.0
0.9868954,True,7,7,0.0
0.9917253,True,6,6,16.0
0.74099714,True,8,8,8.0
0.63776904,True,1,1,2.0
0.9882328,True,4,4,10.0
0.9890043,True,5,5,-4.0
0.9934349,True,6,6,-4.0
0.99318177,True,5,5,4.0
0.9900669,True,6,6,10.0
0.66375035,True,1,1,14.0
0.99031025,True,6,6,6.0
0.89724,True,8,8,-2.0
0.6916319,False,7,0,-4.0
0.9842613,False,8,7,2.0
0.93630975,True,2,2,10.0
0.98955405,True,5,5,4.0
0.98030925,True,8,8,18.0
0.99162346,True,4,4,8.0
0.6529199,False,10,1,4.0
0.9854563,True,7,7,0.0
0.9925538,True,9,9,12.0
0.99057686,True,3,3,4.0
0.9915251,True,0,0,14.0
0.9924373,True,0,0,4.0
0.9953566,True,10,10,6.0
0.9929495,True,3,3,2.0
0.9926329,True,10,10,6.0
0.99017733,False,8,7,16.0
0.991356,True,0,0,18.0
0.8777928,True,2,2,16.0
0.866248,False,7,8,-4.0
0.9916054,True,10,10,10.0
0.9934075,True,6,6,0.0
0.9936056,True,3,3,0.0
0.5626228,True,1,1,12.0
0.97829616,True,0,0,-2.0
0.99290484,True,6,6,8.0
0.9912867,True,4,4,12.0
0.991544,True,8,8,12.0
0.9882012,True,7,7,-6.0
0.9916161,True,0,0,6.0
0.8640201,True,4,4,-4.0
0.9906787,True,6,6,10.0
0.99220663,True,6,6,12.0
0.9905748,True,8,8,2.0
0.98943055,True,7,7,6.0
0.9910931,True,3,3,14.0
0.992875,True,0,0,0.0
0.9907973,True,0,0,10.0
0.9913775,True,6,6,10.0
0.77163637,True,2,2,10.0
0.9917943,True,0,0,2.0
0.36451113,False,3,9,-6.0
0.993989,True,3,3,-2.0
0.87959474,True,2,2,-6.0
0.99073225,True,4,4,16.0
0.5451467,False,10,1,6.0
0.80613154,True,5,5,-2.0
0.6206935,True,1,1,18.0
0.94266915,False,9,5,-6.0
0.9917868,True,4,4,4.0
0.992121,True,8,8,4.0
0.992416,True,6,6,8.0
0.3964423,False,9,0,-4.0
0.991394,True,0,0,12.0
0.9929724,True,5,5,-2.0
0.9908613,True,6,6,14.0
0.9904054,True,0,0,4.0
0.99224687,True,9,9,16.0
0.9931613,True,8,8,0.0
0.578163,False,3,4,-6.0
0.9911998,True,7,7,4.0
0.9947702,True,10,10,6.0
0.9910789,True,8,8,-6.0
0.57814616,True,1,1,18.0
0.9577733,True,2,2,12.0
0.99083483,True,9,9,0.0
0.99174553,True,6,6,14.0
0.94492376,True,2,2,4.0
0.9934141,True,8,8,0.0
0.98443973,True,5,5,10.0
0.91462344,True,2,2,-2.0
0.99065924,True,7,7,16.0
0.5781142,False,10,1,18.0
0.9714793,True,9,9,0.0
0.9918298,True,5,5,2.0
0.99187917,True,5,5,14.0
0.9879131,True,7,7,14.0
0.98702747,True,9,9,0.0
0.9931339,True,0,0,12.0
0.9930044,True,9,9,4.0
0.9913573,True,3,3,4.0
0.99388605,True,6,6,-2.0
0.9921312,True,3,3,8.0
0.9909835,True,3,3,16.0
0.9921543,True,0,0,18.0
0.6032595,True,1,1,14.0
0.99153286,True,0,0,6.0
0.88700914,True,7,7,4.0
0.93265355,True,7,7,10.0
0.9411768,True,2,2,-4.0
0.9901676,True,7,7,-4.0
0.68826944,True,1,1,18.0
0.9926886,True,5,5,12.0
0.9919687,True,9,9,12.0
0.99307764,True,9,9,12.0
0.5659952,True,1,1,18.0
0.78174245,False,4,5,-6.0
0.9888426,True,4,4,12.0
0.99237543,True,9,9,8.0
0.70190805,True,1,1,10.0
0.5834309,True,1,1,16.0
0.5761935,False,10,1,6.0
0.99338335,True,9,9,10.0
0.9548579,True,2,2,-4.0
0.60395545,False,10,1,4.0
0.98992914,True,8,8,-6.0
0.99369264,True,4,4,-2.0
0.993486,True,5,5,18.0
0.9916984,True,6,6,10.0
0.99093586,True,3,3,12.0
0.9927978,True,0,0,2.0
0.9899541,True,0,0,12.0
0.9189079,True,0,0,-2.0
0.9288461,True,2,2,10.0
0.9416152,True,2,2,-2.0
0.99216014,True,3,3,18.0
0.7339282,True,9,9,-2.0
0.99101126,True,4,4,14.0
0.9198724,True,2,2,2.0
0.9898587,True,4,4,14.0
0.6435514,True,1,1,-6.0
0.9938088,True,5,5,18.0
0.96280235,True,10,10,12.0
0.91672665,True,2,2,14.0
0.99187297,True,6,6,4.0
0.9922998,True,6,6,6.0
0.990355,True,8,8,6.0
0.70196515,True,0,0,-4.0
0.99344516,True,9,9,10.0
0.57968414,False,5,10,-4.0
0.99020946,True,6,6,-2.0
0.9933522,True,9,9,10.0
0.6216338,True,1,1,4.0
0.9919661,True,8,8,2.0
0.6425939,True,1,1,4.0
0.9917529,True,0,0,6.0
0.9909581,True,0,0,4.0
0.58197135,True,10,10,-2.0
0.99120116,True,0,0,18.0
0.9882699,True,8,8,14.0
0.99047005,True,10,10,0.0
0.60045403,True,4,4,-6.0
0.9907268,True,4,4,16.0
0.99299276,True,0,0,12.0
0.99202067,True,6,6,6.0
0.5450577,False,10,1,-2.0
0.65212977,False,3,2,-6.0
0.99151695,True,8,8,10.0
0.990642,True,7,7,6.0
0.9934767,True,3,3,6.0
0.99032426,True,3,3,14.0
0.56851715,True,1,1,16.0
0.9921481,True,0,0,10.0
0.94513065,True,7,7,12.0
0.99005544,True,0,0,16.0
0.35885155,True,2,2,10.0
0.99073374,True,5,5,14.0
0.99075454,True,7,7,10.0
0.8759158,True,2,2,4.0
0.6980772,False,10,5,-6.0
0.673321,True,1,1,8.0
0.9499961,True,2,2,8.0
0.9895202,True,5,5,16.0
0.8523511,True,5,5,-6.0
0.926695,True,3,3,-4.0
0.99384815,True,3,3,8.0
0.96729904,True,2,2,8.0
0.54407233,False,9,0,-6.0
0.96390283,True,7,7,-6.0
0.98112226,True,2,2,6.0
0.9909862,True,7,7,16.0
0.9920305,True,8,8,14.0
0.99140257,True,6,6,12.0
0.9927562,True,5,5,16.0
0.9916427,True,10,10,16.0
0.9907665,True,7,7,2.0
0.9893819,True,0,0,8.0
0.99113256,True,3,3,8.0
0.9933641,True,4,4,-2.0
0.97417563,True,2,2,4.0
0.98990715,True,8,8,6.0
0.97644013,True,2,2,6.0
0.8669582,False,5,10,0.0
0.5701354,False,10,1,18.0
0.55931467,True,1,1,4.0
0.99016386,True,4,4,12.0
0.99265265,True,8,8,0.0
0.9919017,True,6,6,12.0
0.5866368,False,10,1,10.0
0.63726,True,1,1,-6.0
0.9919991,True,0,0,6.0
0.99252605,True,5,5,4.0
0.9875163,True,9,9,2.0
0.9178623,True,2,2,4.0
0.97633773,True,5,5,2.0
0.9901978,True,0,0,2.0
0.5699082,True,1,1,18.0
0.9929773,True,3,3,12.0
0.6594132,True,1,1,18.0
0.9948866,True,5,5,0.0
0.9944213,True,6,6,2.0
0.99141544,True,6,6,0.0
0.7467528,True,5,5,-2.0
0.99296206,True,0,0,8.0
0.9880085,True,7,7,14.0
0.99236965,True,8,8,12.0
0.97041625,True,2,2,2.0
0.57612437,False,10,1,16.0
0.99209243,True,8,8,-2.0
0.991958,True,10,10,18.0
0.94388753,True,3,3,-6.0
0.99035794,True,5,5,12.0
0.99305034,True,8,8,-2.0
0.785895,False,9,4,-4.0
0.99362856,True,5,5,8.0
0.95000726,True,2,2,14.0
0.58024454,True,1,1,0.0
0.6296143,True,1,1,8.0
0.5811434,True,1,1,14.0
0.9719263,True,5,5,4.0
0.7478487,True,1,1,12.0
0.89315575,True,6,6,-6.0
0.9891076,True,4,4,4.0
0.9961384,True,10,10,4.0
0.99067956,True,5,5,6.0
0.98922986,True,7,7,18.0
0.99219704,True,8,8,16.0
0.9719319,True,0,0,0.0
0.4961637,True,10,10,0.0
0.9500913,True,2,2,2.0
0.7488279,False,5,10,-4.0
0.99147296,True,3,3,6.0
0.9763891,True,4,4,-2.0
0.99512035,True,10,10,2.0
0.99288493,True,9,9,12.0
0.9914723,True,4,4,0.0
0.98923486,True,3,3,18.0
0.9921944,True,8,8,16.0
0.7384104,True,1,1,14.0
0.99324507,True,5,5,12.0
0.9915936,True,4,4,12.0
0.9778334,True,7,7,-2.0
0.9943052,True,4,4,-2.0
0.989778,True,7,7,16.0
0.99202865,True,6,6,-2.0
0.9911074,True,3,3,2.0
0.9926328,True,3,3,10.0
0.99027866,True,5,5,12.0
0.9930072,True,5,5,14.0
0.7237093,False,10,1,-4.0
0.7738485,True,10,10,2.0
0.57541627,False,10,1,14.0
0.98996556,True,9,9,6.0
0.98942393,True,9,9,18.0
0.755457,True,1,1,18.0
0.9930895,True,6,6,6.0
0.98955894,True,4,4,14.0
0.9875749,True,0,0,8.0
0.9914225,True,7,7,4.0
0.99264985,True,6,6,-4.0
0.99273247,True,9,9,0.0
0.5532842,False,10,1,0.0
0.99192154,True,3,3,6.0
0.6030289,False,10,1,-6.0
0.5884365,False,10,1,10.0
0.9913361,True,0,0,4.0
0.89348835,True,2,2,18.0
0.5676459,True,1,1,18.0
0.9922805,True,3,3,10.0
0.96759784,True,2,2,-4.0
0.9935388,True,5,5,8.0
0.9913419,True,6,6,8.0
0.9896827,True,3,3,12.0
0.70609653,True,1,1,-2.0
0.99221534,True,7,7,6.0
0.6452142,True,5,5,-4.0
0.89153594,False,9,3,-6.0
0.941069,True,2,2,-2.0
0.9921503,True,3,3,18.0
0.9905612,True,6,6,-6.0
0.99041116,True,4,4,8.0
0.99168456,True,8,8,6.0
0.9886375,True,5,5,-4.0
0.98909795,True,0,0,18.0
0.70407885,True,1,1,2.0
0.9759846,True,2,2,-2.0
0.97708434,True,9,9,18.0
0.98900723,True,0,0,8.0
0.90287596,True,5,5,-4.0
0.99121255,True,5,5,18.0
0.9921895,True,6,6,6.0
0.9898113,True,0,0,2.0
0.77293587,True,1,1,6.0
0.9609394,True,2,2,18.0
0.99087477,True,0,0,14.0
0.77329695,True,7,7,-2.0
0.6842301,True,1,1,4.0
0.7784591,True,4,4,-4.0
0.51281613,False,9,0,-6.0
0.99177974,True,7,7,12.0
0.9907905,True,8,8,8.0
0.98854864,True,6,6,-4.0
0.9894438,True,3,3,10.0
0.99179065,True,0,0,10.0
0.9911657,True,6,6,4.0
0.68875235,True,1,1,2.0
0.98972356,True,4,4,10.0
0.9922472,True,4,4,6.0
0.9910892,True,5,5,14.0
0.9907691,True,6,6,8.0
0.99200517,True,6,6,8.0
0.93725055,True,2,2,-4.0
0.990333,True,10,10,2.0
0.98695797,True,0,0,0.0
0.6169829,True,1,1,14.0
0.56312007,True,1,1,-4.0
0.991206,True,6,6,18.0
0.991804,True,3,3,2.0
0.9772423,True,7,7,-2.0
0.9932376,True,8,8,-2.0
0.521362,True,6,6,18.0
0.99382013,True,9,9,14.0
0.9603552,True,2,2,-2.0
0.9647646,True,2,2,16.0
0.8847518,False,7,8,-4.0
0.99020517,True,4,4,8.0
0.9918685,True,8,8,12.0
0.9920562,True,4,4,4.0
0.9928099,True,0,0,16.0
0.9903481,True,5,5,-4.0
0.9896255,True,7,7,14.0
0.91908526,True,2,2,8.0
0.99276745,True,6,6,6.0
0.5691802,False,10,1,18.0
0.9766426,False,5,4,-6.0
0.5440817,True,1,1,0.0
0.96081394,True,2,2,16.0
0.99149877,True,5,5,18.0
0.93743813,True,6,6,-6.0
0.575676,True,1,1,8.0
0.63142556,True,5,5,-6.0
0.9921119,True,4,4,10.0
0.9931809,True,8,8,2.0
0.9819801,True,7,7,2.0
0.9568322,True,2,2,10.0
0.9904158,True,0,0,4.0
0.9916224,True,8,8,4.0
0.76611817,True,5,5,2.0
0.9927557,True,3,3,10.0
0.9915211,True,5,5,18.0
0.95478135,True,10,10,8.0
0.96945256,True,2,2,18.0
0.9524765,True,2,2,12.0
0.6892694,True,1,1,6.0
0.9918699,True,8,8,18.0
0.9919493,True,0,0,12.0
0.9893994,True,0,0,12.0
0.9886057,True,8,8,4.0
0.97829324,True,2,2,-6.0
0.99178183,True,8,8,8.0
0.95636636,True,2,2,-6.0
0.9907024,True,0,0,8.0
0.950693,True,8,8,4.0
0.91549635,True,0,0,0.0
0.565631,True,1,1,14.0
0.9915609,True,4,4,2.0
0.9909445,True,9,9,8.0
0.99087286,True,7,7,16.0
0.9924313,True,0,0,12.0
0.99249285,True,3,3,14.0
0.738931,True,10,10,-4.0
0.98868084,True,7,7,18.0
0.53323734,True,1,1,-6.0
0.6637593,True,1,1,-4.0
0.9914014,True,4,4,12.0
0.9943197,True,5,5,14.0
0.99135804,True,4,4,6.0
0.9880171,True,7,7,0.0
0.9904883,True,8,8,14.0
0.9915872,True,9,9,10.0
0.9919934,True,9,9,14.0
0.91473174,True,7,7,2.0
0.56120634,False,10,1,10.0
0.9929246,True,3,3,16.0
0.9934052,True,3,3,6.0
0.94923294,True,2,2,16.0
0.99330807,True,9,9,8.0
0.9896004,True,8,8,8.0
0.9942497,True,3,3,6.0
0.9802423,True,7,7,-4.0
0.99092567,True,3,3,12.0
0.5801879,False,10,1,12.0
0.99186397,True,7,7,18.0
0.7656878,True,3,3,-6.0
0.5632059,False,10,1,14.0
0.9902338,True,7,7,4.0
0.9906895,True,5,5,10.0
0.9393632,True,2,2,18.0
0.9909276,True,5,5,10.0
0.99156135,True,9,9,6.0
0.9663204,True,3,3,-4.0
0.99275726,True,9,9,4.0
0.993292,True,9,9,16.0
0.992725,True,3,3,12.0
0.5380854,False,3,9,-6.0
0.9933329,True,10,10,18.0
0.5803059,True,1,1,14.0
0.99281585,True,8,8,-4.0
0.98826516,True,5,5,14.0
0.99111396,True,8,8,18.0
0.85998636,True,2,2,18.0
0.9900523,True,7,7,12.0
0.99165416,True,6,6,8.0
0.57012653,False,10,1,16.0
0.9276894,True,2,2,0.0
0.9917937,True,4,4,12.0
0.99126714,True,0,0,18.0
0.99323696,True,8,8,14.0
0.9909729,True,3,3,4.0
0.9923906,True,7,7,8.0
0.9928941,True,9,9,6.0
0.99135417,True,6,6,14.0
0.9057036,True,10,10,2.0
0.988456,True,0,0,4.0
0.99084586,True,0,0,14.0
0.6630826,True,3,3,-4.0
0.99130297,True,7,7,4.0
0.9902941,True,3,3,14.0
0.963434,True,2,2,10.0
0.9899116,True,6,6,-2.0
0.95533377,True,2,2,10.0
0.5696564,True,1,1,18.0
0.99264985,True,4,4,12.0
0.989356,True,10,10,16.0
0.70971173,True,1,1,6.0
0.95565134,False,5,4,-6.0
0.9918073,True,3,3,16.0
0.5011205,False,10,1,2.0
0.99242073,True,0,0,16.0
0.5878798,False,10,1,-4.0
0.6116411,False,10,1,12.0
0.99541414,True,10,10,2.0
0.9871335,True,0,0,2.0
0.9909861,True,4,4,-2.0
0.33723548,True,0,0,-6.0
0.9903674,True,8,8,14.0
0.99281776,True,5,5,2.0
0.9547586,True,2,2,8.0
0.99216676,True,6,6,2.0
0.9932421,True,9,9,10.0
0.98623866,True,6,6,-4.0
0.99178547,True,9,9,4.0
0.94585145,True,2,2,10.0
0.38391158,False,4,0,-4.0
0.5777358,False,9,4,-6.0
0.9906563,True,6,6,4.0
0.9923653,True,9,9,16.0
0.99105096,True,9,9,14.0
0.63534284,False,10,5,-2.0
0.99561465,True,3,3,-4.0
0.99083143,True,9,9,10.0
0.93792,True,2,2,18.0
0.9904158,True,7,7,16.0
0.99053067,True,4,4,12.0
0.99190336,True,6,6,2.0
0.97666305,True,2,2,2.0
0.9921327,True,9,9,0.0
0.99311125,True,8,8,12.0
0.9606242,True,2,2,2.0
0.5354317,True,10,10,4.0
0.9915019,True,9,9,10.0
0.98911524,True,3,3,18.0
0.9922884,True,4,4,8.0
0.99150145,True,6,6,4.0
0.9893435,True,6,6,-6.0
0.5966283,False,10,1,2.0
0.60528594,True,0,0,-2.0
0.99068344,True,8,8,12.0
0.99244,True,9,9,10.0
0.99107355,True,5,5,18.0
0.613424,True,1,1,6.0
0.9579877,False,9,2,10.0
0.9933302,True,5,5,10.0
0.99145037,True,3,3,12.0
0.9919961,True,5,5,18.0
0.9919837,True,7,7,14.0
0.9914511,True,8,8,18.0
0.9932729,True,0,0,2.0
0.6126119,True,1,1,16.0
0.9910396,True,7,7,14.0
0.570149,False,10,1,12.0
0.9883188,True,8,8,-6.0
0.9623672,True,2,2,4.0
0.97840184,False,0,7,-2.0
0.6573661,False,10,1,6.0
0.9934007,True,5,5,10.0
0.9905504,True,5,5,8.0
0.68717855,True,0,0,-4.0
0.9921129,True,6,6,10.0
0.99441457,True,3,3,6.0
0.9922884,True,5,5,12.0
0.9909095,True,9,9,6.0
0.9892007,True,5,5,16.0
0.9354387,True,2,2,-4.0
0.9934617,True,5,5,12.0
0.6073959,False,10,1,8.0
0.971102,True,2,2,18.0
0.73038244,True,1,1,0.0
0.99222445,True,10,10,18.0
0.98976886,True,0,0,18.0
0.99292773,True,8,8,10.0
0.99079645,True,3,3,12.0
0.99159545,True,6,6,6.0
0.9088611,False,3,2,-6.0
0.9911992,True,0,0,14.0
0.9922897,True,3,3,8.0
0.8531231,True,10,10,12.0
0.9915706,True,7,7,6.0
0.9926702,True,4,4,0.0
0.94418555,True,0,0,-2.0
0.9906222,True,7,7,10.0
0.99064165,True,4,4,18.0
0.950729,True,2,2,12.0
0.9879199,True,7,7,4.0
0.8438611,True,2,2,0.0
0.967512,True,2,2,16.0
0.575196,True,1,1,14.0
0.99179393,True,8,8,-6.0
0.9913448,True,6,6,10.0
0.99247,True,5,5,16.0
0.94983023,True,2,2,2.0
0.9925684,True,7,7,16.0
0.9909486,True,3,3,10.0
0.5903201,False,10,1,2.0
0.99229527,True,3,3,18.0
0.3533815,False,8,9,14.0
0.9910932,True,0,0,4.0
0.99281234,True,4,4,6.0
0.99356574,True,9,9,6.0
0.9900041,True,7,7,-2.0
0.9921361,True,10,10,6.0
0.9919247,True,7,7,18.0
0.9909198,True,4,4,2.0
0.9776903,False,8,7,-6.0
0.5528641,False,10,1,-4.0
0.9909567,True,6,6,12.0
0.9911282,True,9,9,4.0
0.99381447,True,3,3,2.0
0.9931138,True,8,8,-6.0
0.99247336,True,3,3,16.0
0.55683714,True,9,9,-2.0
0.9923968,True,9,9,14.0
0.9906658,True,5,5,8.0
0.99085593,True,3,3,18.0
0.93380827,True,2,2,14.0
0.9927061,True,10,10,12.0
0.9912334,True,0,0,16.0
0.6322253,False,10,1,-4.0
0.93558204,True,7,7,-4.0
0.9928745,True,6,6,6.0
0.9928671,True,9,9,4.0
0.6614488,True,1,1,2.0
0.568655,False,10,1,18.0
0.8350779,True,5,5,-2.0
0.9927678,True,10,10,10.0
0.6541664,False,10,1,-2.0
0.90979385,True,7,7,8.0
0.57170194,True,1,1,18.0
0.6200027,True,1,1,2.0
0.97207123,True,2,2,0.0
0.99123424,True,8,8,14.0
0.9931392,True,6,6,-6.0
0.6081933,False,10,1,8.0
0.9917183,True,3,3,4.0
0.98450017,False,8,7,-6.0
0.93082917,False,3,2,10.0
0.7070035,True,4,4,-4.0
0.948069,True,2,2,16.0
0.9921738,True,4,4,2.0
0.9932787,True,0,0,14.0
0.6296924,True,1,1,2.0
0.9962753,True,5,5,12.0
0.9915331,True,3,3,8.0
0.9895823,True,7,7,18.0
0.9908317,True,3,3,16.0
0.9926171,True,3,3,16.0
0.9925282,True,8,8,10.0
0.9929743,True,6,6,16.0
0.9598838,True,2,2,-6.0
0.99212897,True,8,8,12.0
0.99405164,True,9,9,12.0
0.990428,True,4,4,8.0
0.9899402,True,0,0,6.0
0.5753993,True,1,1,12.0
0.602004,True,1,1,-6.0
0.9936241,True,5,5,-2.0
0.58708996,True,1,1,-4.0
0.98902136,True,7,7,12.0
0.99087864,True,4,4,18.0
0.6795241,False,5,10,-4.0
0.99212646,True,5,5,12.0
0.9802248,True,7,7,-2.0
0.99200493,True,6,6,6.0
0.9886558,True,7,7,10.0
0.99017566,True,7,7,16.0
0.99214375,True,5,5,16.0
0.9655735,True,7,7,-4.0
0.9581706,True,2,2,8.0
0.9925443,True,8,8,12.0
0.95576924,True,2,2,-2.0
0.9915657,True,6,6,18.0
0.9928445,True,9,9,12.0
0.99300355,True,0,0,6.0
0.9911972,True,7,7,14.0
0.9924144,True,3,3,6.0
0.75112385,False,10,1,2.0
0.6404133,True,1,1,2.0
0.9907274,True,8,8,6.0
0.99060434,True,3,3,10.0
0.97219074,True,2,2,-4.0
0.9429268,True,2,2,0.0
0.40466264,True,4,4,-6.0
0.99154717,True,8,8,18.0
0.965304,True,2,2,18.0
0.9910272,True,8,8,18.0
0.9372071,True,2,2,-6.0
0.99035734,True,8,8,18.0
0.9495839,True,2,2,2.0
0.992007,True,9,9,14.0
0.990427,True,7,7,12.0
0.99265313,True,6,6,8.0
0.9907381,True,0,0,8.0
0.9892976,True,0,0,6.0
0.85224754,True,6,6,-6.0
0.5302304,False,0,9,-4.0
0.5774599,False,10,1,16.0
0.9923619,True,0,0,14.0
0.60520536,False,5,1,-6.0
0.9888081,True,4,4,12.0
0.56653446,True,10,10,-6.0
0.9292792,True,2,2,-6.0
0.5770381,True,9,9,-4.0
0.9920083,True,6,6,2.0
0.989115,True,10,10,14.0
0.9697093,True,2,2,4.0
0.99037033,True,7,7,16.0
0.9117895,True,2,2,-4.0
0.990724,True,0,0,8.0
0.90552384,True,10,10,8.0
0.9921232,True,3,3,-2.0
0.92859346,True,2,2,16.0
0.9915274,True,6,6,8.0
0.68910223,True,1,1,14.0
0.9899996,True,4,4,6.0
0.828986,True,0,0,-2.0
0.9933575,True,3,3,2.0
0.99264,True,6,6,8.0
0.99153453,True,8,8,18.0
0.9923822,True,9,9,6.0
0.65355104,False,10,1,0.0
0.99073315,True,0,0,14.0
0.9502504,True,2,2,12.0
0.9925216,True,6,6,12.0
0.99035627,True,0,0,10.0
0.9915073,True,9,9,6.0
0.99189585,True,6,6,14.0
0.99063444,True,6,6,12.0
0.99083006,True,9,9,2.0
0.99204975,True,0,0,6.0
0.6312943,False,9,0,-2.0
0.99162805,True,8,8,-2.0
0.9884857,True,3,3,18.0
0.9921295,True,6,6,10.0
0.99076384,True,4,4,4.0
0.74152136,True,2,2,16.0
0.991273,True,6,6,8.0
0.7038898,True,1,1,6.0
0.9892315,True,3,3,0.0
0.99075353,True,8,8,16.0
0.9908992,True,8,8,14.0
0.9926192,True,5,5,8.0
0.99060315,True,0,0,10.0
0.9079279,True,8,8,16.0
0.9574783,True,2,2,-2.0
0.99225485,True,7,7,12.0
0.55926055,False,10,1,-2.0
0.99334043,True,3,3,6.0
0.6101854,True,1,1,4.0
0.82481116,False,3,2,-6.0
0.60139453,True,1,1,4.0
0.56945807,True,1,1,14.0
0.992405,True,9,9,12.0
0.99102145,True,4,4,2.0
0.82919776,False,8,7,-6.0
0.9807359,True,5,5,2.0
0.61696213,True,1,1,0.0
0.9919853,True,10,10,14.0
0.5614874,True,1,1,-2.0
0.99496955,True,5,5,14.0
0.94072545,True,2,2,10.0
0.98814195,True,9,9,-2.0
0.90294003,True,7,7,18.0
0.9898453,True,3,3,6.0
0.9921302,True,8,8,2.0
0.9944727,True,5,5,12.0
0.4942584,True,2,2,10.0
0.988332,True,7,7,14.0
0.9942107,True,4,4,-2.0
0.9220347,True,2,2,-4.0
0.989897,True,4,4,12.0
0.99096805,True,3,3,8.0
0.99237365,True,8,8,8.0
0.9896756,True,10,10,16.0
0.9898469,True,8,8,18.0
0.99324846,True,3,3,4.0
0.9883841,True,0,0,6.0
0.9928094,True,3,3,4.0
0.9717506,True,2,2,0.0
0.988298,True,8,8,-4.0
0.99576676,True,10,10,4.0
0.99154425,True,9,9,16.0
0.8912758,True,5,5,-2.0
0.9900331,True,7,7,14.0
0.7727804,True,2,2,14.0
0.57342017,True,1,1,12.0
0.9902019,True,7,7,0.0
0.9813286,True,5,5,0.0
0.5635814,False,4,3,-4.0
0.991402,True,6,6,18.0
0.95200884,True,2,2,12.0
0.9930599,True,0,0,16.0
0.99119616,True,4,4,0.0
0.5025289,False,1,10,-2.0
0.99188703,True,8,8,10.0
0.9912014,True,9,9,6.0
0.99081296,True,4,4,12.0
0.99215394,True,5,5,2.0
0.99160564,True,4,4,2.0
0.9890683,True,7,7,14.0
0.99056834,True,6,6,0.0
0.99266076,True,7,7,18.0
0.9929374,True,6,6,10.0
0.99091023,True,7,7,10.0
0.9891935,True,7,7,16.0
0.9907419,True,9,9,4.0
0.99241126,True,10,10,18.0
0.61316156,False,10,1,0.0
0.96387166,True,2,2,14.0
0.9925321,True,3,3,8.0
0.6088463,False,10,1,2.0
0.99204844,True,6,6,0.0
0.99202204,True,6,6,6.0
0.99094325,True,5,5,4.0
0.9926001,True,9,9,2.0
0.9872491,True,7,7,4.0
0.6815398,True,4,4,-6.0
0.99088764,True,4,4,14.0
0.9931004,True,9,9,14.0
0.9904702,True,4,4,8.0
0.9921321,True,8,8,2.0
0.5731623,False,10,1,0.0
0.9514737,True,2,2,10.0
0.88899684,True,1,1,14.0
0.992581,True,3,3,4.0
0.69052225,False,10,1,2.0
0.7608675,False,10,5,-4.0
0.99104077,True,7,7,2.0
0.45388117,False,9,0,-6.0
0.309613,False,2,9,-2.0
0.99064904,True,0,0,14.0
0.9906441,True,6,6,4.0
0.9892068,True,6,6,-6.0
0.9906899,True,6,6,4.0
0.99176836,True,9,9,12.0
0.93262434,True,1,1,14.0
0.99101686,True,4,4,2.0
0.9926725,True,6,6,18.0
0.9938642,True,5,5,8.0
0.57824266,False,10,1,18.0
0.81609446,True,9,9,14.0
0.8987107,True,9,9,-2.0
0.45984346,False,0,2,14.0
0.9915981,True,9,9,8.0
0.99232143,True,0,0,12.0
0.9477922,True,0,0,-2.0
0.9930314,True,3,3,18.0
0.992308,True,8,8,16.0
0.990816,True,9,9,4.0
0.9454096,True,2,2,-4.0
0.86944807,False,8,7,-6.0
0.7611374,False,10,1,2.0
0.94154674,True,2,2,18.0
0.9906316,True,6,6,-2.0
0.5853955,False,10,1,-2.0
0.7470486,True,7,7,4.0
0.9082885,True,2,2,16.0
0.5521276,False,10,1,-6.0
0.64977163,False,10,1,-4.0
0.95360523,True,2,2,-2.0
0.8660464,True,2,2,10.0
0.9923085,True,8,8,8.0
0.99239445,True,9,9,8.0
0.9677605,True,2,2,6.0
0.5562618,True,1,1,10.0
0.9901097,True,5,5,14.0
0.580001,False,10,1,2.0
0.99038434,True,3,3,12.0
0.5793075,True,1,1,-4.0
0.98618954,True,9,9,0.0
0.7316497,False,1,2,-6.0
0.6442997,False,10,1,6.0
0.9595305,True,2,2,8.0
0.93752414,True,2,2,12.0
0.99139386,True,4,4,2.0
0.992308,True,8,8,8.0
0.9936972,True,8,8,-6.0
0.99052316,True,6,6,-2.0
0.9922168,True,8,8,-6.0
0.5605694,True,1,1,10.0
0.99124545,True,4,4,4.0
0.9928284,True,0,0,16.0
0.99257445,True,7,7,14.0
0.98914695,True,5,5,10.0
0.99328125,True,5,5,12.0
0.99120975,True,3,3,18.0
0.9957586,True,5,5,0.0
0.9223769,True,2,2,-6.0
0.6214827,True,1,1,4.0
0.99173766,True,4,4,12.0
0.99542505,True,3,3,-2.0
0.57711834,False,10,1,-2.0
0.68175936,True,1,1,-2.0
0.9648117,True,2,2,16.0
0.9407887,False,0,9,-2.0
0.65808594,True,1,1,2.0
0.9894875,True,4,4,12.0
0.9904241,True,8,8,6.0
0.9495925,True,2,2,16.0
0.9171869,True,2,2,8.0
0.9897103,True,0,0,2.0
0.99139714,True,10,10,4.0
0.9916698,True,0,0,10.0
0.94479436,True,2,2,4.0
0.9903903,True,0,0,0.0
0.8598128,True,2,2,14.0
0.55198,False,10,1,-6.0
0.9935062,True,9,9,2.0
0.99197716,True,6,6,2.0
0.9917995,True,6,6,14.0
0.9935122,True,4,4,-2.0
0.9903114,True,4,4,14.0
0.98847264,True,8,8,-4.0
0.99248415,True,5,5,4.0
0.9633408,True,8,8,-4.0
0.99305445,True,3,3,14.0
0.9930576,True,8,8,-4.0
0.99145037,True,6,6,8.0
0.6036307,False,10,1,10.0
0.99289155,True,9,9,10.0
0.99132127,True,6,6,10.0
0.992031,True,4,4,0.0
0.9444918,True,10,10,18.0
0.9923603,True,9,9,2.0
0.9935289,True,0,0,6.0
0.95350564,True,3,3,0.0
0.99318963,True,9,9,2.0
0.50655836,True,1,1,-2.0
0.9884791,True,9,9,2.0
0.99147016,True,6,6,12.0
0.9415231,True,2,2,-2.0
0.5712469,False,10,1,14.0
0.9614136,True,2,2,12.0
0.9918213,True,5,5,16.0
0.9904551,True,0,0,8.0
0.9906094,True,3,3,12.0
0.99581474,True,5,5,2.0
0.98288673,True,5,5,-6.0
0.99182546,True,9,9,2.0
0.93218863,True,2,2,16.0
0.99139786,True,9,9,4.0
0.98854756,True,7,7,12.0
0.9082861,True,2,2,10.0
0.9947745,True,10,10,4.0
0.9925,True,6,6,8.0
0.6135579,True,1,1,2.0
0.9931231,True,6,6,-2.0
0.9913599,True,8,8,18.0
0.99113137,True,8,8,12.0
0.9911719,True,6,6,6.0
0.9925607,True,9,9,6.0
0.9906431,True,9,9,4.0
0.75380075,False,0,4,-6.0
0.97782975,True,5,5,-4.0
0.9519333,True,7,7,-4.0
0.99278307,True,6,6,-4.0
0.99259174,True,9,9,0.0
0.41844535,False,7,0,-2.0
0.75146013,False,9,3,2.0
0.9919219,True,3,3,6.0
0.5886743,True,1,1,6.0
0.9905487,True,4,4,4.0
0.99177825,True,0,0,18.0
0.99242496,True,8,8,-2.0
0.99228305,True,4,4,4.0
0.6357794,True,1,1,-2.0
0.9930328,True,5,5,14.0
0.5776488,True,1,1,4.0
0.579724,True,10,10,-6.0
0.9914097,True,3,3,14.0
0.98905516,True,3,3,16.0
0.9918156,True,3,3,16.0
0.62369084,True,1,1,2.0
0.9921089,True,4,4,0.0
0.75597346,False,9,0,-2.0
0.96317446,True,7,7,8.0
0.9918795,True,0,0,14.0
0.8737165,False,8,2,12.0
0.38108096,False,3,9,-6.0
0.9912374,True,6,6,10.0
0.9889942,True,7,7,2.0
0.99255145,True,4,4,18.0
0.9872426,True,7,7,18.0
0.9901399,True,6,6,8.0
0.9888306,True,3,3,-4.0
0.9785073,True,3,3,-4.0
0.9936659,True,9,9,2.0
0.947791,True,7,7,18.0
0.9911945,True,10,10,8.0
0.6503832,True,5,5,-4.0
0.64485806,True,1,1,18.0
0.99566,True,10,10,2.0
0.9938075,True,5,5,12.0
0.99128973,True,7,7,10.0
0.905192,True,2,2,6.0
0.7691262,False,5,10,-2.0
0.8231295,True,10,10,12.0
0.47411636,False,0,4,-6.0
0.98566794,True,0,0,0.0
0.9920521,True,9,9,16.0
0.99345845,True,3,3,4.0
0.9918172,True,4,4,-4.0
0.98839635,True,4,4,18.0
0.9928179,True,5,5,16.0
0.9925667,True,6,6,12.0
0.99088377,True,6,6,10.0
0.9924211,True,6,6,4.0
0.9909751,True,3,3,18.0
0.9917936,True,9,9,6.0
0.9913379,True,6,6,16.0
0.5848932,True,1,1,0.0
0.9383557,True,7,7,6.0
0.78290707,True,1,1,12.0
0.55129194,False,10,1,6.0
0.98974216,True,7,7,12.0
0.91192895,False,9,3,-4.0
0.9926005,True,8,8,16.0
0.9915581,True,0,0,6.0
0.99260616,True,8,8,10.0
0.9906104,True,6,6,14.0
0.99315226,True,10,10,2.0
0.9961242,True,5,5,4.0
0.9917945,True,8,8,12.0
0.5216857,True,1,1,-6.0
0.45718417,False,9,4,-6.0
0.9923866,True,6,6,16.0
0.99053746,True,10,10,12.0
0.99415153,True,7,7,-6.0
0.67965645,False,0,9,-4.0
0.94347817,True,2,2,-2.0
0.9908807,True,4,4,6.0
0.9912525,True,4,4,10.0
0.98636186,True,6,6,-2.0
0.7807151,False,3,6,4.0
0.95305085,True,2,2,0.0
0.98767763,True,9,9,18.0
0.9915507,True,4,4,10.0
0.98955053,True,3,3,8.0
0.95888525,True,9,9,4.0
0.99150014,True,8,8,6.0
0.9917271,True,0,0,18.0
0.99042964,True,6,6,14.0
0.9900242,True,5,5,8.0
0.9807246,True,7,7,-6.0
0.99286795,True,5,5,10.0
0.99206334,True,6,6,12.0
0.9920631,True,9,9,-2.0
0.9940149,True,6,6,-2.0
0.9478821,True,2,2,-2.0
0.63409954,True,1,1,10.0
0.98918414,True,10,10,14.0
0.9887455,True,10,10,14.0
0.99381083,True,10,10,6.0
0.9888215,True,7,7,14.0
0.9049629,True,2,2,-6.0
0.99285686,True,6,6,-2.0
0.99168515,True,3,3,16.0
0.9929382,True,4,4,16.0
0.9691316,True,2,2,-2.0
0.9958175,True,5,5,2.0
0.5129381,True,3,3,-6.0
0.9909374,True,0,0,10.0
0.84194595,True,2,2,2.0
0.9921765,True,9,9,10.0
0.9930276,True,10,10,12.0
0.9845003,True,10,10,0.0
0.99274534,True,8,8,-2.0
0.99213326,True,10,10,10.0
0.947799,True,2,2,8.0
0.991695,True,3,3,12.0
0.9912922,True,6,6,12.0
0.99257576,True,9,9,18.0
0.9119233,True,5,5,-4.0
0.9929974,True,8,8,8.0
0.99086994,True,10,10,6.0
0.9931116,True,4,4,8.0
0.99052095,True,6,6,12.0
0.98912454,True,5,5,0.0
0.9514751,True,2,2,4.0
0.5184479,True,9,9,-2.0
0.9344503,True,2,2,4.0
0.9909452,True,6,6,2.0
0.987904,True,4,4,10.0
0.9441353,True,2,2,2.0
0.42648077,False,3,0,-6.0
0.94586957,True,2,2,2.0
0.98933595,True,0,0,2.0
0.9912322,True,3,3,2.0
0.9808972,True,3,3,-2.0
0.99437594,True,5,5,6.0
0.36184952,False,0,9,-6.0
0.95442843,True,2,2,4.0
0.6458397,False,1,10,-2.0
0.99207026,True,8,8,12.0
0.9925849,True,7,7,0.0
0.6154366,False,10,1,8.0
0.6042038,False,10,1,12.0
0.9884664,True,0,0,18.0
0.9931861,True,9,9,10.0
0.9917617,True,6,6,18.0
0.9911056,True,8,8,12.0
0.9928658,True,3,3,12.0
0.99244833,True,6,6,6.0
0.99076134,True,7,7,6.0
0.9173783,True,0,0,-2.0
0.6535494,True,9,9,0.0
0.99179137,True,3,3,16.0
0.99246067,True,9,9,16.0
0.9900563,True,0,0,0.0
0.7610656,True,10,10,-2.0
0.62717456,True,1,1,8.0
0.64934605,True,1,1,-6.0
0.6515391,False,0,9,-2.0
0.9917406,True,6,6,0.0
0.9908887,True,0,0,8.0
0.55812174,True,1,1,8.0
0.7207321,True,1,1,10.0
0.9292166,True,9,9,-2.0
0.9896666,True,5,5,-2.0
0.99003017,True,5,5,10.0
0.9882768,True,8,8,14.0
0.9917139,True,3,3,8.0
0.8585755,True,2,2,-4.0
0.44066194,True,9,9,-6.0
0.9928383,True,0,0,8.0
0.9904743,True,9,9,16.0
0.99216896,True,9,9,18.0
0.9906895,True,3,3,14.0
0.9910067,True,0,0,18.0
0.99197,True,5,5,12.0
0.8817879,True,2,2,4.0
0.57091516,False,10,1,14.0
0.5608733,False,10,1,0.0
0.3954672,True,9,9,-6.0
0.9940859,True,9,9,14.0
0.99171233,True,7,7,2.0
0.98741674,True,7,7,6.0
0.9351406,True,2,2,8.0
0.9845627,True,5,5,-4.0
0.9928941,True,6,6,-6.0
0.8736127,True,2,2,6.0
0.99078745,True,9,9,6.0
0.99097717,True,9,9,14.0
0.91978,True,2,2,14.0
0.9925789,True,4,4,18.0
0.98958874,True,6,6,0.0
0.99076474,True,3,3,4.0
0.8330736,True,5,5,-4.0
0.9936699,True,5,5,16.0
0.9913668,True,9,9,12.0
0.9945905,True,4,4,-4.0
0.799888,True,3,3,-2.0
0.54425,True,1,1,-6.0
0.97460914,True,2,2,16.0
0.8962772,True,1,1,12.0
0.92077446,True,2,2,12.0
0.5774157,False,10,1,10.0
0.9922133,True,3,3,6.0
0.99073225,True,4,4,10.0
0.9904212,True,6,6,4.0
0.57291234,True,1,1,2.0
0.5737927,False,10,1,10.0
0.96656656,True,5,5,-4.0
0.82175314,True,10,10,10.0
0.9937564,True,5,5,8.0
0.99269485,True,8,8,18.0
0.99178797,True,9,9,18.0
0.9894509,True,7,7,2.0
0.9904393,True,6,6,10.0
0.9898605,True,3,3,14.0
0.9896847,True,7,7,16.0
0.99009585,True,8,8,-6.0
0.9936506,True,9,9,8.0
0.59963673,False,10,1,16.0
0.9924779,True,4,4,2.0
0.94606936,True,2,2,-4.0
0.99262446,True,3,3,8.0
0.5752315,True,10,10,-2.0
0.9926668,True,3,3,6.0
0.9916707,True,4,4,16.0
0.791397,False,9,0,-2.0
0.9904689,True,3,3,14.0
0.99125415,True,8,8,8.0
0.54961306,True,1,1,6.0
0.95691854,True,2,2,8.0
0.95370436,False,9,4,-4.0
0.54705274,False,9,0,-4.0
0.99298096,True,5,5,16.0
0.99323213,True,5,5,6.0
0.965766,True,2,2,-2.0
0.67858225,True,9,9,-4.0
0.93829805,True,2,2,18.0
0.9883581,True,3,3,18.0
0.88787484,True,2,2,6.0
0.99214774,True,4,4,0.0
0.9854403,True,7,7,-2.0
0.9909793,True,6,6,18.0
0.99125344,True,8,8,4.0
0.98962843,True,5,5,4.0
0.98982644,True,7,7,18.0
0.99084795,True,8,8,8.0
0.49368152,False,4,3,-6.0
0.9926025,True,0,0,10.0
0.9900844,True,0,0,2.0
0.9906516,True,3,3,12.0
0.99054635,True,8,8,16.0
0.9537912,True,2,2,0.0
0.9931249,True,8,8,-2.0
0.73837334,True,1,1,12.0
0.7717773,False,10,1,4.0
0.9908765,True,8,8,18.0
0.96514356,True,2,2,-4.0
0.5398037,False,10,1,-4.0
0.99505144,True,5,5,16.0
0.993476,True,10,10,18.0
0.99152464,True,7,7,18.0
0.5724247,False,10,1,8.0
0.54888237,False,10,1,-6.0
0.55092627,False,0,4,-4.0
0.990576,True,5,5,18.0
0.9915309,True,5,5,8.0
0.73145926,True,1,1,18.0
0.927281,True,5,5,-2.0
0.96877724,True,3,3,4.0
0.9908941,True,7,7,8.0
0.96721864,True,2,2,12.0
0.99210936,True,6,6,12.0
0.9645097,True,7,7,-6.0
0.9925288,True,3,3,2.0
0.99153227,True,4,4,14.0
0.99266255,True,9,9,18.0
0.64646065,False,10,1,-6.0
0.98673546,True,7,7,0.0
0.99367565,True,4,4,0.0
0.991219,True,4,4,12.0
0.9916966,True,8,8,4.0
0.56082404,True,1,1,12.0
0.9894978,True,3,3,2.0
0.99291366,True,9,9,8.0
0.991193,True,9,9,8.0
0.9887683,True,0,0,14.0
0.7649677,True,0,0,-4.0
0.9917287,True,6,6,4.0
0.99169886,True,7,7,6.0
0.6261891,False,0,3,-6.0
0.5961232,False,10,1,14.0
0.99314463,True,6,6,10.0
0.989856,True,9,9,0.0
0.538696,False,5,10,-2.0
0.8769341,True,10,10,8.0
0.5954719,False,10,1,4.0
0.990444,True,7,7,18.0
0.9942924,True,5,5,10.0
0.41770062,False,0,3,-6.0
0.86961836,True,8,8,-6.0
0.9918168,True,7,7,4.0
0.812934,True,10,10,-4.0
0.5678666,True,1,1,12.0
0.9825645,True,4,4,-4.0
0.93292385,False,0,5,-6.0
0.990577,True,8,8,10.0
0.9903565,True,0,0,18.0
0.99152803,True,5,5,10.0
0.99184823,True,6,6,-2.0
0.9793204,True,7,7,2.0
0.58168167,True,1,1,12.0
0.9919315,True,6,6,18.0
0.99305785,True,9,9,12.0
0.9900637,True,6,6,14.0
0.5855195,False,10,1,-2.0
0.9916482,True,3,3,-2.0
0.7351262,False,5,10,0.0
0.9538576,True,2,2,-6.0
0.9902558,True,3,3,18.0
0.9916363,True,0,0,6.0
0.9907171,True,6,6,2.0
0.992481,True,6,6,4.0
0.99372137,True,8,8,-2.0
0.31931207,False,3,0,-6.0
0.93228185,True,2,2,14.0
0.9892625,True,7,7,10.0
0.9911272,True,9,9,2.0
0.99324435,True,3,3,0.0
0.64717615,False,10,1,16.0
0.9914266,True,3,3,16.0
0.66244173,True,1,1,6.0
0.98984504,True,7,7,16.0
0.6882615,False,10,1,0.0
0.9924448,True,6,6,4.0
0.6709719,False,10,1,-6.0
0.6772199,True,1,1,0.0
0.9525853,True,2,2,12.0
0.99073106,True,0,0,8.0
0.9923034,True,10,10,18.0
0.9786758,True,8,8,-4.0
0.99149984,True,6,6,2.0
0.94140315,True,2,2,12.0
0.98960435,True,3,3,8.0
0.99149454,True,7,7,6.0
0.5779261,False,10,1,2.0
0.9930791,True,8,8,-6.0
0.9901376,True,8,8,12.0
0.9131573,True,10,10,-2.0
0.992463,True,8,8,6.0
0.9913284,True,3,3,14.0
0.99286425,True,9,9,2.0
0.99212015,True,9,9,16.0
0.9925092,True,0,0,12.0
0.86227083,True,2,2,8.0
0.99402595,True,3,3,12.0
0.99133146,True,6,6,16.0
0.9919837,True,6,6,0.0
0.9913864,True,3,3,8.0
0.9917936,True,4,4,6.0
0.33660012,False,2,0,6.0
0.9920906,True,9,9,6.0
0.61209697,False,10,1,-6.0
0.9895768,True,6,6,-4.0
0.9899464,True,9,9,6.0
0.99006164,True,5,5,14.0
0.9921787,True,3,3,10.0
0.99224466,True,6,6,-4.0
0.9921037,True,3,3,2.0
0.9925014,True,0,0,8.0
0.59300965,True,9,9,-2.0
0.99022627,True,4,4,10.0
0.58330905,True,1,1,10.0
0.56916416,False,10,1,18.0
0.9913728,True,8,8,8.0
0.98927504,True,8,8,14.0
0.9934162,True,7,7,-6.0
0.9921225,True,4,4,-2.0
0.98914343,True,4,4,18.0
0.9828935,True,7,7,12.0
0.99021506,True,0,0,6.0
0.9917202,True,9,9,2.0
0.61322004,False,7,8,18.0
0.99161434,True,3,3,14.0
0.94927496,True,2,2,2.0
0.9276558,True,2,2,0.0
0.7012781,True,1,1,2.0
0.99164397,True,3,3,8.0
0.9904479,True,10,10,12.0
0.9922644,True,6,6,-4.0
0.9484067,True,2,2,-6.0
0.9927234,True,6,6,4.0
0.9873732,True,0,0,6.0
0.8919901,True,2,2,14.0
0.9903105,True,4,4,2.0
0.96062094,True,7,7,-4.0
0.69675463,True,3,3,-4.0
0.99052376,True,4,4,-2.0
0.98794204,True,4,4,12.0
0.9923149,True,0,0,10.0
0.9907782,True,3,3,16.0
0.9940876,True,3,3,0.0
0.98894566,True,4,4,18.0
0.6804959,False,10,1,-6.0
0.9947915,False,5,10,2.0
0.993554,True,9,9,14.0
0.72783357,True,1,1,6.0
0.9908138,True,6,6,10.0
0.9716627,True,2,2,12.0
0.9946865,True,4,4,2.0
0.99230945,True,5,5,16.0
0.990293,True,0,0,0.0
0.9407139,True,7,7,-6.0
0.98346764,True,3,3,-2.0
0.9943718,True,5,5,6.0
0.9917041,True,8,8,10.0
0.9929865,True,8,8,16.0
0.99230605,True,3,3,10.0
0.71459115,True,10,10,16.0
0.9929969,True,10,10,4.0
0.9924689,True,8,8,0.0
0.9942028,True,6,6,-4.0
0.99314135,True,9,9,16.0
0.70166236,True,8,8,-6.0
0.96760654,True,7,7,8.0
0.6217506,False,10,1,8.0
0.9907788,True,9,9,0.0
0.9915366,True,3,3,8.0
0.9917563,True,5,5,14.0
0.98944503,True,4,4,18.0
0.9385665,True,2,2,8.0
0.9907725,True,0,0,12.0
0.744289,False,0,9,-4.0
0.99231076,True,3,3,14.0
0.99052715,True,4,4,12.0
0.9927999,True,4,4,0.0
0.99206126,True,3,3,0.0
0.9908915,True,7,7,14.0
0.6385068,False,10,1,18.0
0.99112153,True,9,9,2.0
0.57068205,True,1,1,18.0
0.9934661,True,0,0,8.0
0.9351826,True,3,3,-4.0
0.9927505,True,6,6,6.0
0.99278367,True,9,9,14.0
0.99162346,True,6,6,-4.0
0.6128856,False,10,1,18.0
0.99072963,True,9,9,0.0
0.9351115,True,2,2,4.0
0.8601475,True,0,0,-2.0
0.97355837,True,3,3,-4.0
0.6959563,True,1,1,4.0
0.6579317,True,1,1,16.0
0.9925007,True,8,8,6.0
0.49579656,True,10,10,-2.0
0.992638,True,3,3,10.0
0.99139774,True,4,4,0.0
0.9001571,True,2,2,4.0
0.7627073,True,7,7,0.0
0.90244675,True,5,5,-2.0
0.5358796,True,10,10,-2.0
0.99068797,True,4,4,8.0
0.99230087,True,6,6,14.0
0.5768471,True,1,1,-2.0
0.9896689,True,7,7,12.0
0.99297225,True,6,6,-4.0
0.47977453,True,10,10,-6.0
0.93274486,True,2,2,12.0
0.99303705,True,5,5,6.0
0.9146076,True,2,2,12.0
0.9959313,True,10,10,4.0
0.99394155,True,0,0,4.0
0.99002063,True,9,9,6.0
0.9919361,True,8,8,4.0
0.48547128,False,9,0,-4.0
0.9917024,True,6,6,10.0
0.5718181,True,1,1,10.0
0.992093,True,0,0,18.0
0.56993705,False,9,7,-2.0
0.990672,True,7,7,10.0
0.9952974,True,10,10,18.0
0.9915445,True,8,8,18.0
0.99135923,True,9,9,2.0
0.68872595,True,1,1,14.0
0.9914643,True,0,0,10.0
0.99384695,True,8,8,0.0
0.9916815,True,8,8,12.0
0.9421841,True,2,2,-2.0
0.99558157,True,5,5,0.0
0.9920512,True,5,5,18.0
0.9570178,False,0,2,0.0
0.99141765,True,3,3,8.0
0.5481322,True,1,1,0.0
0.5598671,True,1,1,-2.0
0.65713894,True,1,1,8.0
0.9925512,True,8,8,2.0
0.57516146,True,1,1,10.0
0.93579024,True,2,2,12.0
0.6494095,True,1,1,4.0
0.6537517,False,10,1,-4.0
0.78784657,True,1,1,14.0
0.99257106,True,9,9,16.0
0.5647742,False,10,1,16.0
0.9407279,True,2,2,12.0
0.9904542,True,4,4,16.0
0.99204296,True,3,3,8.0
0.9913334,True,6,6,2.0
0.9518449,True,2,2,8.0
0.6173126,True,1,1,8.0
0.9726041,True,7,7,-4.0
0.84110117,False,3,2,-6.0
0.99146056,True,9,9,14.0
0.99109495,True,0,0,8.0
0.991772,True,9,9,18.0
0.9905627,True,10,10,8.0
0.99254394,True,9,9,14.0
0.9912225,True,4,4,10.0
0.9682547,True,2,2,-6.0
0.988996,True,4,4,12.0
0.9924379,True,7,7,-6.0
0.9849861,True,7,7,10.0
0.9910691,True,6,6,10.0
0.9923173,True,8,8,8.0
0.99247086,True,0,0,6.0
0.99194825,True,8,8,2.0
0.9935545,True,4,4,2.0
0.98526067,True,5,5,2.0
0.9914023,True,4,4,4.0
0.6363153,False,9,0,-4.0
0.95611817,True,2,2,12.0
0.98955065,True,5,5,14.0
0.9902276,True,3,3,16.0
0.9912651,True,4,4,4.0
0.5851338,True,0,0,-2.0
0.6751692,True,1,1,-4.0
0.99269754,True,9,9,10.0
0.95587033,True,2,2,8.0
0.99285674,True,4,4,12.0
0.9920535,True,6,6,14.0
0.690477,True,1,1,-6.0
0.9933954,True,6,6,14.0
0.9923847,True,6,6,18.0
0.99166155,True,6,6,10.0
0.9917454,True,9,9,14.0
0.6066225,True,1,1,-2.0
0.9913215,True,5,5,0.0
0.813566,False,0,9,-6.0
0.96319246,True,2,2,-2.0
0.99207556,True,5,5,14.0
0.9909882,True,6,6,4.0
0.9910176,True,6,6,6.0
0.99291223,True,8,8,12.0
0.99181,True,0,0,16.0
0.9916459,True,7,7,8.0
0.9932615,True,4,4,4.0
0.9205916,True,2,2,10.0
0.5559862,True,1,1,0.0
0.61586213,False,10,1,4.0
0.9868578,True,9,9,2.0
0.9914014,True,0,0,4.0
0.94408333,True,2,2,4.0
0.9917075,True,9,9,-2.0
0.64112824,True,1,1,18.0
0.98855907,True,4,4,6.0
0.9924306,True,9,9,18.0
0.63502675,False,10,1,2.0
0.49996984,False,0,4,-6.0
0.99044985,True,4,4,2.0
0.99119055,True,4,4,12.0
0.86179364,True,3,3,-6.0
0.61989677,True,1,1,8.0
0.989389,True,0,0,4.0
0.5115789,False,10,1,-2.0
0.9920774,True,0,0,12.0
0.65624225,True,1,1,-2.0
0.99151844,True,0,0,12.0
0.95296395,True,7,7,-4.0
0.6002133,False,1,10,-4.0
0.88753366,True,5,5,0.0
0.6453891,True,1,1,12.0
0.9912101,True,7,7,8.0
0.65788454,True,1,1,0.0
0.9599884,True,2,2,12.0
0.9450378,True,2,2,-4.0
0.9938974,True,5,5,6.0
0.99670815,True,3,3,2.0
0.9910483,True,7,7,-6.0
0.73309225,True,6,6,-6.0
0.9396842,True,2,2,-2.0
0.9917361,True,4,4,2.0
0.9932869,True,10,10,12.0
0.99372584,True,4,4,18.0
0.47695222,False,5,4,-6.0
0.6027167,False,10,1,0.0
0.98980576,True,4,4,10.0
0.90864146,True,0,0,-2.0
0.9930674,True,6,6,8.0
0.57053816,False,10,1,12.0
0.99135613,True,9,9,18.0
0.98418194,True,3,3,-4.0
0.99080265,True,6,6,6.0
0.9914601,True,8,8,4.0
0.9965184,True,5,5,18.0
0.99026173,True,3,3,18.0
0.9901844,True,4,4,16.0
0.99136,True,8,8,0.0
0.9928901,True,3,3,18.0
0.92654246,True,5,5,-2.0
0.9917568,True,7,7,16.0
0.677339,True,1,1,2.0
0.9252924,True,2,2,10.0
0.858963,True,10,10,16.0
0.99230146,True,8,8,8.0
0.93638283,True,5,5,2.0
0.99165803,True,10,10,18.0
0.9945057,True,5,5,2.0
0.59251845,False,10,1,8.0
0.9595567,True,7,7,10.0
0.9913044,True,0,0,4.0
0.991731,True,6,6,16.0
0.6240626,False,2,4,12.0
0.9918023,True,4,4,12.0
0.85160774,True,9,9,-4.0
0.76657414,False,6,3,-6.0
0.5860724,True,1,1,10.0
0.990862,True,7,7,14.0
0.9922874,True,8,8,18.0
0.96556807,True,7,7,0.0
0.9197544,True,2,2,6.0
0.9901314,True,3,3,10.0
0.9888466,True,8,8,8.0
0.99203557,True,8,8,16.0
0.98984563,True,4,4,12.0
0.9922692,True,4,4,14.0
0.99227566,True,0,0,18.0
0.992451,True,9,9,16.0
0.9558989,True,2,2,0.0
0.9925647,True,3,3,4.0
0.98703647,True,7,7,6.0
0.99007064,True,3,3,18.0
0.99319214,True,6,6,6.0
0.99335515,True,8,8,-4.0
0.98983324,True,7,7,2.0
0.99097985,True,7,7,14.0
0.62925947,False,10,1,14.0
0.9893299,True,8,8,-2.0
0.99347985,True,9,9,2.0
0.9915958,True,6,6,8.0
0.9334003,True,2,2,10.0
0.9193984,True,2,2,18.0
0.8299646,True,5,5,-6.0
0.58680284,False,10,1,-4.0
0.9915155,True,7,7,8.0
0.9920323,True,6,6,16.0
0.93047583,True,2,2,-2.0
0.9920546,True,6,6,0.0
0.98867387,True,8,8,-4.0
0.99363494,True,4,4,0.0
0.67885375,True,1,1,-2.0
0.7093132,False,4,5,-6.0
0.99113536,True,4,4,12.0
0.5543336,False,10,1,10.0
0.44908428,False,0,2,-6.0
0.9931117,True,5,5,6.0
0.56533647,True,1,1,10.0
0.8571766,True,10,10,12.0
0.9919789,True,7,7,10.0
0.96973723,True,5,5,6.0
0.98630244,True,7,7,12.0
0.9922883,True,9,9,0.0
0.91261405,True,2,2,16.0
0.9925876,True,0,0,12.0
0.9916114,True,8,8,2.0
0.9919968,True,0,0,0.0
0.7353518,True,1,1,12.0
0.9689311,True,8,8,16.0
0.81911343,True,1,1,10.0
0.9918902,True,4,4,6.0
0.9869451,True,7,7,18.0
0.9917216,True,6,6,18.0
0.991994,True,6,6,4.0
0.9912555,True,7,7,8.0
0.99195695,True,7,7,2.0
0.99187887,True,9,9,16.0
0.9920184,True,9,9,18.0
0.9929853,True,6,6,16.0
0.9913051,True,7,7,0.0
0.99249434,True,8,8,14.0
0.9791461,True,0,0,10.0
0.9907369,True,3,3,12.0
0.93130225,True,5,5,-6.0
0.9504694,True,2,2,2.0
0.99269694,True,7,7,4.0
0.6129084,True,1,1,6.0
0.99111056,True,8,8,6.0
0.9900816,True,0,0,8.0
0.99094397,True,7,7,14.0
0.9742647,True,7,7,-6.0
0.9928169,True,8,8,-6.0
0.99113095,True,9,9,6.0
0.47616675,True,0,0,-6.0
0.49515834,False,5,10,-2.0
0.9575766,True,2,2,-6.0
0.9902368,True,10,10,4.0
0.9898621,True,3,3,-4.0
0.5966135,False,10,1,-2.0
0.98980016,True,3,3,10.0
0.9918268,True,9,9,14.0
0.9940818,True,5,5,2.0
0.53279513,True,1,1,-2.0
0.99172217,True,9,9,0.0
0.6899294,True,1,1,14.0
0.9904206,True,6,6,12.0
0.89990497,True,2,2,2.0
0.58872306,False,10,1,2.0
0.9936324,True,6,6,4.0
0.49589956,False,10,1,-2.0
0.99427456,True,3,3,18.0
0.6569216,True,1,1,8.0
0.9904392,True,6,6,4.0
0.69287544,True,8,8,-6.0
0.991672,True,6,6,4.0
0.99220395,True,3,3,6.0
0.7636631,True,5,5,0.0
0.9358147,True,2,2,18.0
0.95985174,True,2,2,-2.0
0.97780436,True,5,5,-2.0
0.63749623,True,1,1,-4.0
0.99610126,True,5,5,6.0
0.98915696,True,4,4,2.0
0.68790466,False,10,1,4.0
0.9889542,True,5,5,0.0
0.92275965,True,8,8,0.0
0.99265856,True,6,6,-2.0
0.71232104,False,0,7,-2.0
0.9392117,True,4,4,-2.0
0.9910486,True,3,3,18.0
0.9924966,True,8,8,8.0
0.67414784,True,5,5,-4.0
0.9101699,True,5,5,-2.0
0.57435244,True,1,1,12.0
0.7242112,False,5,10,0.0
0.94775254,True,2,2,4.0
0.99278224,True,4,4,0.0
0.9923429,True,9,9,12.0
0.4827978,False,0,9,-4.0
0.5812779,False,10,1,8.0
0.9136713,True,7,7,-4.0
0.9906837,True,0,0,16.0
0.99120015,True,3,3,10.0
0.98698133,True,5,5,0.0
0.677132,False,10,1,-2.0
0.99140185,True,7,7,6.0
0.67324746,True,0,0,-2.0
0.9964831,True,5,5,12.0
0.66432005,True,1,1,-4.0
0.9874457,True,6,6,-2.0
0.99019885,True,4,4,16.0
0.994321,True,8,8,-4.0
0.91787815,True,5,5,-4.0
0.90379876,True,2,2,16.0
0.51715964,True,1,1,-4.0
0.9907233,True,3,3,14.0
0.6634119,True,6,6,-4.0
0.8370678,True,4,4,-4.0
0.6300706,True,10,10,-4.0
0.9912548,True,5,5,2.0
0.42193308,False,9,0,-4.0
0.6682051,True,1,1,2.0
0.4988602,False,5,10,0.0
0.99210125,True,3,3,16.0
0.99079996,True,7,7,8.0
0.566873,True,1,1,10.0
0.99066776,True,5,5,18.0
0.9710987,False,4,5,-4.0
0.99134576,True,8,8,14.0
0.62509906,True,1,1,10.0
0.8987082,True,2,2,6.0
0.88543063,False,4,2,-6.0
0.9536135,True,2,2,4.0
0.99040586,True,0,0,8.0
0.70285445,True,1,1,-2.0
0.99274737,True,9,9,10.0
0.5772829,True,0,0,-4.0
0.98974544,True,5,5,10.0
0.6534148,False,9,4,-6.0
0.98912525,True,3,3,18.0
0.7742546,False,0,9,-2.0
0.99238414,True,9,9,10.0
0.70502186,True,1,1,2.0
0.6157592,True,1,1,0.0
0.9914231,True,0,0,6.0
0.9157422,True,2,2,6.0
0.9918104,True,5,5,8.0
0.9657698,True,2,2,6.0
0.91561365,False,10,5,-2.0
0.9917631,True,6,6,12.0
0.96065503,True,2,2,-6.0
0.95133096,False,8,7,-6.0
0.7178912,False,10,1,16.0
0.6112006,False,0,9,-4.0
0.99182874,True,0,0,4.0
0.9902075,True,7,7,18.0
0.9915268,True,3,3,12.0
0.9934105,True,6,6,0.0
0.9835624,True,5,5,10.0
0.9927355,True,6,6,10.0
0.9872226,True,3,3,-2.0
0.78787786,True,10,10,-2.0
0.9929431,True,6,6,-2.0
0.9846385,True,6,6,-6.0
0.9930195,True,9,9,18.0
0.75059366,True,5,5,-2.0
0.989169,True,7,7,14.0
0.51859164,False,9,7,0.0
0.48740974,False,2,0,8.0
0.99114776,True,0,0,16.0
0.9209188,True,0,0,-2.0
0.5608851,True,1,1,4.0
0.99299365,True,0,0,4.0
0.63526404,True,1,1,14.0
0.99459296,True,10,10,16.0
0.8513586,True,2,2,-2.0
0.99182725,True,5,5,6.0
0.89900976,False,5,2,-6.0
0.98836505,True,3,3,-2.0
0.9925823,True,0,0,0.0
0.9862917,True,4,4,6.0
0.9515823,False,0,2,-6.0
0.9928356,True,7,7,18.0
0.53994673,True,1,1,0.0
0.9274257,True,2,2,-4.0
0.9900282,True,8,8,8.0
0.95137864,True,0,0,-4.0
0.99102014,True,3,3,10.0
0.7971912,True,0,0,-4.0
0.9919824,True,9,9,6.0
0.99282914,True,0,0,18.0
0.9830967,True,7,7,-4.0
0.98728186,True,7,7,18.0
0.99182725,True,3,3,12.0
0.9795554,True,5,5,-4.0
0.9326124,True,2,2,2.0
0.99048597,True,0,0,18.0
0.99057835,True,7,7,12.0
0.58539087,True,1,1,16.0
0.9757395,True,7,7,6.0
0.49467385,False,9,4,-6.0
0.99232554,True,6,6,6.0
0.5687325,False,10,1,16.0
0.99339324,True,9,9,16.0
0.6637359,True,1,1,-4.0
0.96825,True,2,2,0.0
0.8701438,True,10,10,2.0
0.95625454,True,2,2,-6.0
0.99020946,True,8,8,12.0
0.9909608,True,9,9,18.0
0.9617506,True,4,4,-6.0
0.6529694,True,1,1,4.0
0.66036373,True,1,1,12.0
0.5690807,False,10,1,12.0
0.72694904,True,1,1,14.0
0.6392091,True,1,1,2.0
0.70505184,False,10,1,16.0
0.9904489,True,6,6,-2.0
0.543595,True,8,8,-6.0
0.99367577,True,9,9,14.0
0.9913755,True,6,6,8.0
0.9917064,True,6,6,16.0
0.9897105,True,4,4,8.0
0.9921874,True,9,9,10.0
0.9842278,True,5,5,2.0
0.9677403,True,2,2,16.0
0.569494,True,1,1,16.0
0.9282846,True,2,2,2.0
0.99066776,True,7,7,6.0
0.56767577,False,10,1,18.0
0.9913516,True,3,3,12.0
0.9900994,True,7,7,-2.0
0.80811495,False,8,7,-6.0
0.5412825,True,8,8,12.0
0.98331374,True,9,9,0.0
0.99043274,True,4,4,8.0
0.9740096,True,3,3,-2.0
0.99133694,True,3,3,14.0
0.9911807,True,3,3,12.0
0.9925054,True,5,5,-2.0
0.8422596,False,5,10,0.0
0.57809776,True,1,1,10.0
0.92018056,True,3,3,-4.0
0.98650926,True,4,4,-4.0
0.9549014,True,2,2,8.0
0.99230677,True,0,0,10.0
0.9912169,True,0,0,18.0
0.9506635,True,2,2,-4.0
0.68130314,False,0,4,-4.0
0.69059515,False,9,0,-4.0
0.99541914,True,5,5,6.0
0.9168978,True,2,2,18.0
0.895342,False,0,3,-4.0
0.9920322,True,8,8,14.0
0.9880385,True,7,7,-4.0
0.64201605,False,10,1,14.0
0.96714115,True,2,2,-6.0
0.99057347,True,6,6,4.0
0.98807937,True,8,8,10.0
0.99141073,True,5,5,14.0
0.96506715,True,2,2,6.0
0.9132025,False,8,7,14.0
0.3276516,True,4,4,-6.0
0.59580714,False,10,1,4.0
0.5568737,False,10,1,8.0
0.99602145,True,5,5,14.0
0.9943744,True,5,5,4.0
0.9894121,True,4,4,16.0
0.9242585,True,2,2,12.0
0.98122084,True,8,8,-6.0
0.99266666,True,7,7,6.0
0.9926202,True,9,9,2.0
0.8433347,True,2,2,12.0
0.9892111,True,9,9,18.0
0.57626224,True,1,1,0.0
0.9935446,True,6,6,-4.0
0.5449471,True,1,1,8.0
0.9867056,True,8,8,4.0
0.8466097,False,9,0,-2.0
0.9926282,True,8,8,4.0
0.9906888,True,6,6,-2.0
0.98812777,True,5,5,0.0
0.99122417,True,4,4,10.0
0.96403605,True,2,2,-6.0
0.9927443,True,7,7,4.0
0.9917665,True,5,5,6.0
0.57811385,True,1,1,14.0
0.7726509,True,1,1,16.0
0.99319625,True,3,3,2.0
0.98702514,True,8,8,16.0
0.97821873,True,7,7,16.0
0.827348,True,5,5,0.0
0.84588945,True,2,2,6.0
0.9910471,True,0,0,8.0
0.9742174,True,6,6,-6.0
0.995038,True,5,5,0.0
0.74314183,True,0,0,-6.0
0.49613917,False,3,0,-6.0
0.72179055,False,9,3,-6.0
0.9926886,True,3,3,8.0
0.9905822,True,3,3,14.0
0.98940897,True,7,7,0.0
0.6455307,False,10,1,6.0
0.9568965,True,2,2,16.0
0.99113876,True,6,6,12.0
0.9918372,True,0,0,16.0
0.991521,True,6,6,6.0
0.53889036,False,10,1,-2.0
0.9605149,True,2,2,18.0
0.99230725,True,9,9,8.0
0.9584386,True,3,3,-2.0
0.991008,True,5,5,0.0
0.3997083,False,4,9,-6.0
0.9927448,True,6,6,16.0
0.9908065,True,8,8,4.0
0.99290633,True,0,0,16.0
0.77072185,True,9,9,-2.0
0.9898565,True,4,4,4.0
0.67452615,True,1,1,4.0
0.5816861,False,9,0,-6.0
0.58110356,False,10,1,16.0
0.9916366,True,8,8,4.0
0.9307014,True,2,2,4.0
0.9504235,True,2,2,-6.0
0.9924402,True,0,0,14.0
0.991122,True,0,0,4.0
0.94741964,True,2,2,6.0
0.9910869,True,0,0,2.0
0.99179196,True,9,9,18.0
0.9911971,True,8,8,12.0
0.99322826,True,6,6,6.0
0.5879241,True,1,1,2.0
0.99405885,True,3,3,4.0
0.9910821,True,4,4,2.0
0.60607076,False,9,0,-4.0
0.991679,True,8,8,8.0
0.9837711,True,9,9,-2.0
0.9910948,True,3,3,18.0
0.99134254,True,4,4,-2.0
0.9909915,True,3,3,12.0
0.9905895,True,7,7,12.0
0.99150336,True,3,3,6.0
0.5865374,True,1,1,-4.0
0.99236345,True,8,8,16.0
0.9640012,True,7,7,-2.0
0.94403267,True,2,2,18.0
0.9929132,True,0,0,12.0
0.58041835,True,1,1,0.0
0.9924461,True,7,7,18.0
0.98117757,True,6,6,-6.0
0.6196959,True,0,0,-6.0
0.9919899,True,7,7,2.0
0.8329931,True,0,0,2.0
0.9835766,False,3,6,-2.0
0.9912567,True,0,0,16.0
0.9885584,True,7,7,-6.0
0.97273105,True,6,6,0.0
0.9917337,True,0,0,10.0
0.98924047,True,7,7,6.0
0.9687177,True,2,2,2.0
0.99264574,True,3,3,0.0
0.99045396,True,9,9,6.0
0.99020773,True,4,4,10.0
0.99100655,True,8,8,18.0
0.9921589,True,6,6,12.0
0.99440986,True,4,4,-2.0
0.9521168,True,2,2,0.0
0.93424994,True,2,2,10.0
0.96225166,True,0,0,-2.0
0.95213896,True,2,2,12.0
0.9916535,True,6,6,16.0
0.99213237,True,9,9,4.0
0.84467256,True,10,10,-6.0
0.99186385,True,0,0,4.0
0.55882204,False,10,1,8.0
0.64607054,True,1,1,16.0
0.991683,True,5,5,6.0
0.99067175,True,8,8,18.0
0.99147356,True,3,3,6.0
0.99360985,True,8,8,18.0
0.87659985,True,2,2,12.0
0.55446285,False,10,1,12.0
0.56807995,True,1,1,16.0
0.606061,False,10,1,6.0
0.9939526,True,6,6,-2.0
0.97829777,True,7,7,-4.0
0.9925672,True,8,8,0.0
0.9887229,True,0,0,2.0
0.9405469,True,3,3,-4.0
0.61061186,True,0,0,-4.0
0.5697761,False,10,1,4.0
0.5681152,True,1,1,14.0
0.7504262,False,9,5,-6.0
0.9502548,True,2,2,10.0
0.95554096,True,2,2,6.0
0.49501622,False,9,0,-4.0
0.99111044,True,8,8,14.0
0.9926883,True,5,5,6.0
0.99079293,True,9,9,8.0
0.7724497,False,0,2,-6.0
0.62855893,True,1,1,10.0
0.99349976,True,4,4,16.0
0.990624,True,8,8,6.0
0.6500789,False,8,7,-6.0
0.8048609,False,5,2,-6.0
0.5611523,True,1,1,8.0
0.5956979,False,0,7,0.0
0.99009573,True,0,0,4.0
0.686204,True,1,1,14.0
0.98668635,True,8,8,8.0
0.9925137,True,9,9,6.0
0.9925438,True,4,4,14.0
0.9912514,True,7,7,14.0
0.99224913,True,9,9,6.0
0.9918321,True,4,4,8.0
0.99177015,True,9,9,16.0
0.9927452,True,3,3,18.0
0.50632703,False,5,1,-6.0
0.6143128,True,1,1,0.0
0.9270713,False,9,0,0.0
0.6288308,True,1,1,6.0
0.9952668,True,4,4,-2.0
0.6115818,True,1,1,14.0
0.99018735,True,4,4,12.0
0.9238506,True,2,2,-6.0
0.992309,True,8,8,14.0
0.9904957,True,4,4,10.0
0.99316686,True,5,5,6.0
0.7756022,False,8,7,8.0
0.7477998,True,1,1,16.0
0.99120295,True,6,6,16.0
0.97667795,True,8,8,-2.0
0.88580734,True,2,2,16.0
0.9916168,True,3,3,8.0
0.9864183,True,5,5,2.0
0.60624486,False,10,1,0.0
0.5848755,False,10,1,-4.0
0.5749686,True,1,1,16.0
0.9881842,True,5,5,0.0
0.99183613,True,4,4,18.0
0.6824683,True,1,1,6.0
0.99112755,True,4,4,14.0
0.99091935,True,8,8,4.0
0.9911574,True,9,9,10.0
0.79254174,False,1,10,-6.0
0.8422045,False,0,9,2.0
0.9918515,True,6,6,0.0
0.9890534,True,3,3,2.0
0.9919676,True,9,9,16.0
0.66083354,False,10,1,-6.0
0.98697656,True,7,7,-6.0
0.9920018,True,5,5,10.0
0.99416524,True,8,8,-2.0
0.7372261,True,0,0,-2.0
0.99141055,True,3,3,10.0
0.9924581,True,6,6,4.0
0.9554577,True,6,6,-6.0
0.9924009,True,9,9,14.0
0.98805946,True,7,7,2.0
0.9914971,True,6,6,6.0
0.98874426,True,10,10,12.0
0.9952449,True,10,10,6.0
0.9827838,True,6,6,-4.0
0.92680824,True,2,2,-6.0
0.9494158,True,2,2,12.0
0.9924637,True,8,8,4.0
0.9910172,True,3,3,10.0
0.9906453,True,5,5,8.0
0.73319316,True,1,1,14.0
0.98641694,True,7,7,6.0
0.9910477,True,8,8,10.0
0.58432543,False,10,1,0.0
0.99133086,True,6,6,12.0
0.99152195,True,8,8,14.0
0.93199134,True,2,2,0.0
0.60075676,True,1,1,4.0
0.9910182,True,7,7,18.0
0.99306434,True,9,9,18.0
0.990166,True,5,5,4.0
0.9904289,True,4,4,12.0
0.9928646,True,5,5,10.0
0.9903673,True,4,4,10.0
0.992315,True,5,5,12.0
0.99166673,True,9,9,10.0
0.65816796,False,3,6,-4.0
0.97254497,True,7,7,-4.0
0.9893718,True,8,8,8.0
0.9901361,True,6,6,-4.0
0.9934285,True,4,4,0.0
0.9663738,True,2,2,14.0
0.9913837,True,0,0,4.0
0.45840776,False,9,0,-2.0
0.991467,True,4,4,8.0
0.9871041,True,5,5,-2.0
0.9919418,True,9,9,14.0
0.9925581,True,6,6,-6.0
0.47692657,False,6,3,-6.0
0.5782797,False,10,1,4.0
0.5530506,True,1,1,-2.0
0.9887271,True,7,7,-4.0
0.9911329,True,9,9,0.0
0.9928691,True,5,5,12.0
0.9906001,True,3,3,12.0
0.98779094,False,3,6,-4.0
0.9908937,True,6,6,-2.0
0.94484365,True,2,2,-4.0
0.5842152,True,1,1,-4.0
0.69285905,True,1,1,-4.0
0.9910238,True,0,0,14.0
0.9906188,True,6,6,8.0
0.90931803,False,0,4,-4.0
0.80704916,False,7,0,-6.0
0.9922619,True,5,5,6.0
0.99413246,True,10,10,14.0
0.99003613,True,8,8,6.0
0.9246012,True,2,2,12.0
0.99013513,True,7,7,16.0
0.5472199,False,10,1,-2.0
0.9914226,True,6,6,16.0
0.991915,True,6,6,4.0
0.94423425,True,6,6,-6.0
0.9905268,True,0,0,6.0
0.99266183,True,6,6,18.0
0.99129254,True,6,6,16.0
0.9870437,True,7,7,12.0
0.9888122,True,5,5,6.0
0.58952415,True,7,7,-2.0
0.99158514,True,6,6,18.0
0.99109274,True,3,3,14.0
0.70595133,True,1,1,14.0
0.9916142,True,6,6,-2.0
0.99455833,True,3,3,4.0
0.99084455,True,3,3,8.0
0.6278839,True,1,1,18.0
0.99365944,True,9,9,18.0
0.9934395,True,9,9,2.0
0.99103206,True,9,9,10.0
0.98258924,True,7,7,-4.0
0.9899766,True,3,3,12.0
0.99442095,True,5,5,14.0
0.99062985,True,3,3,18.0
0.58639854,True,1,1,16.0
0.99192095,True,4,4,12.0
0.9822464,True,7,7,8.0
0.8286758,False,8,7,-6.0
0.9869278,True,7,7,14.0
0.9563833,True,2,2,8.0
0.9903612,True,3,3,-4.0
0.99411255,True,8,8,-2.0
0.9930339,True,9,9,8.0
0.98946184,True,8,8,-2.0
0.99326456,True,4,4,10.0
0.9894516,True,8,8,-4.0
0.9920026,True,6,6,0.0
0.40212414,True,4,4,-6.0
0.99462515,True,5,5,18.0
0.5780652,False,10,1,4.0
0.9931206,True,9,9,12.0
0.9923725,True,6,6,14.0
0.99139726,True,8,8,12.0
0.8939792,False,7,8,-4.0
0.40954444,True,8,8,6.0
0.95640117,True,3,3,-6.0
0.9904039,True,4,4,4.0
0.5758093,True,1,1,2.0
0.9916339,True,6,6,8.0
0.5593514,True,1,1,4.0
0.9904021,True,0,0,18.0
0.99137646,True,4,4,2.0
0.37369314,False,5,1,-6.0
0.8264037,False,7,8,-2.0
0.99379784,True,4,4,16.0
0.98963493,True,3,3,8.0
0.37587586,False,9,0,-6.0
0.99439275,True,3,3,2.0
0.99291295,True,6,6,-2.0
0.5965965,False,10,1,-2.0
0.9905494,True,3,3,8.0
0.93993175,True,2,2,-2.0
0.992117,True,4,4,6.0
0.99436426,True,5,5,12.0
0.57597685,False,0,4,-6.0
0.9573155,False,0,9,-2.0
0.99301827,True,5,5,18.0
0.9917311,True,7,7,10.0
0.9475406,True,2,2,18.0
0.6069445,True,1,1,6.0
0.9920563,True,9,9,8.0
0.623543,True,1,1,-2.0
0.9266683,True,3,3,-4.0
0.9925487,True,9,9,18.0
0.93443626,True,2,2,10.0
0.9900046,True,8,8,-6.0
0.99165666,True,0,0,6.0
0.8251084,False,8,7,-6.0
0.99376374,True,8,8,0.0
0.9596912,True,2,2,2.0
0.98528373,True,5,5,0.0
0.85344523,True,2,2,16.0
0.9897663,True,0,0,14.0
0.9927914,True,0,0,2.0
0.9922551,True,8,8,0.0
0.9902441,True,7,7,2.0
0.8006235,True,7,7,6.0
0.57831484,False,10,1,2.0
0.5697125,False,10,1,14.0
0.52068156,True,0,0,-4.0
0.9863193,False,8,7,6.0
0.9938415,True,6,6,6.0
0.98943603,True,8,8,8.0
0.5779009,True,1,1,2.0
0.69762945,True,1,1,8.0
0.99344134,True,3,3,4.0
0.9884963,True,4,4,14.0
0.9892669,True,0,0,2.0
0.35100776,True,0,0,-6.0
0.99133813,True,9,9,10.0
0.9902256,True,6,6,14.0
0.99151343,True,7,7,16.0
0.99368227,True,6,6,18.0
0.95725465,True,2,2,-4.0
0.99305576,True,8,8,2.0
0.84974,True,2,2,2.0
0.99256915,True,5,5,2.0
0.9917618,True,6,6,2.0
0.9894484,True,3,3,0.0
0.9932633,True,5,5,16.0
0.56808347,False,10,1,-6.0
0.9911692,True,0,0,14.0
0.9904462,True,9,9,4.0
0.7380654,True,1,1,12.0
0.9911299,True,7,7,16.0
0.57315505,True,1,1,12.0
0.9531904,False,0,2,-6.0
0.69669867,False,10,1,6.0
0.5785987,True,3,3,-6.0
0.564164,True,1,1,18.0
0.95019484,False,5,2,-6.0
0.61583304,False,10,1,-4.0
0.9902019,True,7,7,8.0
0.9871127,True,7,7,14.0
0.99325705,True,9,9,14.0
0.9925667,True,8,8,-4.0
0.98934144,True,7,7,4.0
0.9841934,True,5,5,-4.0
0.96269065,True,5,5,-6.0
0.58002526,False,10,1,6.0
0.6231615,True,1,1,10.0
0.9916168,True,3,3,4.0
0.989292,True,7,7,-2.0
0.95800513,True,2,2,-4.0
0.99282783,True,4,4,10.0
0.76212144,False,0,9,-4.0
0.98811895,True,4,4,-4.0
0.9912689,True,3,3,10.0
0.9918222,True,5,5,10.0
0.950479,True,2,2,14.0
0.44424862,False,9,0,-6.0
0.99265516,True,8,8,8.0
0.94363207,False,8,7,4.0
0.9896702,True,3,3,16.0
0.9915897,True,6,6,4.0
0.59419566,True,1,1,10.0
0.4941218,False,4,9,-4.0
0.95153165,True,0,0,0.0
0.6453732,True,1,1,-2.0
0.99263644,True,9,9,10.0
0.9929438,True,0,0,6.0
0.99220335,True,0,0,16.0
0.9886646,True,4,4,2.0
0.7247633,True,1,1,12.0
0.49864957,True,10,10,2.0
0.9501749,True,2,2,0.0
0.36264607,False,1,10,-6.0
0.9903206,True,4,4,8.0
0.95493376,True,2,2,8.0
0.9920854,True,6,6,2.0
0.99139297,True,4,4,10.0
0.9890942,True,5,5,0.0
0.9915531,True,0,0,6.0
0.5151609,True,3,3,-6.0
0.99232846,True,3,3,10.0
0.9874693,True,7,7,-2.0
0.9917739,True,7,7,2.0
0.98949945,True,4,4,12.0
0.67473304,True,1,1,4.0
0.51494235,True,1,1,-4.0
0.99263,True,8,8,6.0
0.9939792,True,3,3,18.0
0.6343794,False,10,1,2.0
0.9902373,True,7,7,16.0
0.9904089,True,9,9,0.0
0.8436695,True,5,5,-2.0
0.99137634,True,0,0,18.0
0.99125403,True,3,3,12.0
0.9911413,True,8,8,16.0
0.99174553,True,6,6,8.0
0.978525,True,2,2,0.0
0.5458103,False,9,4,-6.0
0.77969,False,5,10,-6.0
0.5017264,False,10,1,-6.0
0.57028717,False,10,1,16.0
0.98740745,True,0,0,18.0
0.991202,True,0,0,12.0
0.99263656,True,3,3,6.0
0.666786,True,1,1,8.0
0.8698151,False,8,7,-4.0
0.9919411,True,0,0,14.0
0.99046004,True,4,4,18.0
0.5754706,True,1,1,16.0
0.869172,True,2,2,4.0
0.99253654,True,6,6,14.0
0.99179137,True,5,5,14.0
0.99300086,True,8,8,8.0
0.991642,True,5,5,14.0
0.9883979,True,4,4,2.0
0.990489,True,4,4,8.0
0.9867858,True,0,0,2.0
0.9918332,True,6,6,6.0
0.99150366,True,6,6,8.0
0.9455643,False,9,4,-2.0
0.9897083,True,4,4,16.0
0.9897016,True,7,7,14.0
0.86411333,True,7,7,-4.0
0.9920316,True,4,4,12.0
0.9909105,True,3,3,16.0
0.5740107,True,1,1,10.0
0.9411606,True,2,2,14.0
0.99298865,True,6,6,8.0
0.9915125,True,7,7,4.0
0.99251735,True,0,0,16.0
0.94614077,True,2,2,18.0
0.58108556,True,1,1,2.0
0.99257654,True,6,6,14.0
0.9903257,True,4,4,6.0
0.9927193,True,9,9,12.0
0.99112105,True,4,4,0.0
0.5374027,True,10,10,-2.0
0.9918467,True,3,3,8.0
0.612558,True,1,1,-4.0
0.5166646,True,4,4,-6.0
0.99164337,True,6,6,0.0
0.9692387,True,2,2,14.0
0.84085566,True,1,1,-2.0
0.5372748,True,10,10,-4.0
0.9917854,True,5,5,6.0
0.9218988,True,2,2,-2.0
0.9919193,True,6,6,14.0
0.9908935,True,9,9,10.0
0.88044465,True,6,6,-6.0
0.99378186,True,9,9,0.0
0.9899081,True,7,7,12.0
0.90450585,True,2,2,18.0
0.9927054,True,3,3,2.0
0.4882336,False,10,1,-6.0
0.87568694,True,2,2,14.0
0.9932226,True,8,8,2.0
0.7547881,False,0,9,-2.0
0.99288356,True,5,5,18.0
0.97858846,True,7,7,16.0
0.9162535,True,7,7,-6.0
0.99075174,True,7,7,4.0
0.992455,True,7,7,10.0
0.9906183,True,0,0,14.0
0.942264,False,8,2,0.0
0.99205786,True,5,5,14.0
0.5726632,True,0,0,-4.0
0.9930067,True,5,5,8.0
0.9923247,True,8,8,0.0
0.9926563,True,6,6,0.0
0.98122334,True,8,8,0.0
0.9921997,True,4,4,10.0
0.99154645,True,9,9,2.0
0.99229217,True,7,7,8.0
0.9179863,False,9,0,0.0
0.47591743,True,9,9,-6.0
0.99316204,True,9,9,16.0
0.99027234,True,7,7,0.0
0.9952981,True,3,3,2.0
0.53699553,True,2,2,-4.0
0.9963282,True,10,10,4.0
0.55009395,False,8,7,14.0
0.99122614,True,4,4,16.0
0.9921795,True,3,3,18.0
0.9752681,True,2,2,16.0
0.99157906,True,9,9,12.0
0.995501,True,4,4,-2.0
0.79223156,True,7,7,-4.0
0.99134386,True,6,6,8.0
0.9920636,True,6,6,-2.0
0.99109215,True,0,0,12.0
0.9929183,True,3,3,12.0
0.9530773,True,2,2,18.0
0.99074835,True,3,3,0.0
0.99301684,True,9,9,12.0
0.9913326,True,3,3,8.0
0.9906536,True,3,3,18.0
0.95289767,True,7,7,12.0
0.9896947,True,10,10,12.0
0.99160564,True,6,6,2.0
0.99197465,True,5,5,14.0
0.9914436,True,9,9,8.0
0.60133225,True,1,1,2.0
0.98991257,True,4,4,12.0
0.99058634,True,5,5,2.0
0.9932887,True,9,9,18.0
0.6104176,True,0,0,-2.0
0.62048894,True,1,1,8.0
0.9921806,True,9,9,6.0
0.99134046,True,7,7,4.0
0.8778565,True,2,2,-6.0
0.99043334,False,6,3,-6.0
0.8782496,True,5,5,-4.0
0.9923872,True,0,0,4.0
0.9918385,True,6,6,8.0
0.9938666,True,5,5,2.0
0.9776315,True,8,8,14.0
0.59958535,False,10,1,-2.0
0.73988765,False,9,4,-4.0
0.99117357,True,8,8,14.0
0.9795855,True,6,6,0.0
0.99197805,True,3,3,8.0
0.72895586,True,1,1,18.0
0.99218243,True,3,3,16.0
0.9953219,True,5,5,-2.0
0.9917157,True,0,0,18.0
0.98960364,True,6,6,-4.0
0.99003404,True,5,5,12.0
0.99240017,True,6,6,8.0
0.993236,True,6,6,4.0
0.9921117,True,0,0,10.0
0.9923195,True,3,3,8.0
0.9599737,True,2,2,18.0
0.99082094,True,7,7,4.0
0.99133146,True,0,0,4.0
0.9925443,True,8,8,2.0
0.72770387,False,10,1,6.0
0.86095273,True,2,2,12.0
0.99353033,True,9,9,16.0
0.73265475,False,9,3,-6.0
0.9908133,True,6,6,8.0
0.96826744,True,2,2,-6.0
0.85940874,False,9,0,-4.0
0.99355584,True,10,10,12.0
0.99206126,True,8,8,18.0
0.9922854,True,6,6,6.0
0.6377115,False,4,2,-6.0
0.39114824,False,5,10,-4.0
0.9577905,True,7,7,-6.0
0.58910704,True,1,1,-4.0
0.9745675,False,9,4,-4.0
0.9891187,True,4,4,14.0
0.6227258,False,10,1,8.0
0.90980965,True,1,1,12.0
0.59337956,False,10,1,18.0
0.971782,True,2,2,18.0
0.9915863,True,7,7,16.0
0.49122033,True,0,0,-6.0
0.5582603,True,1,1,2.0
0.99082327,True,7,7,4.0
0.99156535,True,8,8,2.0
0.96966547,True,2,2,0.0
0.99667645,True,5,5,4.0
0.991683,True,8,8,6.0
0.9928201,True,7,7,8.0
0.9085849,True,2,2,-6.0
0.9916372,True,4,4,0.0
0.992458,True,5,5,18.0
0.99042517,True,8,8,14.0
0.6424598,True,1,1,18.0
0.8885501,False,8,2,2.0
0.7687185,True,1,1,12.0
0.99259734,True,5,5,0.0
0.9903582,True,8,8,6.0
0.99209833,True,9,9,8.0
0.9922575,True,3,3,16.0
0.98906285,True,9,9,0.0
0.9910027,True,7,7,4.0
0.96900195,True,2,2,-6.0
0.5331154,False,10,1,2.0
0.9907154,True,6,6,12.0
0.9899143,True,0,0,12.0
0.9931426,True,3,3,4.0
0.99153155,True,4,4,2.0
0.6250567,True,1,1,16.0
0.96900016,True,7,7,-6.0
0.9808457,True,7,7,0.0
0.99172485,True,6,6,14.0
0.9894767,True,0,0,10.0
0.9939553,True,3,3,6.0
0.9923154,True,5,5,6.0
0.990542,True,6,6,-6.0
0.595779,False,10,1,-4.0
0.99210864,True,7,7,12.0
0.95520395,True,2,2,2.0
0.99317425,True,3,3,14.0
0.56768197,False,10,1,18.0
0.6703859,False,10,1,6.0
0.8074877,True,0,0,2.0
0.9891528,True,4,4,8.0
0.65204394,True,1,1,0.0
0.99181795,True,6,6,2.0
0.99034333,True,4,4,4.0
0.9873477,True,10,10,14.0
0.9917393,True,4,4,10.0
0.987483,True,9,9,14.0
0.6346901,True,0,0,-6.0
0.9935939,True,3,3,-2.0
0.96368754,True,3,3,-4.0
0.98671466,True,9,9,6.0
0.94739014,True,2,2,12.0
0.99306715,True,9,9,16.0
0.5960427,True,1,1,2.0
0.9941736,True,8,8,-2.0
0.9234638,True,2,2,2.0
0.9915473,True,3,3,8.0
0.99070424,True,6,6,8.0
0.9901833,True,10,10,12.0
0.9924384,True,0,0,16.0
0.972305,True,2,2,0.0
0.99061745,True,9,9,0.0
0.60121125,False,10,1,4.0
0.6245215,True,1,1,0.0
0.9922901,True,8,8,10.0
0.99043417,True,7,7,12.0
0.57833904,True,1,1,14.0
0.97029793,True,2,2,-4.0
0.93710405,False,9,2,-4.0
0.99202967,True,4,4,4.0
0.9914364,True,9,9,12.0
0.9931075,True,5,5,12.0
0.95149356,True,2,2,6.0
0.9920055,True,8,8,18.0
0.37491783,False,5,0,-6.0
0.99251693,True,6,6,6.0
0.9799615,True,6,6,-6.0
0.9930708,True,8,8,10.0
0.9929617,True,4,4,-2.0
0.49111146,False,0,4,-4.0
0.55209684,True,1,1,0.0
0.99276817,True,8,8,-4.0
0.99143463,True,4,4,6.0
0.7802111,False,1,10,-4.0
0.9932347,True,0,0,6.0
0.97058004,True,2,2,12.0
0.99242884,True,0,0,16.0
0.9916843,True,0,0,18.0
0.95105773,True,2,2,-2.0
0.6058158,True,1,1,4.0
0.47000137,True,9,9,-6.0
0.60505646,True,1,1,-6.0
0.562154,False,10,1,6.0
0.99177694,True,8,8,-2.0
0.99134725,True,8,8,6.0
0.3774647,False,6,8,0.0
0.9915353,True,0,0,16.0
0.9746284,True,0,0,0.0
0.9908574,True,6,6,10.0
0.99183404,True,6,6,-4.0
0.88445246,True,9,9,-2.0
0.991931,True,3,3,4.0
0.9765577,True,10,10,10.0
0.99062246,True,8,8,8.0
0.99264467,True,3,3,10.0
0.9928058,True,9,9,18.0
0.99182785,True,5,5,10.0
0.98910147,True,4,4,10.0
0.5800873,False,10,1,14.0
0.9917847,True,8,8,16.0
0.56614447,True,4,4,-6.0
0.9922305,True,6,6,10.0
0.99184155,True,5,5,2.0
0.56025314,True,1,1,0.0
0.98786247,True,7,7,0.0
0.99283665,True,4,4,4.0
0.985678,True,7,7,12.0
0.9932721,True,5,5,12.0
0.9645603,False,4,2,-6.0
0.9906696,True,4,4,12.0
0.9429034,True,5,5,-2.0
0.99164736,True,0,0,4.0
0.59677404,True,1,1,6.0
0.95228523,True,2,2,8.0
0.99165076,True,0,0,18.0
0.5078429,True,0,0,-4.0
0.6507787,True,9,9,-2.0
0.9896848,True,4,4,4.0
0.99095166,True,7,7,2.0
0.99108654,True,4,4,0.0
0.5731063,False,10,1,12.0
0.99305916,True,8,8,12.0
0.99176097,True,6,6,12.0
0.98824316,True,8,8,-4.0
0.9918333,True,4,4,4.0
0.98913974,True,6,6,0.0
0.9914904,True,3,3,16.0
0.9880491,True,10,10,14.0
0.99081814,True,8,8,6.0
0.56974304,False,10,1,10.0
0.9916033,True,4,4,16.0
0.9893618,True,8,8,2.0
0.5316987,False,10,1,-6.0
0.4584333,False,9,0,-6.0
0.99072254,True,7,7,16.0
0.66914093,True,1,1,-2.0
0.9898421,True,0,0,8.0
0.9910274,True,3,3,16.0
0.99208075,True,4,4,-2.0
0.9921583,True,0,0,14.0
0.9916614,True,6,6,12.0
0.6785581,True,1,1,2.0
0.9912339,True,8,8,10.0
0.91890365,True,8,8,16.0
0.58636147,True,1,1,6.0
0.6181925,False,3,2,-6.0
0.9438477,True,2,2,10.0
0.64341897,True,10,10,4.0
0.90196574,True,2,2,6.0
0.5645081,False,10,1,18.0
0.9898839,True,5,5,-4.0
0.98951995,True,7,7,4.0
0.9905155,True,9,9,4.0
0.9881362,True,9,9,-2.0
0.57446235,True,1,1,10.0
0.99181753,True,3,3,16.0
0.61107856,False,10,1,-6.0
0.991544,True,3,3,0.0
0.6466023,False,1,10,-6.0
0.990774,True,7,7,14.0
0.9950446,True,10,10,8.0
0.60238224,False,10,1,8.0
0.9917418,True,6,6,6.0
0.98947096,True,8,8,-6.0
0.9913515,True,6,6,0.0
0.9550422,True,7,7,18.0
0.5811151,False,1,10,-4.0
0.9902,True,5,5,12.0
0.98989046,True,8,8,18.0
0.7157209,False,10,1,8.0
0.9957287,True,5,5,0.0
0.4923974,True,7,7,0.0
0.9900983,True,7,7,16.0
0.9945464,True,3,3,6.0
0.9921898,True,3,3,8.0
0.8676548,True,10,10,12.0
0.48126784,False,9,0,-4.0
0.98916966,True,7,7,12.0
0.565523,False,10,1,10.0
0.5692281,True,1,1,-2.0
0.9094166,True,2,2,16.0
0.99160415,True,8,8,16.0
0.64141065,False,10,1,-2.0
0.9865329,True,7,7,0.0
0.99288875,True,5,5,2.0
0.99139214,True,4,4,14.0
0.61545914,False,0,9,-2.0
0.9934424,True,9,9,16.0
0.590779,False,10,1,2.0
0.5025627,True,8,8,18.0
0.9950205,True,5,5,14.0
0.5899118,False,10,1,12.0
0.9913685,True,4,4,10.0
0.9401507,True,2,2,0.0
0.9672193,True,5,5,0.0
0.9893387,True,9,9,4.0
0.99403536,True,6,6,10.0
0.5792984,False,10,1,0.0
0.95248383,True,2,2,4.0
0.95447165,True,2,2,-6.0
0.8597583,True,5,5,-4.0
0.9959728,True,5,5,0.0
0.9913886,True,6,6,10.0
0.9923097,True,9,9,10.0
0.86332625,True,2,2,12.0
0.9925976,True,10,10,8.0
0.9925597,True,9,9,10.0
0.99364316,True,8,8,-2.0
0.9929623,True,6,6,14.0
0.99369836,True,9,9,18.0
0.56290513,False,10,1,-4.0
0.9784933,True,6,6,-6.0
0.95883155,True,1,1,16.0
0.9944788,True,4,4,-2.0
0.5814559,False,7,8,-2.0
0.990956,True,3,3,2.0
0.6133381,False,10,1,0.0
0.94928217,True,2,2,4.0
0.9888742,True,6,6,-2.0
0.7243808,False,4,0,-6.0
0.9932601,True,5,5,18.0
0.99118865,True,3,3,8.0
0.94142944,False,8,7,-6.0
0.9913647,True,3,3,10.0
0.6275102,False,10,1,0.0
0.9918401,True,8,8,0.0
0.9911951,True,9,9,4.0
0.55557656,True,1,1,8.0
0.9930207,True,5,5,14.0
0.99211735,True,4,4,12.0
0.9903814,True,5,5,2.0
0.5117042,False,10,1,0.0
0.9923308,True,3,3,6.0
0.9908923,True,4,4,0.0
0.9952857,True,6,6,-4.0
0.99113923,True,4,4,10.0
0.9938438,True,3,3,-2.0
0.9516276,True,0,0,0.0
0.99146324,True,0,0,2.0
0.9892698,True,3,3,16.0
0.9913623,True,4,4,16.0
0.9922323,True,4,4,0.0
0.99037814,True,3,3,12.0
0.9900446,True,9,9,4.0
0.9912549,True,4,4,8.0
0.45010343,False,0,9,-6.0
0.9893478,True,5,5,14.0
0.99248177,True,8,8,10.0
0.99279505,True,8,8,0.0
0.6539026,True,5,5,-4.0
0.9913599,True,5,5,14.0
0.9913258,True,3,3,18.0
0.90978056,True,5,5,-4.0
0.9922019,True,6,6,8.0
0.9917278,True,0,0,12.0
0.5093978,False,7,0,8.0
0.9910943,True,6,6,14.0
0.9936539,True,9,9,14.0
0.73711354,True,10,10,2.0
0.99131376,True,9,9,6.0
0.77239454,False,9,0,-4.0
0.9383038,True,2,2,12.0
0.7990276,True,1,1,14.0
0.48868373,False,1,10,-6.0
0.52740735,True,1,1,-4.0
0.9915353,True,4,4,8.0
0.99327916,True,5,5,16.0
0.8394328,True,7,7,-4.0
0.991106,True,4,4,10.0
0.9302951,True,5,5,-4.0
0.9910061,True,0,0,18.0
0.99161667,True,3,3,4.0
0.6199757,False,10,1,-2.0
0.99173146,True,4,4,0.0
0.9927416,True,9,9,12.0
0.33092844,False,1,10,-6.0
0.9928288,True,3,3,6.0
0.99056596,True,3,3,10.0
0.9916899,True,8,8,14.0
0.402418,False,4,0,-6.0
0.99231625,True,6,6,16.0
0.95798147,True,2,2,14.0
0.29731858,True,0,0,-6.0
0.93775463,True,9,9,-2.0
0.5357103,True,2,2,8.0
0.9911184,True,0,0,8.0
0.6430738,False,10,1,-4.0
0.99195963,True,0,0,14.0
0.51619136,False,1,10,0.0
0.9536996,True,2,2,14.0
0.991524,True,3,3,2.0
0.99195683,True,6,6,14.0
0.99011153,True,8,8,16.0
0.7808756,False,4,5,-6.0
0.9577881,True,1,1,16.0
0.9920947,True,3,3,12.0
0.9926885,True,3,3,6.0
0.98978174,True,3,3,-4.0
0.98928636,True,5,5,6.0
0.99086577,True,8,8,12.0
0.9936765,True,5,5,8.0
0.9914675,True,6,6,8.0
0.6848852,True,10,10,-4.0
0.4691724,True,0,0,-4.0
0.96061015,True,8,8,14.0
0.99467355,True,5,5,6.0
0.9924183,True,7,7,6.0
0.9933236,True,8,8,14.0
0.9901832,True,8,8,2.0
0.99090225,True,7,7,16.0
0.8059454,True,7,7,-6.0
0.9939579,True,3,3,-2.0
0.9876084,True,4,4,6.0
0.97716504,True,2,2,0.0
0.9227956,True,7,7,-2.0
0.9914364,True,3,3,12.0
0.4624138,False,3,4,-6.0
0.9898074,True,0,0,0.0
0.9946773,True,4,4,-2.0
0.9157872,True,2,2,18.0
0.99324083,True,8,8,18.0
0.9907239,True,7,7,12.0
0.99034953,True,4,4,12.0
0.9128552,True,5,5,2.0
0.57169235,True,1,1,18.0
0.61653274,False,10,1,10.0
0.99259114,True,9,9,2.0
0.99174833,True,0,0,14.0
0.99260396,True,9,9,6.0
0.9642055,True,7,7,-2.0
0.9901129,True,9,9,4.0
0.99139905,True,6,6,10.0
0.57948995,False,0,9,-4.0
0.5538228,False,10,1,8.0
0.99233055,True,6,6,4.0
0.9900872,True,7,7,2.0
0.5804085,False,10,1,12.0
0.9917966,True,4,4,16.0
0.991736,True,8,8,4.0
0.99157363,True,5,5,6.0
0.67120224,False,10,1,-6.0
0.5632172,True,1,1,-2.0
0.5392621,False,9,4,-6.0
0.98514116,True,10,10,4.0
0.99304503,True,4,4,0.0
0.99266547,True,5,5,10.0
0.9618604,True,2,2,-4.0
0.99142796,True,4,4,6.0
0.9900662,True,0,0,18.0
0.99187404,True,8,8,2.0
0.992585,True,4,4,2.0
0.9910047,True,3,3,18.0
0.9247902,True,2,2,0.0
0.9580939,True,2,2,8.0
0.99366635,True,0,0,8.0
0.98244125,True,7,7,0.0
0.576157,True,1,1,14.0
0.9459196,True,5,5,-2.0
0.96186674,True,6,6,-4.0
0.99403536,True,5,5,8.0
0.6806131,True,1,1,0.0
0.6681988,True,1,1,-2.0
0.99264526,True,4,4,4.0
0.9545402,True,2,2,12.0
0.9519869,True,2,2,8.0
0.6028225,True,1,1,8.0
0.92905945,True,6,6,-6.0
0.97796464,True,6,6,-6.0
0.52586585,False,1,10,-2.0
0.99128306,True,6,6,0.0
0.99166065,True,5,5,18.0
0.9958055,True,5,5,-2.0
0.9918173,True,9,9,14.0
0.56116307,False,10,1,10.0
0.9923153,True,4,4,18.0
0.9912452,True,8,8,18.0
0.99145436,True,6,6,18.0
0.9922065,True,9,9,0.0
0.65166146,True,2,2,0.0
0.9885697,True,8,8,-6.0
0.78038836,False,2,3,16.0
0.6408356,True,10,10,-6.0
0.9908283,True,9,9,6.0
0.98994875,True,4,4,18.0
0.9278478,True,0,0,-2.0
0.63737506,True,1,1,-4.0
0.99032074,True,7,7,2.0
0.9911608,True,7,7,6.0
0.5484554,True,1,1,8.0
0.5663425,True,1,1,10.0
0.61974573,True,1,1,2.0
0.98985577,True,9,9,18.0
0.9906803,True,3,3,0.0
0.56229275,False,10,1,2.0
0.9904908,True,0,0,4.0
0.99410903,True,5,5,6.0
0.9905772,True,8,8,12.0
0.9927689,True,5,5,14.0
0.99092746,True,4,4,0.0
0.9929045,True,4,4,4.0
0.9916431,True,6,6,-2.0
0.940327,True,2,2,0.0
0.9266141,True,10,10,2.0
0.779033,True,7,7,0.0
0.6499469,True,1,1,-4.0
0.7122574,True,1,1,14.0
0.99255836,True,6,6,18.0
0.9929628,True,8,8,0.0
0.9944395,True,5,5,18.0
0.69303006,True,1,1,6.0
0.9893338,True,3,3,0.0
0.99207336,True,6,6,-2.0
0.58411115,True,1,1,4.0
0.97321725,True,9,9,-2.0
0.9927704,True,8,8,-4.0
0.8976906,True,2,2,2.0
0.99212754,True,9,9,18.0
0.98804945,True,0,0,0.0
0.9927256,True,8,8,18.0
0.99341327,True,5,5,18.0
0.9915336,True,3,3,6.0
0.99228716,True,8,8,0.0
0.5504476,True,1,1,-4.0
0.9810666,True,5,5,6.0
0.933872,True,9,9,-2.0
0.9918733,True,0,0,14.0
0.61936134,False,5,4,-6.0
0.9919423,True,5,5,8.0
0.3190299,True,0,0,-6.0
0.9917304,True,6,6,-4.0
0.9947584,True,5,5,8.0
0.9905297,True,5,5,-6.0
0.9920803,True,5,5,8.0
0.9929321,True,8,8,12.0
0.992806,True,5,5,10.0
0.99159133,True,6,6,10.0
0.9881394,True,7,7,0.0
0.9905253,True,4,4,2.0
0.58959615,True,1,1,2.0
0.9922879,True,7,7,12.0
0.97047687,True,4,4,-6.0
0.99169827,True,9,9,14.0
0.992735,True,4,4,2.0
0.9721853,True,2,2,8.0
0.9158345,False,9,2,-6.0
0.88430786,True,1,1,18.0
0.9920803,True,8,8,14.0
0.6172628,True,1,1,8.0
0.99440753,True,3,3,-2.0
0.9926247,True,9,9,14.0
0.99105597,True,3,3,10.0
0.37950134,True,2,2,12.0
0.9915896,True,8,8,2.0
0.9931543,True,3,3,14.0
0.9886042,True,4,4,0.0
0.9918184,True,0,0,10.0
0.9919451,True,7,7,10.0
0.99026686,True,5,5,-2.0
0.54041445,True,9,9,-6.0
0.9932272,True,5,5,18.0
0.992814,True,9,9,16.0
0.9910711,True,0,0,8.0
0.99249095,True,6,6,0.0
0.99215454,True,3,3,10.0
0.9922036,True,5,5,2.0
0.73843586,True,1,1,12.0
0.92762333,True,2,2,-2.0
0.9934273,True,8,8,12.0
0.98498523,True,7,7,2.0
0.98893213,True,4,4,12.0
0.95812154,False,9,2,-6.0
0.93545,False,8,7,-6.0
0.99074507,True,0,0,12.0
0.9899278,True,10,10,16.0
0.72454613,True,1,1,18.0
0.9873695,True,9,9,0.0
0.99078053,True,3,3,10.0
0.9918292,True,0,0,18.0
0.99336123,True,9,9,12.0
0.9299491,True,5,5,2.0
0.99134254,True,9,9,16.0
0.9906313,True,6,6,12.0
0.9894085,True,7,7,12.0
0.9896135,True,3,3,-4.0
0.9903645,True,10,10,18.0
0.98871,True,4,4,18.0
0.99061006,True,3,3,18.0
0.93086743,True,3,3,-2.0
0.98316306,True,8,8,-2.0
0.9911021,True,0,0,14.0
0.99296546,True,3,3,0.0
0.99156827,True,3,3,8.0
0.9904294,True,3,3,16.0
0.95142406,True,2,2,6.0
0.99126524,True,4,4,6.0
0.9174042,True,2,2,4.0
0.37627292,False,3,0,-6.0
0.9633698,True,2,2,14.0
0.93705183,True,0,0,8.0
0.9937097,True,6,6,2.0
0.9842057,True,3,3,-2.0
0.9222375,True,2,2,-2.0
0.97826344,True,7,7,16.0
0.35656416,False,9,5,-6.0
0.9828058,True,4,4,-2.0
0.9932508,True,8,8,2.0
0.91994727,True,7,7,-2.0
0.99239963,True,4,4,0.0
0.7342213,True,1,1,12.0
0.9940118,True,5,5,18.0
0.9941566,True,5,5,6.0
0.6094168,True,1,1,-4.0
0.9895644,True,4,4,6.0
0.9906951,True,3,3,-2.0
0.99321496,True,8,8,6.0
0.7721364,True,2,2,4.0
0.9922461,True,3,3,10.0
0.40478575,False,5,4,-6.0
0.55201876,True,10,10,0.0
0.96587,True,2,2,12.0
0.9914893,True,6,6,14.0
0.9924837,True,8,8,10.0
0.43362305,True,4,4,-6.0
0.9950852,True,5,5,6.0
0.99129444,True,7,7,18.0
0.9923854,True,10,10,12.0
0.93657655,True,2,2,12.0
0.9820363,True,7,7,16.0
0.7262933,True,1,1,12.0
0.99044937,True,5,5,14.0
0.98898774,True,0,0,6.0
0.41163522,False,0,9,-6.0
0.60604924,True,1,1,4.0
0.4809206,False,5,10,-4.0
0.9530904,True,6,6,-6.0
0.55652285,True,1,1,8.0
0.9337329,True,2,2,-2.0
0.99254483,True,9,9,2.0
0.9876046,True,3,3,10.0
0.990721,True,5,5,6.0
0.9872016,True,10,10,0.0
0.71308297,True,10,10,10.0
0.5839633,False,10,1,-2.0
0.9888708,True,8,8,10.0
0.94282466,True,2,2,14.0
0.65924984,True,8,8,0.0
0.98926115,True,0,0,2.0
0.99164295,True,8,8,2.0
0.65841806,False,3,0,-6.0
0.9884216,True,5,5,6.0
0.9919739,True,6,6,10.0
0.9336913,True,2,2,12.0
0.6290085,True,1,1,8.0
0.97006637,True,5,5,4.0
0.5501597,True,1,1,8.0
0.6233486,False,10,1,-2.0
0.99220747,True,5,5,16.0
0.57663405,False,10,1,14.0
0.51473576,False,9,4,-6.0
0.9899339,True,7,7,2.0
0.99292517,True,3,3,4.0
0.95148647,False,0,2,0.0
0.9628146,True,1,1,16.0
0.99409544,True,4,4,0.0
0.5691858,True,1,1,4.0
0.9542875,True,2,2,12.0
0.6178612,False,10,1,2.0
0.9345707,False,6,2,4.0
0.9926933,True,9,9,14.0
0.99140036,True,0,0,2.0
0.9941058,True,5,5,14.0
0.6890916,True,1,1,4.0
0.66925645,True,1,1,8.0
0.992281,True,5,5,6.0
0.99105376,True,7,7,12.0
0.9902201,True,5,5,10.0
0.7825567,False,10,5,-4.0
0.97167903,True,7,7,14.0
0.9913237,True,6,6,12.0
0.911374,True,7,7,-4.0
0.99176276,True,3,3,0.0
0.90678525,True,2,2,16.0
0.5571704,False,10,1,8.0
0.93182075,True,7,7,16.0
0.9917436,True,6,6,8.0
0.6471747,True,0,0,-4.0
0.9917048,True,8,8,4.0
0.9912683,True,4,4,8.0
0.9890849,True,7,7,18.0
0.58349484,False,10,1,18.0
0.9922741,True,5,5,0.0
0.99038386,True,6,6,10.0
0.9899809,True,7,7,18.0
0.51922727,True,8,8,-6.0
0.99159217,True,3,3,6.0
0.9941802,True,8,8,-2.0
0.9932243,True,8,8,14.0
0.9916853,True,0,0,12.0
0.9930351,True,3,3,2.0
0.61651,True,0,0,0.0
0.7984498,False,3,5,-6.0
0.9897413,True,3,3,2.0
0.99345845,True,0,0,10.0
0.991454,True,8,8,-6.0
0.99362636,True,6,6,-4.0
0.59553105,False,10,1,16.0
0.35052752,False,3,0,-6.0
0.98494565,True,10,10,16.0
0.99301213,True,6,6,-2.0
0.94982195,True,2,2,-4.0
0.9859896,True,3,3,-4.0
0.80547,False,9,4,-4.0
0.50557226,True,10,10,-4.0
0.9795101,True,5,5,8.0
0.9904546,True,6,6,6.0
0.9915867,True,5,5,14.0
0.65809107,True,1,1,-2.0
0.957679,True,2,2,-2.0
0.931065,True,2,2,-4.0
0.94868505,True,2,2,8.0
0.99200696,True,6,6,18.0
0.7166551,True,1,1,8.0
0.99092615,True,3,3,14.0
0.9894527,True,8,8,10.0
0.9471119,True,0,0,-2.0
0.98959714,True,0,0,10.0
0.9875144,True,4,4,-4.0
0.9901631,True,3,3,14.0
0.9532874,True,2,2,4.0
0.9922879,True,3,3,6.0
0.99201995,True,9,9,0.0
0.99232715,True,6,6,-2.0
0.5575468,True,1,1,-4.0
0.9892456,True,7,7,18.0
0.99176425,True,5,5,14.0
0.43840253,False,9,0,-6.0
0.66539454,False,10,1,-2.0
0.99216074,True,10,10,14.0
0.99170685,True,6,6,10.0
0.9909237,True,4,4,18.0
0.9914961,True,5,5,6.0
0.9919579,True,8,8,10.0
0.9902554,True,0,0,2.0
0.9930306,True,7,7,10.0
0.99396634,True,9,9,2.0
0.94226825,True,7,7,-2.0
0.99223137,True,8,8,0.0
0.51452565,False,6,0,-6.0
0.99221367,True,6,6,10.0
0.9916814,True,6,6,0.0
0.9921232,True,9,9,16.0
0.88785326,True,9,9,-2.0
0.9912794,True,9,9,2.0
0.9943263,True,9,9,14.0
0.43384632,False,0,9,-6.0
0.9926912,True,3,3,18.0
0.95970863,True,9,9,-2.0
0.99218374,True,8,8,14.0
0.5778648,False,10,1,8.0
0.8181254,True,8,8,4.0
0.99291116,True,3,3,8.0
0.9927031,True,4,4,8.0
0.99157846,True,8,8,16.0
0.977038,True,7,7,-2.0
0.529807,False,0,2,-6.0
0.99145156,True,3,3,6.0
0.6004484,True,1,1,8.0
0.99020493,True,4,4,14.0
0.5805204,True,1,1,16.0
0.9904604,True,3,3,12.0
0.98760366,True,8,8,-6.0
0.99264824,True,4,4,8.0
0.9750406,True,7,7,6.0
0.96989125,True,5,5,-4.0
0.99271035,True,10,10,16.0
0.99050844,True,3,3,4.0
0.9912855,True,6,6,12.0
0.59677005,False,10,1,0.0
0.9905876,True,0,0,10.0
0.57960737,True,1,1,0.0
0.910707,True,2,2,-4.0
0.9926484,True,5,5,8.0
0.992523,True,0,0,18.0
0.9200204,True,2,2,16.0
0.9912521,True,0,0,6.0
0.56071514,False,10,1,14.0
0.99158245,True,4,4,4.0
0.7420915,True,10,10,-4.0
0.99284405,True,6,6,0.0
0.988865,True,7,7,8.0
0.7060265,False,9,0,-6.0
0.9881357,True,7,7,10.0
0.99184656,True,9,9,12.0
0.9946109,True,5,5,10.0
0.75394297,True,1,1,16.0
0.9339398,True,2,2,14.0
0.9871502,True,7,7,16.0
0.97598994,True,4,4,-6.0
0.97465014,True,5,5,0.0
0.990846,True,7,7,8.0
0.9926645,True,10,10,8.0
0.99309796,True,8,8,0.0
0.94998956,True,5,5,-4.0
0.9599939,True,2,2,-6.0
0.99167573,True,9,9,6.0
0.6055802,True,1,1,8.0
0.9923862,True,6,6,0.0
0.9901664,True,3,3,18.0
0.9890703,True,8,8,6.0
0.57147807,True,1,1,10.0
0.9794732,True,7,7,0.0
0.9500393,True,2,2,14.0
0.99262816,True,6,6,-2.0
0.97118396,True,2,2,12.0
0.9094769,True,10,10,-4.0
0.9838044,True,7,7,-4.0
0.9929357,True,4,4,12.0
0.994686,True,3,3,2.0
0.9919625,True,9,9,14.0
0.9425484,True,2,2,18.0
0.9604898,False,6,2,6.0
0.99117905,True,9,9,2.0
0.9871753,True,4,4,-2.0
0.9667522,True,10,10,0.0
0.9935587,True,8,8,-2.0
0.9911176,True,0,0,8.0
0.6397732,True,0,0,-4.0
0.9927545,True,0,0,6.0
0.5576497,False,10,1,6.0
0.99147487,True,7,7,4.0
0.99011874,True,7,7,14.0
0.99390715,True,4,4,-2.0
0.62439793,True,7,7,0.0
0.9911918,True,8,8,6.0
0.99405235,True,6,6,-6.0
0.9917613,True,0,0,10.0
0.98838323,True,4,4,14.0
0.60586035,True,1,1,-2.0
0.6378504,True,1,1,2.0
0.60906595,True,1,1,16.0
0.99213,True,4,4,16.0
0.9916679,True,8,8,4.0
0.99116045,True,3,3,18.0
0.91317767,True,7,7,0.0
0.9475223,True,1,1,18.0
0.99180216,True,9,9,18.0
0.9949485,True,4,4,-4.0
0.99145633,True,4,4,10.0
0.9926031,True,0,0,12.0
0.9898089,True,3,3,4.0
0.6710132,True,1,1,12.0
0.9922348,True,6,6,16.0
0.9346905,True,2,2,14.0
0.991176,True,6,6,12.0
0.9922707,True,5,5,16.0
0.9910451,True,6,6,16.0
0.9822901,True,5,5,4.0
0.9908862,True,4,4,14.0
0.9943751,True,3,3,2.0
0.99248487,True,6,6,16.0
0.99290764,True,5,5,14.0
0.99237084,True,6,6,2.0
0.99267673,True,8,8,0.0
0.957977,True,2,2,8.0
0.97594315,True,8,8,18.0
0.9907252,True,0,0,8.0
0.54763645,True,1,1,-6.0
0.9913489,True,9,9,0.0
0.9907708,True,5,5,-2.0
0.9902964,True,7,7,18.0
0.99075806,True,4,4,10.0
0.693858,True,9,9,-4.0
0.99375606,True,5,5,6.0
0.95092505,True,2,2,8.0
0.94073737,True,2,2,14.0
0.9931391,True,9,9,12.0
0.61252236,False,10,1,4.0
0.99458873,True,5,5,12.0
0.99227506,True,0,0,18.0
0.5965451,True,1,1,4.0
0.99022293,True,0,0,4.0
0.9301282,True,2,2,4.0
0.9929529,True,6,6,2.0
0.9523262,True,9,9,18.0
0.64830935,False,10,1,6.0
0.99145496,True,6,6,14.0
0.46908182,False,3,9,-6.0
0.9918541,True,8,8,6.0
0.9908981,True,8,8,8.0
0.58342296,False,10,1,6.0
0.5978991,True,1,1,6.0
0.6183947,True,1,1,16.0
0.9602775,True,2,2,10.0
0.9933252,True,4,4,-2.0
0.8243463,True,10,10,0.0
0.9911691,True,9,9,16.0
0.9906743,True,7,7,16.0
0.98921865,True,4,4,14.0
0.99160224,True,6,6,18.0
0.9903358,True,4,4,2.0
0.985078,True,5,5,4.0
0.96252,True,8,8,-4.0
0.731664,False,8,7,-2.0
0.9914517,True,7,7,0.0
0.5478468,False,10,1,4.0
0.9921455,True,6,6,-2.0
0.9908297,True,8,8,14.0
0.9911101,True,6,6,18.0
0.99391866,True,9,9,12.0
0.9932073,True,5,5,12.0
0.99229175,True,9,9,10.0
0.99410975,True,3,3,16.0
0.9905003,True,8,8,14.0
0.9926131,True,6,6,14.0
0.9917977,True,4,4,8.0
0.99212873,True,6,6,8.0
0.9909691,True,7,7,0.0
0.9932742,True,8,8,-6.0
0.69707084,True,1,1,10.0
0.6439072,False,10,1,8.0
0.9904704,True,3,3,8.0
0.99108607,True,6,6,8.0
0.7692906,True,10,10,10.0
0.54609436,True,1,1,8.0
0.5253816,False,9,0,-6.0
0.9926006,True,10,10,0.0
0.9932579,True,6,6,-4.0
0.9932777,True,5,5,16.0
0.99073035,True,6,6,6.0
0.38722026,False,0,4,-6.0
0.99304175,True,6,6,8.0
0.9912909,True,3,3,18.0
0.56825894,True,1,1,16.0
0.9916986,True,0,0,4.0
0.9910171,True,3,3,0.0
0.9952306,True,5,5,4.0
0.9918848,True,4,4,4.0
0.99135923,True,0,0,12.0
0.99264246,True,0,0,6.0
0.9892112,True,8,8,8.0
0.99378633,True,4,4,4.0
0.82850754,True,7,7,-2.0
0.98949105,True,3,3,8.0
0.5802108,False,10,1,14.0
0.9842731,True,6,6,-4.0
0.5393135,True,0,0,-6.0
0.99168384,True,3,3,12.0
0.9899312,True,4,4,14.0
0.9957552,True,5,5,2.0
0.98349035,True,7,7,8.0
0.9919703,True,7,7,8.0
0.3354042,True,8,8,4.0
0.99275583,True,3,3,18.0
0.99125415,True,7,7,2.0
0.6796185,True,1,1,14.0
0.99171585,True,3,3,8.0
0.5886064,True,1,1,-4.0
0.4186867,False,7,0,-6.0
0.8952161,False,0,2,-6.0
0.95570034,True,2,2,8.0
0.99116826,True,4,4,10.0
0.9343519,True,2,2,14.0
0.9911145,True,3,3,4.0
0.9929095,True,4,4,2.0
0.9924493,True,9,9,8.0
0.9884334,True,4,4,18.0
0.9908093,True,4,4,10.0
0.5739142,False,1,10,-6.0
0.99102247,True,3,3,14.0
0.99289715,True,5,5,12.0
0.9910329,True,7,7,12.0
0.98819435,True,4,4,12.0
0.9918343,True,6,6,14.0
0.92895174,True,5,5,-6.0
0.9904469,True,10,10,10.0
0.992423,True,6,6,16.0
0.9858936,True,7,7,4.0
0.91333705,False,9,3,-6.0
0.96612865,True,7,7,0.0
0.58489114,False,10,1,16.0
0.99072295,True,4,4,2.0
0.9916534,True,4,4,6.0
0.98917806,True,5,5,4.0
0.74586916,True,3,3,-6.0
0.9919635,True,10,10,14.0
0.623726,True,1,1,2.0
0.89363444,True,2,2,12.0
0.99187523,True,0,0,6.0
0.8112941,False,10,5,-4.0
0.5911235,True,10,10,0.0
0.99274,True,9,9,18.0
0.9603271,True,2,2,4.0
0.66903126,False,8,6,12.0
0.9899114,True,7,7,0.0
0.59568566,True,1,1,6.0
0.98963904,True,4,4,4.0
0.9929779,True,0,0,18.0
0.7065828,True,9,9,-4.0
0.991105,True,0,0,2.0
0.9919796,True,9,9,10.0
0.9385716,True,2,2,10.0
0.99235314,True,9,9,16.0
0.99185187,True,4,4,2.0
0.9922376,True,5,5,18.0
0.9902332,True,7,7,6.0
0.99142843,True,0,0,6.0
0.9924555,True,3,3,4.0
0.9910807,True,10,10,12.0
0.38974878,False,9,4,-6.0
0.9358749,True,2,2,16.0
0.9209981,True,2,2,0.0
0.9916543,True,4,4,10.0
0.73344594,True,1,1,16.0
0.774916,True,9,9,-2.0
0.9907856,True,8,8,10.0
0.990672,True,3,3,16.0
0.99184775,True,6,6,12.0
0.46484023,True,4,4,-2.0
0.9911903,True,7,7,4.0
0.7225491,True,1,1,14.0
0.99176604,True,3,3,6.0
0.7127993,True,1,1,6.0
0.84538436,True,4,4,-6.0
0.99091864,True,4,4,16.0
0.99264526,True,4,4,0.0
0.65432525,True,1,1,-6.0
0.72002536,False,10,1,10.0
0.9945912,True,5,5,-2.0
0.9919368,True,0,0,8.0
0.9925175,True,6,6,18.0
0.5710311,False,10,1,8.0
0.9905978,True,8,8,10.0
0.9925632,True,9,9,8.0
0.9917595,True,4,4,12.0
0.9767403,True,5,5,0.0
0.731708,True,9,9,-2.0
0.9912243,True,6,6,18.0
0.96091247,True,2,2,-6.0
0.6418182,False,10,1,12.0
0.9928895,True,8,8,16.0
0.9913942,True,6,6,6.0
0.995605,True,5,5,10.0
0.99138826,True,0,0,18.0
0.6083768,True,5,5,-6.0
0.99185634,True,8,8,6.0
0.96288997,True,1,1,16.0
0.9684921,True,2,2,-6.0
0.59917176,True,1,1,6.0
0.99210644,True,3,3,4.0
0.65091944,False,10,1,0.0
0.9940817,True,5,5,4.0
0.9925844,True,9,9,2.0
0.9901354,True,7,7,10.0
0.99137855,True,9,9,0.0
0.731666,False,7,8,-2.0
0.99219525,True,5,5,6.0
0.990943,True,5,5,16.0
0.9914989,True,9,9,12.0
0.9538567,True,7,7,-4.0
0.9917956,True,3,3,6.0
0.9881989,True,0,0,8.0
0.9911232,True,3,3,0.0
0.9916483,True,6,6,16.0
0.49553308,True,10,10,-4.0
0.99323034,True,6,6,4.0
0.9919316,True,8,8,0.0
0.5960835,False,10,1,-4.0
0.5674633,False,10,1,12.0
0.6476063,True,1,1,18.0
0.9795045,False,8,7,-6.0
0.45205173,True,2,2,-2.0
0.99134773,True,4,4,12.0
0.98339003,True,7,7,4.0
0.9897552,True,0,0,6.0
0.99178445,True,9,9,16.0
0.6336892,True,1,1,8.0
0.99053276,True,5,5,14.0
0.97263247,True,2,2,14.0
0.96037304,True,0,0,0.0
0.6475232,True,1,1,12.0
0.4212769,False,9,0,-6.0
0.9580886,False,7,0,-4.0
0.9933397,True,3,3,4.0
0.99188447,True,8,8,10.0
0.35654783,False,4,3,-6.0
0.9910581,True,6,6,18.0
0.99345905,True,5,5,6.0
0.99391526,True,5,5,12.0
0.994066,True,4,4,0.0
0.98915976,True,7,7,16.0
0.98554754,True,10,10,14.0
0.98911345,True,7,7,10.0
0.88263613,False,0,9,-2.0
0.9904627,True,3,3,12.0
0.9964719,True,5,5,18.0
0.9919973,True,8,8,18.0
0.9922065,True,6,6,12.0
0.94939214,True,2,2,8.0
0.9926807,True,8,8,14.0
0.909733,False,8,7,-6.0
0.988897,True,7,7,8.0
0.99256414,True,9,9,10.0
0.9908126,True,3,3,8.0
0.98955894,True,7,7,0.0
0.9917645,True,8,8,10.0
0.9927771,True,6,6,0.0
0.99305,True,6,6,14.0
0.5874195,False,2,4,6.0
0.56655455,False,10,1,10.0
0.56964886,True,1,1,18.0
0.99135673,True,8,8,16.0
0.95649886,True,2,2,12.0
0.9919143,True,8,8,18.0
0.98966765,True,7,7,18.0
0.9536866,True,8,8,-4.0
0.9927112,True,8,8,8.0
0.9926449,True,6,6,14.0
0.9923046,True,9,9,8.0
0.5477975,False,10,1,-2.0
0.99351585,True,8,8,-2.0
0.5985262,True,9,9,-4.0
0.9514625,True,3,3,-4.0
0.9932094,True,5,5,16.0
0.99159336,True,6,6,12.0
0.7445023,True,1,1,14.0
0.96519506,True,2,2,6.0
0.9490593,True,2,2,10.0
0.9531672,True,5,5,-2.0
0.5937408,False,10,1,10.0
0.6575507,True,3,3,-6.0
0.66648144,True,1,1,-2.0
0.99287885,True,8,8,4.0
0.5427887,True,5,5,-6.0
0.9916189,True,8,8,10.0
0.99322176,True,9,9,0.0
0.4630892,False,9,4,-4.0
0.5091164,True,2,2,2.0
0.9916933,True,3,3,14.0
0.9920887,True,7,7,12.0
0.9919516,True,8,8,12.0
0.99051124,True,3,3,18.0
0.9903605,True,3,3,6.0
0.903098,True,2,2,8.0
0.98754835,True,7,7,-2.0
0.98639685,True,7,7,-4.0
0.9924402,True,0,0,16.0
0.9909492,True,5,5,6.0
0.9906516,True,4,4,18.0
0.9921599,True,8,8,2.0
0.49971056,False,3,9,-6.0
0.5891755,True,9,9,-6.0
0.9928976,True,0,0,12.0
0.9912719,True,6,6,4.0
0.99366343,True,5,5,18.0
0.99004704,True,3,3,16.0
0.5630885,False,10,1,10.0
0.99049217,True,9,9,10.0
0.5547825,False,10,1,10.0
0.9925384,True,8,8,18.0
0.7448352,True,1,1,14.0
0.65079045,True,1,1,10.0
0.9894503,True,10,10,16.0
0.56930983,True,1,1,0.0
0.9668819,True,2,2,16.0
0.9184226,True,2,2,12.0
0.9919017,True,8,8,0.0
0.8488732,True,0,0,-2.0
0.99181014,True,0,0,4.0
0.9889635,True,9,9,4.0
0.9886662,True,7,7,18.0
0.53262794,False,10,1,-6.0
0.9923861,True,5,5,0.0
0.993436,True,8,8,-4.0
0.97038686,True,2,2,-6.0
0.98918414,True,3,3,14.0
0.99083966,True,5,5,12.0
0.9915229,True,9,9,8.0
0.98937327,True,8,8,8.0
0.98916024,True,8,8,6.0
0.99339205,True,4,4,-2.0
0.5755705,False,10,1,0.0
0.99242496,True,8,8,-2.0
0.99334997,True,6,6,-4.0
0.99108773,True,4,4,10.0
0.9917007,True,0,0,2.0
0.9933996,True,5,5,18.0
0.99135005,True,3,3,-2.0
0.9935592,True,3,3,6.0
0.99022394,True,4,4,6.0
0.9924114,True,9,9,14.0
0.9918716,True,8,8,6.0
0.82164055,True,0,0,-2.0
0.9917024,True,5,5,12.0
0.99232507,True,0,0,6.0
0.99271303,True,4,4,2.0
0.993543,True,3,3,4.0
0.9837856,True,5,5,16.0
0.9912212,True,6,6,16.0
0.48159423,False,0,9,-6.0
0.9913469,True,0,0,6.0
0.5746842,False,10,1,18.0
0.9537098,True,2,2,10.0
0.9291964,True,2,2,16.0
0.9907789,True,7,7,8.0
0.34796542,True,0,0,-6.0
0.7136924,False,0,3,-4.0
0.9351652,True,2,2,10.0
0.54788387,False,10,1,10.0
0.62424266,True,1,1,4.0
0.8845765,True,2,2,-6.0
0.9939505,True,5,5,10.0
0.8160531,True,6,6,-6.0
0.99321073,True,5,5,18.0
0.9907418,True,0,0,2.0
0.9900441,True,5,5,-2.0
0.9911012,True,8,8,4.0
0.9940446,True,3,3,18.0
0.99175304,True,8,8,18.0
0.9913083,True,0,0,4.0
0.9167121,True,7,7,-2.0
0.9898577,True,5,5,0.0
0.9928705,True,6,6,14.0
0.489183,False,3,9,-6.0
0.52729064,True,1,1,4.0
0.9917115,True,3,3,18.0
0.9923024,True,10,10,12.0
0.994466,True,3,3,6.0
0.9915802,True,0,0,8.0
0.5833332,True,1,1,2.0
0.94334114,True,2,2,0.0
0.5584135,True,1,1,10.0
0.9922402,True,3,3,10.0
0.990666,True,5,5,12.0
0.9914737,True,6,6,12.0
0.9906681,True,3,3,16.0
0.99119264,True,4,4,0.0
0.99292564,True,5,5,14.0
0.99043345,True,8,8,10.0
0.9920183,True,6,6,16.0
0.990892,True,0,0,6.0
0.99187523,True,7,7,16.0
0.99289167,True,9,9,8.0
0.71970105,True,1,1,12.0
0.89105356,True,5,5,-4.0
0.99275315,True,9,9,18.0
0.99303,True,5,5,-2.0
0.9442967,True,2,2,4.0
0.9927738,True,5,5,4.0
0.9912554,True,9,9,2.0
0.97218645,True,7,7,0.0
0.99306726,True,5,5,2.0
0.99248224,True,8,8,18.0
0.95728904,True,3,3,-6.0
0.9653804,True,2,2,16.0
0.9875573,True,7,7,-6.0
0.9910884,True,3,3,14.0
0.5683111,True,1,1,-2.0
0.99229807,True,3,3,0.0
0.55092937,True,1,1,8.0
0.99028975,True,4,4,8.0
0.99082875,True,7,7,6.0
0.94158965,True,2,2,8.0
0.98944783,True,3,3,18.0
0.98841196,True,7,7,10.0
0.9005334,False,6,2,16.0
0.9904502,True,3,3,10.0
0.93606436,True,2,2,0.0
0.9894693,True,3,3,-2.0
0.9626398,True,7,7,4.0
0.5286883,True,1,1,-6.0
0.9890548,True,10,10,16.0
0.9912088,True,4,4,0.0
0.99251795,True,0,0,2.0
0.98789316,True,5,5,4.0
0.9932286,True,8,8,16.0
0.98922426,True,0,0,6.0
0.92649907,True,7,7,-4.0
0.9277615,True,2,2,8.0
0.9911596,True,4,4,18.0
0.9928404,True,3,3,0.0
0.9950197,True,3,3,0.0
0.9902412,True,4,4,2.0
0.9576736,True,2,2,0.0
0.9925142,True,8,8,10.0
0.99169886,True,8,8,6.0
0.5654865,True,1,1,16.0
0.99027425,True,0,0,10.0
0.98994726,True,7,7,18.0
0.99505335,True,10,10,2.0
0.9898872,True,4,4,6.0
0.99057263,True,9,9,6.0
0.91939783,True,7,7,-4.0
0.94476074,True,2,2,10.0
0.5738805,False,10,1,16.0
0.9953622,True,3,3,-2.0
0.9911731,True,9,9,6.0
0.9938583,True,8,8,0.0
0.9923499,True,6,6,14.0
0.6174098,True,1,1,8.0
0.9823713,True,7,7,2.0
0.9909809,True,4,4,14.0
0.65434706,False,4,2,-6.0
0.9391085,True,2,2,-4.0
0.9913122,True,4,4,18.0
0.9955481,True,5,5,16.0
0.99100554,True,0,0,12.0
0.9913639,True,6,6,18.0
0.5843612,True,1,1,0.0
0.62974304,False,10,1,16.0
0.9953656,True,5,5,4.0
0.9924576,True,0,0,4.0
0.69101155,True,1,1,-2.0
0.9404365,True,2,2,14.0
0.9786652,True,5,5,2.0
0.9921336,True,9,9,16.0
0.99231404,True,6,6,0.0
0.51229924,False,10,1,0.0
0.6866518,True,1,1,10.0
0.9913263,True,6,6,14.0
0.9924229,True,5,5,18.0
0.9937967,True,5,5,8.0
0.9920832,True,4,4,-2.0
0.7452024,True,9,9,-2.0
0.99218965,True,9,9,2.0
0.9942011,True,8,8,0.0
0.6246279,True,1,1,0.0
0.879327,True,2,2,12.0
0.99038565,True,6,6,10.0
0.9937359,True,6,6,10.0
0.992916,True,0,0,6.0
0.49832207,True,3,3,-2.0
0.98868513,True,7,7,14.0
0.56283116,True,1,1,6.0
0.9930335,True,8,8,-2.0
0.58217,True,1,1,-2.0
0.61419797,True,1,1,-2.0
0.94631493,True,2,2,16.0
0.98921853,True,4,4,8.0
0.99211264,True,3,3,2.0
0.9184557,True,3,3,-4.0
0.9839716,True,4,4,0.0
0.9249514,True,2,2,-4.0
0.9911083,True,6,6,4.0
0.99205846,True,3,3,10.0
0.9916197,True,4,4,2.0
0.9931664,True,5,5,18.0
0.58534557,True,0,0,-2.0
0.801488,True,2,2,8.0
0.98943174,True,0,0,2.0
0.93889165,True,2,2,18.0
0.99256927,True,5,5,10.0
0.9925437,True,9,9,16.0
0.9761052,True,7,7,-6.0
0.99236757,True,10,10,12.0
0.9929311,True,8,8,-2.0
0.9368343,True,7,7,-4.0
0.7507759,True,1,1,6.0
0.9861065,True,6,6,12.0
0.56976366,True,1,1,16.0
0.99032825,True,0,0,16.0
0.9907494,True,3,3,12.0
0.95049876,True,2,2,0.0
0.81074035,True,4,4,-6.0
0.99430907,True,9,9,18.0
0.65527755,False,10,1,-6.0
0.9928382,True,9,9,14.0
0.9892537,True,4,4,16.0
0.9885748,True,5,5,0.0
0.9629854,True,9,9,-2.0
0.9923154,True,6,6,4.0
0.86816365,True,2,2,6.0
0.40168232,False,4,0,-6.0
0.973194,True,3,3,-4.0
0.9514648,True,2,2,0.0
0.990803,True,0,0,6.0
0.9870816,True,0,0,14.0
0.59737545,False,10,1,4.0
0.99017125,True,4,4,-2.0
0.9061872,False,9,2,-6.0
0.99248534,True,8,8,10.0
0.98944235,True,8,8,4.0
0.4367197,False,3,0,-6.0
0.9938811,True,9,9,18.0
0.98602015,True,0,0,10.0
0.9916163,True,8,8,16.0
0.9917663,True,9,9,14.0
0.9919206,True,3,3,14.0
0.9920919,True,9,9,14.0
0.54832387,False,10,1,6.0
0.99193573,True,6,6,4.0
0.9525991,True,2,2,6.0
0.76724124,True,5,5,-6.0
0.9922472,True,5,5,8.0
0.99328,True,10,10,16.0
0.989773,True,4,4,0.0
0.58471924,False,10,1,14.0
0.97826195,True,0,0,-2.0
0.99544036,True,4,4,-2.0
0.56543857,True,1,1,18.0
0.9003667,True,5,5,4.0
0.98749906,True,0,0,4.0
0.98801476,True,3,3,0.0
0.992466,True,5,5,12.0
0.9902586,True,7,7,14.0
0.9908793,True,7,7,18.0
0.66990566,False,10,1,6.0
0.969452,True,7,7,2.0
0.74795145,True,7,7,16.0
0.94606555,True,7,7,-2.0
0.9913822,True,4,4,-2.0
0.516101,False,0,4,-4.0
0.83172154,False,10,5,0.0
0.9916652,True,7,7,-2.0
0.9890485,True,7,7,14.0
0.9928039,True,5,5,12.0
0.9925499,True,6,6,0.0
0.99109685,True,3,3,12.0
0.41347238,True,0,0,-4.0
0.9916089,True,5,5,10.0
0.9916524,True,7,7,12.0
0.52372324,True,1,1,2.0
0.98830366,True,5,5,16.0
0.6183585,True,0,0,-4.0
0.99237204,True,0,0,16.0
0.98743325,True,6,6,-6.0
0.9921842,True,3,3,14.0
0.99008816,True,4,4,16.0
0.56835717,False,10,1,18.0
0.9805165,True,5,5,-6.0
0.691914,False,10,1,8.0
0.9258503,True,2,2,-2.0
0.9903842,True,7,7,8.0
0.9912034,True,4,4,18.0
0.9891099,True,3,3,12.0
0.88297594,True,8,8,16.0
0.94958055,True,2,2,-6.0
0.9925109,True,7,7,12.0
0.56479007,True,1,1,12.0
0.56079483,False,10,1,12.0
0.9497027,False,4,2,-6.0
0.99263483,True,6,6,14.0
0.9908257,True,0,0,4.0
0.99095297,True,3,3,18.0
0.98943883,True,4,4,6.0
0.99337053,True,6,6,-2.0
0.60502195,True,1,1,-4.0
0.99025995,True,0,0,12.0
0.49813375,False,10,1,-6.0
0.5496958,True,1,1,8.0
0.9837118,True,4,4,-4.0
0.990274,True,3,3,14.0
0.99452245,True,5,5,10.0
0.99258935,True,8,8,-4.0
0.9910507,True,8,8,16.0
0.6460254,True,1,1,16.0
0.6268822,True,1,1,4.0
0.9873953,True,3,3,2.0
0.9955876,True,10,10,10.0
0.9912252,True,4,4,0.0
0.9164905,False,3,2,14.0
0.98956114,True,0,0,12.0
0.9925908,True,0,0,4.0
0.5810365,True,1,1,-2.0
0.99251586,True,6,6,12.0
0.9915508,True,4,4,0.0
0.5754288,True,1,1,14.0
0.9941194,True,3,3,12.0
0.9910948,True,4,4,0.0
0.99284995,True,6,6,12.0
0.50661135,False,9,0,-4.0
0.50710654,True,1,1,0.0
0.9902734,True,0,0,6.0
0.7014448,True,1,1,10.0
0.99242276,True,9,9,8.0
0.9925383,True,5,5,4.0
0.99119437,True,8,8,6.0
0.6471388,True,8,8,-6.0
0.98105055,True,7,7,10.0
0.99294287,True,5,5,8.0
0.9914437,True,5,5,10.0
0.9830882,True,8,8,6.0
0.6544089,True,1,1,2.0
0.99269605,True,0,0,16.0
0.6246347,True,1,1,16.0
0.99081635,True,8,8,2.0
0.99206275,True,9,9,2.0
0.87608385,True,2,2,8.0
0.6769816,True,1,1,0.0
0.94785064,True,2,2,0.0
0.70313674,False,5,10,-4.0
0.9928149,True,8,8,10.0
0.9905606,True,7,7,18.0
0.99220544,True,5,5,8.0
0.6322302,True,1,1,-6.0
0.99050796,True,5,5,12.0
0.98650926,True,9,9,2.0
0.9915969,True,4,4,0.0
0.6518648,True,1,1,2.0
0.99144614,True,9,9,2.0
0.9912984,True,3,3,18.0
0.5505059,False,10,1,-2.0
0.9922403,True,7,7,8.0
0.9918656,True,9,9,4.0
0.9744684,True,5,5,-2.0
0.9921801,True,6,6,4.0
0.99046916,True,4,4,8.0
0.6307968,False,10,1,0.0
0.918185,True,2,2,-2.0
0.5997882,True,1,1,0.0
0.99297476,True,9,9,12.0
0.9704504,True,3,3,-2.0
0.9893499,True,7,7,4.0
0.99173707,True,8,8,10.0
0.966077,True,2,2,16.0
0.9915548,True,3,3,18.0
0.99222344,True,5,5,12.0
0.99131924,True,6,6,14.0
0.57627213,True,1,1,8.0
0.99131763,True,6,6,2.0
0.9923821,True,0,0,2.0
0.99265105,True,5,5,18.0
0.70168525,False,6,3,-6.0
0.71432185,True,9,9,-4.0
0.9471534,False,9,2,10.0
0.99206936,True,6,6,0.0
0.560905,True,1,1,2.0
0.9920833,True,5,5,10.0
0.98816955,True,4,4,16.0
0.99192154,True,6,6,16.0
0.6395665,True,1,1,8.0
0.9480925,False,7,2,16.0
0.99090904,True,5,5,14.0
0.9929756,True,8,8,16.0
0.99048716,True,7,7,-2.0
0.992328,True,7,7,18.0
0.57493025,True,1,1,14.0
0.57472456,True,1,1,18.0
0.9906978,True,8,8,14.0
0.9921405,True,5,5,-4.0
0.9914272,True,10,10,12.0
0.9896926,True,0,0,6.0
0.9921417,True,9,9,4.0
0.9903992,True,6,6,4.0
0.97279763,True,7,7,4.0
0.6725492,False,10,5,0.0
0.9927806,True,0,0,4.0
0.99362755,True,5,5,12.0
0.532049,False,10,1,-4.0
0.9927048,True,3,3,-2.0
0.9713029,True,8,8,18.0
0.99002296,True,4,4,18.0
0.6572083,False,10,1,-2.0
0.98917913,True,7,7,14.0
0.56718636,False,9,0,-4.0
0.95594513,True,7,7,-6.0
0.99023694,True,4,4,4.0
0.9908167,True,6,6,10.0
0.99416405,True,8,8,-4.0
0.8610058,True,9,9,-4.0
0.99133635,True,3,3,6.0
0.9925196,True,7,7,2.0
0.9910618,True,7,7,4.0
0.9921564,True,6,6,10.0
0.9929462,True,0,0,2.0
0.990252,True,6,6,4.0
0.98927444,True,4,4,6.0
0.9926916,True,3,3,12.0
0.8256408,False,0,2,-6.0
0.9906138,True,8,8,4.0
0.9919624,True,9,9,4.0
0.9677288,True,2,2,4.0
0.63631606,True,1,1,12.0
0.99420905,True,9,9,6.0
0.9934274,True,8,8,-4.0
0.99099296,True,8,8,12.0
0.6879042,False,7,9,-6.0
0.9930721,True,9,9,16.0
0.9915172,True,7,7,18.0
0.9272917,True,2,2,2.0
0.9762915,True,2,2,16.0
0.6515105,True,1,1,-4.0
0.99175406,True,9,9,4.0
0.56333303,False,1,10,0.0
0.9892209,True,7,7,12.0
0.6405924,True,1,1,16.0
0.9918646,True,5,5,16.0
0.9928329,True,5,5,8.0
0.99105984,True,0,0,6.0
0.66919446,True,1,1,4.0
0.99297136,True,4,4,16.0
0.9918344,True,5,5,6.0
0.9926789,True,5,5,16.0
0.99111396,True,10,10,14.0
0.69809645,True,1,1,6.0
0.9912145,True,7,7,0.0
0.9919348,True,4,4,18.0
0.9937184,True,4,4,-2.0
0.9893243,True,3,3,8.0
0.63464105,True,1,1,6.0
0.9914016,True,6,6,14.0
0.9895224,True,4,4,2.0
0.5754485,False,10,1,16.0
0.6678463,False,10,1,8.0
0.9919817,True,10,10,8.0
0.9908326,True,4,4,4.0
0.9903814,True,0,0,0.0
0.58540094,False,1,10,-4.0
0.98709065,True,4,4,-2.0
0.5682006,False,10,1,14.0
0.9911048,True,9,9,12.0
0.9903522,True,7,7,2.0
0.92193913,True,2,2,14.0
0.9902756,True,4,4,12.0
0.9923649,True,6,6,14.0
0.9381476,True,2,2,14.0
0.9865602,True,0,0,16.0
0.6512054,True,10,10,4.0
0.991647,True,4,4,12.0
0.46790507,False,4,5,-4.0
0.65381444,True,10,10,0.0
0.99234253,True,6,6,14.0
0.9927638,True,9,9,14.0
0.986014,True,0,0,2.0
0.9332825,True,2,2,12.0
0.991402,True,9,9,14.0
0.9829874,True,7,7,10.0
0.57922345,True,8,8,-6.0
0.5664245,True,1,1,12.0
0.50631124,True,9,9,-6.0
0.99046457,True,4,4,0.0
0.9917007,True,0,0,16.0
0.99132526,True,3,3,18.0
0.99176675,True,6,6,10.0
0.98335254,True,7,7,-4.0
0.9945345,True,8,8,-4.0
0.84674126,True,5,5,-2.0
0.5941937,False,10,1,-2.0
0.63898903,True,3,3,0.0
0.9902338,True,4,4,4.0
0.99315745,True,6,6,12.0
0.992444,True,9,9,18.0
0.7288346,True,1,1,14.0
0.9946965,True,10,10,8.0
0.874129,True,10,10,0.0
0.989794,True,7,7,14.0
0.70897144,False,1,10,-4.0
0.9914296,True,0,0,18.0
0.61618364,False,10,1,14.0
0.93811476,True,5,5,-4.0
0.9917528,True,8,8,10.0
0.91446143,True,7,7,-2.0
0.9566288,True,0,0,2.0
0.9907079,True,8,8,10.0
0.9897452,True,4,4,16.0
0.9929178,True,9,9,6.0
0.9951185,True,10,10,16.0
0.9918876,True,6,6,2.0
0.99240994,True,8,8,8.0
0.9865497,True,6,6,-6.0
0.6047833,False,10,1,14.0
0.9910143,True,6,6,0.0
0.99224126,True,9,9,4.0
0.99204105,True,0,0,10.0
0.99225396,True,9,9,12.0
0.98925763,True,4,4,8.0
0.9898056,True,5,5,2.0
0.6201515,True,10,10,-6.0
0.6475315,True,1,1,14.0
0.9919373,True,8,8,12.0
0.99245644,True,9,9,18.0
0.9771467,True,7,7,-4.0
0.9924803,True,8,8,18.0
0.8096902,False,8,7,-2.0
0.99072206,True,3,3,2.0
0.9908992,True,7,7,12.0
0.9911437,True,3,3,18.0
0.57636535,True,1,1,10.0
0.993156,True,6,6,-4.0
0.99126655,True,7,7,2.0
0.57546544,True,9,9,-6.0
0.9927464,True,0,0,2.0
0.92944026,True,2,2,16.0
0.96203,True,7,7,0.0
0.99195826,True,7,7,8.0
0.9923228,True,7,7,2.0
0.99011236,True,0,0,4.0
0.9280869,False,8,2,2.0
0.7037754,True,1,1,12.0
0.9906266,True,7,7,10.0
0.99277335,True,3,3,12.0
0.9920094,True,3,3,2.0
0.9858024,True,8,8,16.0
0.69673574,False,9,3,18.0
0.5060894,True,10,10,-4.0
0.99198943,True,3,3,14.0
0.948629,True,0,0,-2.0
0.99250704,True,6,6,12.0
0.95303106,True,0,0,0.0
0.9889031,True,7,7,8.0
0.9927402,True,9,9,4.0
0.41685167,False,1,10,-6.0
0.99126107,True,3,3,6.0
0.57958823,False,9,0,-6.0
0.95621943,True,2,2,18.0
0.9924959,True,3,3,18.0
0.9912555,True,6,6,4.0
0.8874375,False,0,3,-6.0
0.9934748,True,9,9,14.0
0.9027916,True,5,5,-4.0
0.99012953,True,3,3,6.0
0.9932387,True,5,5,10.0
0.9932372,True,5,5,14.0
0.5804859,True,1,1,8.0
0.98313785,True,0,0,0.0
0.8207262,True,9,9,-2.0
0.99246264,True,0,0,6.0
0.9929287,True,3,3,10.0
0.9924735,True,5,5,0.0
0.82024324,False,0,4,-2.0
0.9920271,True,8,8,10.0
0.99078184,True,6,6,6.0
0.93996954,True,2,2,-2.0
0.98954993,True,5,5,18.0
0.52164704,True,10,10,-4.0
0.66727394,True,1,1,10.0
0.9912077,True,7,7,10.0
0.98996234,True,7,7,14.0
0.9913673,True,5,5,6.0
0.99307066,True,4,4,2.0
0.58904535,False,10,1,0.0
0.9912458,True,0,0,16.0
0.99206287,True,3,3,14.0
0.9951704,True,4,4,-2.0
0.9920323,True,7,7,12.0
0.97047484,True,10,10,4.0
0.99152035,True,9,9,14.0
0.9917923,True,7,7,12.0
0.6501483,True,8,8,4.0
0.98706585,True,9,9,0.0
0.55149734,False,10,1,8.0
0.9911953,True,9,9,6.0
0.9863701,False,8,7,18.0
0.98959607,True,4,4,12.0
0.7217986,False,7,0,-6.0
0.9925585,True,3,3,6.0
0.99365836,True,6,6,2.0
0.991593,True,5,5,14.0
0.9283157,True,7,7,-2.0
0.98864913,True,6,6,-4.0
0.9903272,True,4,4,-2.0
0.99505603,True,3,3,4.0
0.9548168,True,2,2,2.0
0.9660088,True,8,8,4.0
0.37776476,False,3,9,-6.0
0.9932649,True,5,5,12.0
0.992851,True,9,9,16.0
0.9922593,True,3,3,4.0
0.9443249,True,2,2,16.0
0.99255764,True,6,6,4.0
0.5740219,False,10,1,14.0
0.98959655,True,10,10,16.0
0.9598442,True,10,10,8.0
0.94641274,True,2,2,12.0
0.9657963,True,9,9,-2.0
0.9554561,True,2,2,-2.0
0.9913249,True,8,8,8.0
0.91935545,True,2,2,-2.0
0.8813582,True,1,1,18.0
0.99059826,True,7,7,4.0
0.81921697,False,5,2,-6.0
0.99082094,True,6,6,6.0
0.9926444,True,8,8,-4.0
0.99226224,True,6,6,0.0
0.99128085,True,3,3,10.0
0.98841906,True,7,7,16.0
0.94346714,True,2,2,-2.0
0.9926756,True,7,7,16.0
0.6642728,True,1,1,-2.0
0.95639604,True,9,9,-2.0
0.99232954,True,6,6,4.0
0.561799,True,1,1,2.0
0.98957974,True,3,3,16.0
0.98998207,True,4,4,12.0
0.6245708,True,1,1,4.0
0.980558,True,5,5,-4.0
0.9248924,True,2,2,-6.0
0.9918235,True,5,5,8.0
0.8891428,True,9,9,-2.0
0.99259126,True,8,8,2.0
0.992646,True,3,3,16.0
0.992065,True,3,3,8.0
0.94225776,True,2,2,6.0
0.9670414,True,2,2,-4.0
0.9958651,True,5,5,0.0
0.96160364,True,7,7,-6.0
0.9938958,True,5,5,6.0
0.9899921,True,3,3,6.0
0.9896374,True,0,0,8.0
0.99312675,True,6,6,12.0
0.56986696,False,10,1,10.0
0.93690133,True,2,2,10.0
0.97069216,True,0,0,-2.0
0.9917035,True,4,4,12.0
0.58302236,True,1,1,-6.0
0.9699662,True,2,2,18.0
0.99040145,True,8,8,6.0
0.99045473,True,0,0,6.0
0.9884673,True,5,5,0.0
0.95324767,True,2,2,12.0
0.9796219,True,7,7,-2.0
0.995635,True,5,5,4.0
0.99342644,True,6,6,-4.0
0.99380976,True,8,8,-6.0
0.9899983,True,4,4,18.0
0.9920415,True,9,9,6.0
0.9921353,True,4,4,0.0
0.60918295,True,8,8,12.0
0.992574,True,9,9,8.0
0.9926859,True,4,4,2.0
0.6244255,True,9,9,-4.0
0.9904136,True,8,8,-4.0
0.98652565,True,4,4,-4.0
0.99303377,True,7,7,-6.0
0.9912608,True,4,4,10.0
0.44023314,False,2,4,12.0
0.9931457,True,9,9,12.0
0.69611984,True,1,1,2.0
0.99273235,True,5,5,0.0
0.9207207,True,2,2,4.0
0.9914363,True,8,8,16.0
0.99545044,True,4,4,-4.0
0.9880508,True,7,7,6.0
0.5792789,False,10,1,14.0
0.99233514,True,8,8,0.0
0.58917326,True,1,1,8.0
0.99220675,True,6,6,8.0
0.9891611,True,3,3,18.0
0.9732809,True,0,0,0.0
0.99361515,True,5,5,16.0
0.6712611,True,1,1,-2.0
0.99240124,True,3,3,-2.0
0.992304,True,5,5,12.0
0.9903258,True,4,4,12.0
0.99224913,True,0,0,8.0
0.9065634,True,2,2,-2.0
0.5726629,False,10,1,6.0
0.9781563,True,3,3,-2.0
0.6620325,False,10,1,12.0
0.9905346,True,0,0,2.0
0.98969716,True,4,4,12.0
0.99221534,True,4,4,12.0
0.99340266,True,3,3,-2.0
0.98665047,True,0,0,-2.0
0.98987204,True,3,3,2.0
0.99083906,True,0,0,12.0
0.99223924,True,5,5,4.0
0.964847,True,2,2,-6.0
0.99134725,True,0,0,18.0
0.99258584,True,6,6,18.0
0.9893143,True,0,0,14.0
0.99154294,True,9,9,8.0
0.9515826,False,9,4,-6.0
0.6859981,True,1,1,6.0
0.69790363,True,1,1,6.0
0.64271855,True,1,1,-4.0
0.9566342,True,2,2,10.0
0.9918115,True,7,7,4.0
0.95332307,True,2,2,8.0
0.99480504,True,10,10,4.0
0.99064857,True,6,6,14.0
0.8697654,True,0,0,-2.0
0.892182,True,2,2,6.0
0.9934282,True,6,6,-2.0
0.99213517,True,8,8,-2.0
0.9930299,True,3,3,2.0
0.99017954,True,7,7,12.0
0.99046963,True,0,0,0.0
0.67038345,True,1,1,2.0
0.59610224,True,1,1,12.0
0.5892043,True,1,1,18.0
0.98732984,True,5,5,-6.0
0.99077857,True,3,3,12.0
0.959229,True,9,9,-2.0
0.9912696,True,0,0,4.0
0.99089545,True,7,7,16.0
0.9920494,True,0,0,14.0
0.9922241,True,7,7,16.0
0.9910357,True,0,0,12.0
0.94355047,True,2,2,0.0
0.9912646,True,9,9,6.0
0.63299847,False,10,1,0.0
0.992489,True,6,6,-2.0
0.99351776,True,5,5,10.0
0.44131374,False,0,9,-4.0
0.9922881,True,8,8,-2.0
0.99088085,True,4,4,14.0
0.99147636,True,6,6,6.0
0.9912106,True,0,0,6.0
0.6761837,False,10,1,6.0
0.763644,True,9,9,0.0
0.99085706,True,3,3,8.0
0.9267037,True,2,2,-4.0
0.58681005,True,1,1,4.0
0.99090576,True,4,4,14.0
0.99164784,True,8,8,10.0
0.606608,False,10,1,6.0
0.9855171,True,7,7,4.0
0.9690958,True,2,2,6.0
0.9906098,True,3,3,10.0
0.6885954,True,3,3,-6.0
0.9932139,True,10,10,18.0
0.67555887,True,1,1,2.0
0.9924092,True,9,9,8.0
0.9622581,True,2,2,10.0
0.99385697,True,4,4,2.0
0.9932274,True,0,0,12.0
0.98926216,True,0,0,18.0
0.9859432,True,7,7,-4.0
0.9924183,True,9,9,4.0
0.99016285,True,9,9,6.0
0.70512366,False,7,8,-2.0
0.99244493,True,5,5,16.0
0.5585316,False,10,1,10.0
0.98096645,False,7,6,-6.0
0.8607387,True,7,7,-6.0
0.9924481,True,8,8,8.0
0.9925053,True,0,0,6.0
0.9915202,True,6,6,16.0
0.9908977,True,3,3,14.0
0.99284524,True,9,9,16.0
0.8967968,True,2,2,-4.0
0.5877185,True,7,7,0.0
0.98986965,True,7,7,6.0
0.9913788,True,0,0,8.0
0.94930404,True,2,2,16.0
0.9419849,False,0,4,-4.0
0.99276066,True,9,9,4.0
0.9911799,True,3,3,4.0
0.9929422,True,5,5,10.0
0.9913162,True,7,7,18.0
0.94701105,True,2,2,10.0
0.80972964,True,0,0,-2.0
0.60678566,True,1,1,-6.0
0.9731688,True,2,2,16.0
0.99335563,True,5,5,8.0
0.98529285,True,7,7,14.0
0.99260604,True,7,7,8.0
0.9128393,True,2,2,12.0
0.8473909,False,4,0,-4.0
0.99386275,True,0,0,8.0
0.716084,True,1,1,16.0
0.92774314,True,10,10,0.0
0.9917521,True,0,0,16.0
0.99199694,True,6,6,10.0
0.9497179,True,10,10,12.0
0.80942076,True,9,9,-2.0
0.9911686,True,4,4,-4.0
0.92158717,False,8,7,16.0
0.969666,True,2,2,16.0
0.9915489,True,6,6,-2.0
0.6056257,True,1,1,2.0
0.9918121,True,6,6,18.0
0.9899136,True,7,7,14.0
0.5727277,True,1,1,10.0
0.99214035,True,8,8,18.0
0.9924791,True,0,0,10.0
0.99393046,True,5,5,16.0
0.9902062,True,3,3,16.0
0.92642033,True,4,4,-6.0
0.9907719,True,3,3,16.0
0.55519694,True,1,1,6.0
0.5750479,True,1,1,12.0
0.99125165,True,4,4,2.0
0.9926582,True,0,0,12.0
0.9926286,True,5,5,10.0
0.5546804,False,0,3,-2.0
0.9928819,True,6,6,-4.0
0.9923259,True,6,6,2.0
0.9918492,True,6,6,2.0
0.9919085,True,9,9,6.0
0.9090948,True,8,8,-6.0
0.9916917,True,6,6,6.0
0.9913852,True,0,0,16.0
0.9919085,True,9,9,18.0
0.9907596,True,4,4,8.0
0.992816,True,0,0,8.0
0.99360365,True,5,5,12.0
0.9935182,True,6,6,6.0
0.6700488,False,10,1,6.0
0.99298084,True,0,0,18.0
0.6234648,True,1,1,2.0
0.5902978,False,10,1,-2.0
0.93567157,True,2,2,6.0
0.9731184,True,7,7,-4.0
0.56507635,True,1,1,10.0
0.9887028,True,6,6,0.0
0.96417105,True,2,2,-4.0
0.67788523,True,1,1,0.0
0.8504553,True,8,8,-6.0
0.99405473,True,6,6,-2.0
0.5745671,False,10,1,16.0
0.9935754,True,4,4,4.0
0.9897211,True,7,7,8.0
0.9819194,True,7,7,-6.0
0.99331564,True,5,5,4.0
0.9406625,True,2,2,14.0
0.98895174,True,0,0,4.0
0.97573733,True,5,5,-2.0
0.99258125,True,8,8,12.0
0.7415657,True,1,1,-2.0
0.99011105,True,8,8,18.0
0.9542824,True,2,2,16.0
0.9921341,True,4,4,6.0
0.99299484,True,9,9,6.0
0.9417442,True,2,2,-2.0
0.97493875,True,7,7,16.0
0.9903302,True,8,8,16.0
0.99193406,True,0,0,18.0
0.99251395,True,6,6,-4.0
0.99162114,True,0,0,2.0
0.97652256,True,3,3,-4.0
0.9916332,True,6,6,8.0
0.9907946,True,3,3,18.0
0.9896159,True,4,4,4.0
0.9907437,True,3,3,8.0
0.9914587,True,6,6,18.0
0.9041589,True,5,5,-4.0
0.99367297,True,5,5,12.0
0.99047136,True,5,5,-4.0
0.99156696,True,9,9,0.0
0.9861502,True,10,10,2.0
0.99118185,True,9,9,2.0
0.9750881,True,2,2,2.0
0.9892491,True,7,7,16.0
0.98996454,True,7,7,16.0
0.9942597,True,5,5,8.0
0.9853801,True,7,7,12.0
0.9903045,True,8,8,12.0
0.99247277,True,0,0,10.0
0.9911979,True,0,0,18.0
0.9876338,True,3,3,-2.0
0.655443,True,1,1,12.0
0.9916699,True,8,8,2.0
0.9880172,True,7,7,6.0
0.9925247,True,0,0,12.0
0.9909122,True,0,0,16.0
0.9747926,True,5,5,0.0
0.9919927,True,8,8,6.0
0.97449046,False,7,2,4.0
0.9912498,True,9,9,10.0
0.8689516,True,2,2,14.0
0.9250665,True,2,2,0.0
0.6504007,True,1,1,4.0
0.5580283,False,8,7,-4.0
0.99183464,True,3,3,6.0
0.99344456,True,9,9,14.0
0.65512353,True,1,1,-4.0
0.5711093,True,4,4,-6.0
0.93076384,True,1,1,16.0
0.9941375,True,5,5,6.0
0.9928231,True,6,6,18.0
0.9917789,True,9,9,8.0
0.58249474,True,1,1,6.0
0.9939014,True,5,5,18.0
0.99040866,True,4,4,8.0
0.9923618,True,8,8,8.0
0.55618435,True,1,1,0.0
0.9540398,True,2,2,0.0
0.9923954,True,7,7,18.0
0.6659488,True,1,1,0.0
0.99045604,True,8,8,6.0
0.6583884,False,10,1,-4.0
0.9925614,True,3,3,4.0
0.91549,True,2,2,2.0
0.6213317,True,0,0,-6.0
0.99089324,True,8,8,6.0
0.9923557,True,6,6,10.0
0.992892,True,8,8,4.0
0.99212897,True,6,6,6.0
0.9905884,True,4,4,8.0
0.5688323,True,1,1,18.0
0.9931416,True,9,9,12.0
0.62905544,False,4,5,-6.0
0.99312544,True,7,7,10.0
0.99232423,True,6,6,14.0
0.53885067,True,1,1,-6.0
0.9892998,True,4,4,16.0
0.99204093,True,4,4,2.0
0.9931439,True,8,8,8.0
0.5500862,True,0,0,-2.0
0.98995066,True,3,3,12.0
0.9917105,True,6,6,2.0
0.9913532,True,7,7,16.0
0.5713323,True,1,1,16.0
0.88037056,True,2,2,16.0
0.9908915,True,9,9,0.0
0.9912655,True,7,7,6.0
0.681694,False,10,1,2.0
0.6222554,True,1,1,-4.0
0.9933648,True,9,9,2.0
0.57771564,True,0,0,-2.0
0.9910849,True,10,10,6.0
0.99199754,True,6,6,8.0
0.6233875,True,1,1,14.0
0.99247414,True,4,4,4.0
0.6073836,True,1,1,4.0
0.99303997,True,4,4,8.0
0.5501713,True,1,1,0.0
0.9900677,True,7,7,8.0
0.9931589,True,9,9,12.0
0.9932666,True,0,0,10.0
0.9915767,True,0,0,10.0
0.9766683,True,4,4,-2.0
0.99191874,True,7,7,2.0
0.95984626,True,2,2,8.0
0.99069256,True,8,8,6.0
0.9562776,True,2,2,12.0
0.9904723,True,4,4,12.0
0.9928866,True,0,0,0.0
0.990396,True,3,3,14.0
0.72074485,False,10,1,2.0
0.9468719,True,8,8,-6.0
0.9962088,True,5,5,16.0
0.9909758,True,8,8,2.0
0.949548,True,2,2,10.0
0.5065617,False,8,7,-6.0
0.91462046,False,9,2,8.0
0.99069136,True,10,10,16.0
0.98203236,True,5,5,-2.0
0.9543201,True,0,0,-2.0
0.94160813,True,2,2,2.0
0.9889032,True,8,8,12.0
0.99312735,True,6,6,-2.0
0.9914261,True,10,10,4.0
0.99088573,True,6,6,10.0
0.9942696,True,3,3,6.0
0.9925075,True,0,0,16.0
0.97445995,True,2,2,18.0
0.67266417,True,1,1,2.0
0.9913754,True,3,3,8.0
0.991102,True,0,0,8.0
0.9891284,True,3,3,16.0
0.99319816,True,8,8,16.0
0.9945128,True,5,5,14.0
0.9927107,True,5,5,10.0
0.583214,True,1,1,8.0
0.9933137,True,4,4,2.0
0.57676446,False,2,5,-4.0
0.9911748,True,0,0,8.0
0.9899603,True,8,8,12.0
0.9007964,True,2,2,-2.0
0.9908326,True,6,6,6.0
0.99392724,True,5,5,8.0
0.9270732,True,2,2,16.0
0.991091,True,4,4,-4.0
0.9939107,True,4,4,0.0
0.9897069,True,5,5,8.0
0.86017925,True,2,2,2.0
0.9940579,True,9,9,0.0
0.5837236,True,1,1,16.0
0.9917331,True,6,6,-6.0
0.9898371,True,5,5,8.0
0.9923509,True,8,8,2.0
0.9931357,True,9,9,14.0
0.989393,True,5,5,6.0
0.99238014,True,0,0,16.0
0.24125868,False,9,8,12.0
0.99162066,True,9,9,16.0
0.9902422,True,7,7,10.0
0.9938584,True,10,10,6.0
0.9911903,True,5,5,12.0
0.99074006,True,7,7,12.0
0.995159,True,4,4,-4.0
0.98979855,True,7,7,16.0
0.95401704,True,2,2,16.0
0.98899347,True,4,4,16.0
0.9903284,True,7,7,6.0
0.42698035,False,4,9,-6.0
0.59469825,True,1,1,10.0
0.99229586,True,6,6,2.0
0.9912209,True,0,0,4.0
0.99108183,True,0,0,4.0
0.9924965,True,6,6,16.0
0.99245,True,4,4,6.0
0.9278505,True,2,2,-4.0
0.66874975,True,5,5,0.0
0.985637,True,8,8,0.0
0.9959246,True,5,5,-2.0
0.9907899,True,7,7,18.0
0.5762179,True,1,1,16.0
0.9925271,True,9,9,6.0
0.9931237,True,6,6,18.0
0.5362686,True,1,1,-4.0
0.991531,True,6,6,-6.0
0.48580334,False,5,4,-6.0
0.56441575,True,1,1,18.0
0.98944724,True,10,10,14.0
0.60313183,True,0,0,-4.0
0.98866034,True,8,8,-6.0
0.991366,True,8,8,4.0
0.67107165,False,10,1,-2.0
0.9923183,True,5,5,12.0
0.9456303,True,2,2,10.0
0.99044776,True,7,7,6.0
0.9921714,True,9,9,16.0
0.9153147,False,0,2,4.0
0.80722076,False,9,2,-6.0
0.81575924,True,10,10,18.0
0.9277053,True,2,2,6.0
0.98979086,True,6,6,-4.0
0.99138534,True,9,9,4.0
0.99270153,True,6,6,14.0
0.40643287,False,4,2,-6.0
0.9898538,True,5,5,-4.0
0.9369681,True,2,2,-4.0
0.9946228,True,5,5,-4.0
0.95064366,True,2,2,14.0
0.9909904,True,8,8,14.0
0.9930595,True,8,8,14.0
0.592485,False,10,1,0.0
0.9894164,True,7,7,2.0
0.5132959,False,8,7,12.0
0.9909895,True,4,4,12.0
0.6105204,True,10,10,-2.0
0.9911861,True,7,7,8.0
0.99661106,True,10,10,2.0
0.56746244,False,10,1,18.0
0.9926549,True,0,0,10.0
0.9911096,True,8,8,10.0
0.90746593,True,2,2,18.0
0.95395887,True,2,2,14.0
0.9968208,True,10,10,2.0
0.9908798,True,9,9,0.0
0.6662283,False,10,1,4.0
0.98756266,True,7,7,0.0
0.996594,True,5,5,2.0
0.6226949,True,4,4,-6.0
0.99340373,True,5,5,10.0
0.87830514,True,6,6,-6.0
0.98903733,True,4,4,-2.0
0.59200424,True,4,4,-6.0
0.56867856,False,10,1,18.0
0.9909087,True,9,9,14.0
0.7307976,True,1,1,0.0
0.9757844,False,10,5,-6.0
0.99026066,True,4,4,12.0
0.9910478,True,3,3,14.0
0.9911901,True,9,9,18.0
0.9897753,True,10,10,10.0
0.6221104,False,10,1,14.0
0.9916586,True,9,9,10.0
0.9915644,True,6,6,6.0
0.7933391,True,5,5,-6.0
0.9927879,True,10,10,12.0
0.99442035,True,4,4,-2.0
0.9936227,True,3,3,-6.0
0.94126695,True,2,2,16.0
0.9906596,True,7,7,4.0
0.73052067,True,5,5,0.0
0.5814647,False,10,1,4.0
0.95606476,True,2,2,-6.0
0.99474347,True,3,3,6.0
0.99190044,True,0,0,6.0
0.93902844,True,2,2,2.0
0.4070454,False,0,3,-4.0
0.99125063,True,8,8,6.0
0.98912,True,8,8,2.0
0.9682484,True,2,2,-6.0
0.9132966,True,7,7,6.0
0.99625033,True,5,5,10.0
0.9923955,True,9,9,8.0
0.9911073,True,6,6,8.0
0.9919851,True,9,9,16.0
0.992397,True,6,6,0.0
0.99470335,True,4,4,4.0
0.99454236,True,4,4,-2.0
0.9891678,True,3,3,-2.0
0.8322013,False,9,4,-6.0
0.9900727,True,8,8,10.0
0.5797,False,10,1,10.0
0.77401984,True,1,1,8.0
0.99152464,True,6,6,14.0
0.9911255,True,4,4,8.0
0.99462354,True,10,10,6.0
0.9900531,True,4,4,14.0
0.9947466,True,4,4,-2.0
0.993884,True,8,8,-2.0
0.9021157,True,7,7,-4.0
0.99077576,True,4,4,12.0
0.9910246,True,0,0,18.0
0.9934,True,9,9,18.0
0.9912388,True,4,4,14.0
0.99226964,True,0,0,12.0
0.9900787,True,7,7,18.0
0.9917748,True,9,9,12.0
0.99342006,True,9,9,12.0
0.9921801,True,7,7,18.0
0.34448054,False,3,0,-6.0
0.64243525,False,10,1,4.0
0.9919193,True,0,0,12.0
0.9730181,True,9,9,-2.0
0.5669983,True,1,1,16.0
0.99211544,True,6,6,12.0
0.99021167,True,7,7,18.0
0.99066484,True,10,10,18.0
0.9510949,True,9,9,-4.0
0.9933652,True,5,5,14.0
0.99133086,True,6,6,12.0
0.5959325,False,10,1,12.0
0.8125033,True,4,4,-6.0
0.99004936,True,0,0,-2.0
0.9910081,True,3,3,18.0
0.36949587,True,2,2,0.0
0.8835557,False,9,4,-4.0
0.9918247,True,10,10,0.0
0.8758111,True,5,5,-2.0
0.56752264,False,10,1,6.0
0.6516717,False,10,1,4.0
0.94301945,True,2,2,14.0
0.54921824,False,10,1,8.0
0.9902654,True,4,4,8.0
0.9930549,True,4,4,6.0
0.9898678,True,7,7,0.0
0.97007793,True,8,8,18.0
0.9916397,True,7,7,12.0
0.9910574,True,5,5,-2.0
0.56995445,True,1,1,18.0
0.98633844,True,0,0,6.0
0.9918166,True,4,4,6.0
0.5942319,False,10,1,16.0
0.9917562,True,4,4,2.0
0.6090899,True,1,1,8.0
0.5742015,True,1,1,18.0
0.5491948,True,1,1,10.0
0.8389677,True,2,2,8.0
0.99241054,True,4,4,-2.0
0.95683795,True,2,2,2.0
0.9918407,True,10,10,6.0
0.63612616,True,1,1,2.0
0.9915863,True,6,6,0.0
0.9928599,True,0,0,2.0
0.584807,True,1,1,0.0
0.9924678,True,8,8,12.0
0.9842365,True,8,8,14.0
0.97783196,True,5,5,10.0
0.6761495,True,1,1,4.0
0.63134295,True,1,1,4.0
0.9936069,True,6,6,6.0
0.9919933,True,0,0,8.0
0.9908812,True,4,4,16.0
0.9900765,True,7,7,4.0
0.99265313,True,0,0,16.0
0.96032184,True,5,5,-4.0
0.99183404,True,3,3,4.0
0.9908504,True,8,8,0.0
0.9836705,True,5,5,-4.0
0.9932365,True,10,10,6.0
0.66611636,False,10,1,-6.0
0.9870825,True,7,7,12.0
0.87296075,True,1,1,10.0
0.992626,True,9,9,12.0
0.70478684,False,5,2,-6.0
0.9928652,True,8,8,2.0
0.93409747,True,2,2,-6.0
0.98797333,True,7,7,6.0
0.9883034,True,8,8,-2.0
0.6726539,True,8,8,8.0
0.93406343,True,2,2,6.0
0.99314535,True,8,8,2.0
0.99098855,True,4,4,2.0
0.9760502,True,7,7,2.0
0.9901574,True,4,4,8.0
0.5903546,False,10,1,-2.0
0.99418503,True,5,5,2.0
0.5995424,True,1,1,-4.0
0.96540415,True,2,2,-4.0
0.57851446,False,10,1,8.0
0.7765005,False,9,6,-2.0
0.99149466,True,9,9,8.0
0.6003444,True,1,1,16.0
0.99038833,True,0,0,16.0
0.9958222,True,5,5,-2.0
0.9916928,True,6,6,12.0
0.9569846,True,2,2,2.0
0.99122167,True,6,6,-2.0
0.99092555,True,8,8,10.0
0.99186593,True,8,8,0.0
0.8031706,True,7,7,12.0
0.99240327,True,4,4,14.0
0.9932509,True,0,0,4.0
0.9937675,True,9,9,16.0
0.5895301,True,1,1,6.0
0.66955006,False,10,1,-2.0
0.5870872,True,1,1,-4.0
0.6676548,False,9,0,-6.0
0.99172616,True,9,9,16.0
0.6171404,True,1,1,6.0
0.9541436,False,4,2,-6.0
0.9916204,True,6,6,10.0
0.9918738,True,8,8,16.0
0.9784508,True,3,3,-6.0
0.9902678,True,8,8,0.0
0.90549254,True,2,2,6.0
0.9942398,True,5,5,16.0
0.9928005,True,9,9,10.0
0.9885465,True,7,7,4.0
0.5554288,True,10,10,-6.0
0.9901855,True,7,7,2.0
0.9920407,True,8,8,0.0
0.99012136,True,9,9,2.0
0.99180764,True,5,5,10.0
0.57214767,False,10,1,12.0
0.9922184,True,8,8,10.0
0.99239105,True,6,6,-4.0
0.99209774,True,9,9,4.0
0.9442925,True,10,10,2.0
0.9913121,True,3,3,12.0
0.99347854,True,9,9,2.0
0.9926191,True,0,0,18.0
0.9924459,True,3,3,10.0
0.9918252,True,5,5,-4.0
0.93921006,True,2,2,-6.0
0.9934082,True,3,3,-2.0
0.99130297,True,4,4,4.0
0.9935076,True,5,5,12.0
0.5995728,True,1,1,-4.0
0.9924817,True,9,9,10.0
0.99265987,True,6,6,2.0
0.9657313,True,7,7,-2.0
0.99076194,True,9,9,4.0
0.5871664,True,1,1,0.0
0.9905157,True,8,8,12.0
0.6703519,False,9,0,-4.0
0.9903092,True,6,6,-2.0
0.99102753,True,4,4,6.0
0.9928468,True,3,3,8.0
0.9712719,True,2,2,16.0
0.5170186,True,10,10,-6.0
0.6518181,True,1,1,-2.0
0.9908342,True,4,4,2.0
0.99022394,True,3,3,2.0
0.9928266,True,6,6,6.0
0.9929765,True,8,8,2.0
0.9533096,True,2,2,-6.0
0.9151235,True,2,2,0.0
0.9334047,True,2,2,14.0
0.96467906,True,5,5,-2.0
0.8339349,True,1,1,10.0
0.99105984,True,3,3,4.0
0.99260557,True,6,6,12.0
0.9928175,True,9,9,14.0
0.99173295,True,6,6,14.0
0.988704,True,8,8,-6.0
0.9728915,True,7,7,-6.0
0.94026995,True,7,7,2.0
0.9920773,True,5,5,12.0
0.95009613,True,2,2,6.0
0.9915735,True,5,5,12.0
0.991159,True,5,5,-2.0
0.682167,False,10,1,2.0
0.9930177,True,9,9,16.0
0.99116534,True,4,4,12.0
0.99294126,True,8,8,6.0
0.992461,True,9,9,16.0
0.9913078,True,8,8,0.0
0.99064076,True,7,7,12.0
0.47801712,True,1,1,-6.0
0.97618824,True,0,0,-2.0
0.5903649,False,10,1,-4.0
0.98079133,True,0,0,0.0
0.99139565,True,5,5,16.0
0.98048455,True,7,7,-2.0
0.9462809,True,2,2,-6.0
0.9911417,True,0,0,4.0
0.9392159,True,2,2,16.0
0.8940739,False,0,7,-2.0
0.659783,True,1,1,-4.0
0.9896947,True,5,5,12.0
0.9923769,True,9,9,4.0
0.9913366,True,6,6,16.0
0.9920414,True,9,9,6.0
0.99328315,True,4,4,4.0
0.99149066,True,4,4,6.0
0.5196837,False,10,1,-6.0
0.98706937,True,6,6,0.0
0.69423217,True,1,1,6.0
0.99282247,True,8,8,-2.0
0.99233925,True,9,9,12.0
0.98834956,True,3,3,-4.0
0.9914272,True,4,4,14.0
0.99095386,True,7,7,16.0
0.53003037,True,9,9,-2.0
0.99318075,True,8,8,12.0
0.9941947,True,9,9,18.0
0.9951272,True,6,6,4.0
0.99214643,True,4,4,0.0
0.9950813,True,5,5,8.0
0.9926144,True,6,6,16.0
0.9950113,True,5,5,16.0
0.9925808,True,7,7,18.0
0.95991534,True,2,2,4.0
0.6104563,False,10,1,6.0
0.9936306,True,5,5,-2.0
0.5383553,True,10,10,-6.0
0.9918269,True,6,6,8.0
0.57540846,False,10,1,8.0
0.9945056,True,10,10,10.0
0.9915132,True,5,5,8.0
0.59484065,True,1,1,2.0
0.9926692,True,9,9,8.0
0.99313605,True,3,3,4.0
0.9760484,True,4,4,-4.0
0.9898061,True,7,7,8.0
0.9933442,True,3,3,10.0
0.9901072,True,7,7,6.0
0.992094,True,4,4,2.0
0.9387981,True,3,3,-2.0
0.594574,True,4,4,-6.0
0.9916403,True,6,6,18.0
0.5669172,True,1,1,18.0
0.5710116,False,10,1,0.0
0.99167836,True,3,3,18.0
0.98878634,True,4,4,12.0
0.9924204,True,0,0,10.0
0.99150556,True,8,8,12.0
0.55459315,False,10,1,12.0
0.9831955,True,5,5,8.0
0.97456914,True,7,7,-6.0
0.9935075,True,5,5,12.0
0.99089164,True,3,3,18.0
0.98997,True,7,7,2.0
0.5611068,True,0,0,-4.0
0.99058354,True,8,8,-6.0
0.99110365,True,9,9,4.0
0.9901834,True,9,9,6.0
0.8560509,True,2,2,4.0
0.99224406,True,5,5,8.0
0.99486226,True,5,5,14.0
0.9937429,True,9,9,14.0
0.9915242,True,7,7,14.0
0.5642646,True,1,1,8.0
0.9904608,True,0,0,6.0
0.9919642,True,5,5,8.0
0.99321437,True,3,3,18.0
0.9925755,True,8,8,18.0
0.99136716,True,6,6,12.0
0.70937186,True,1,1,0.0
0.9932367,True,0,0,16.0
0.9911033,True,4,4,8.0
0.9919103,True,0,0,10.0
0.99287707,True,0,0,18.0
0.9359347,True,5,5,-6.0
0.48012644,True,5,5,-4.0
0.93703836,True,5,5,0.0
0.99409926,True,3,3,-2.0
0.99413496,True,5,5,6.0
0.9931416,True,9,9,12.0
0.9903951,True,10,10,16.0
0.9318577,True,7,7,6.0
0.98820925,True,0,0,2.0
0.79203963,False,9,4,-4.0
0.9909575,True,5,5,12.0
0.9920568,True,9,9,4.0
0.9882903,True,5,5,4.0
0.96706957,True,5,5,-2.0
0.61829644,True,1,1,0.0
0.991831,True,6,6,16.0
0.5616686,False,10,1,14.0
0.5857574,True,1,1,6.0
0.9571109,True,0,0,-2.0
0.8877191,True,2,2,0.0
0.9906418,True,7,7,12.0
0.99268967,True,8,8,8.0
0.99082583,True,3,3,16.0
0.9913907,True,6,6,0.0
0.5503133,True,1,1,-6.0
0.98752135,True,8,8,18.0
0.99109346,True,6,6,2.0
0.99208105,True,8,8,0.0
0.98667186,True,7,7,0.0
0.964213,True,5,5,-6.0
0.92381763,True,2,2,8.0
0.532363,False,10,1,-6.0
0.9881491,True,10,10,14.0
0.9914042,True,9,9,4.0
0.99236554,True,6,6,14.0
0.9895761,True,7,7,18.0
0.9911786,True,8,8,16.0
0.93846464,True,2,2,-6.0
0.9924171,True,0,0,16.0
0.99226147,True,6,6,14.0
0.789546,False,10,5,-2.0
0.9954093,True,5,5,4.0
0.94829285,True,2,2,14.0
0.9905777,True,8,8,6.0
0.9921928,True,3,3,14.0
0.9932074,True,8,8,18.0
0.6613803,False,10,1,4.0
0.99246806,True,5,5,-2.0
0.9919275,True,6,6,-2.0
0.991996,True,10,10,10.0
0.99069,True,3,3,12.0
0.99168116,True,0,0,14.0
0.99207824,True,8,8,10.0
0.58081806,False,10,1,12.0
0.6456079,True,1,1,16.0
0.9902187,True,7,7,4.0
0.99125797,True,8,8,8.0
0.9914452,True,9,9,4.0
0.989604,True,7,7,14.0
0.968077,True,7,7,0.0
0.95449513,False,7,2,16.0
0.5618271,False,9,0,-4.0
0.99012774,True,3,3,10.0
0.9913993,True,7,7,10.0
0.9909992,True,7,7,16.0
0.9367599,True,9,9,-2.0
0.98953307,True,0,0,16.0
0.9518027,True,2,2,2.0
0.99480563,True,3,3,18.0
0.98947865,True,5,5,10.0
0.9871056,True,5,5,-4.0
0.9925108,True,5,5,10.0
0.987839,True,7,7,4.0
0.9911266,True,4,4,18.0
0.99147934,True,8,8,14.0
0.5679816,True,1,1,12.0
0.90990233,True,2,2,0.0
0.98896307,True,6,6,12.0
0.7475025,True,1,1,16.0
0.9921332,True,9,9,4.0
0.562209,True,1,1,12.0
0.9920333,True,4,4,10.0
0.9944417,True,10,10,10.0
0.991297,True,4,4,4.0
0.9899268,True,8,8,12.0
0.97159046,True,4,4,-4.0
0.9893076,True,6,6,-4.0
0.99555284,True,10,10,8.0
0.62839556,True,1,1,12.0
0.5675243,True,1,1,16.0
0.58077437,True,1,1,12.0
0.5731526,False,10,1,14.0
0.47650075,False,1,10,-6.0
0.9913987,True,7,7,12.0
0.56159353,False,10,1,10.0
0.64015365,False,10,1,6.0
0.9927879,True,0,0,12.0
0.9904109,True,4,4,16.0
0.9934917,True,3,3,16.0
0.985658,True,7,7,2.0
0.9923586,True,3,3,4.0
0.9914532,True,5,5,10.0
0.9902174,True,6,6,18.0
0.96379584,True,4,4,-4.0
0.9113164,True,2,2,10.0
0.9920507,True,6,6,0.0
0.99248946,True,5,5,14.0
0.80573636,True,7,7,-6.0
0.9917287,True,6,6,14.0
0.70429975,True,1,1,4.0
0.9925908,True,4,4,10.0
0.99087673,True,4,4,4.0
0.9704747,True,7,7,0.0
0.991227,True,9,9,8.0
0.9830368,True,5,5,0.0
0.5675565,False,10,1,4.0
0.993246,True,5,5,12.0
0.99156135,True,4,4,14.0
0.9847666,True,6,6,-6.0
0.9041264,True,5,5,-6.0
0.98948646,True,7,7,14.0
0.97567266,True,7,7,10.0
0.99188143,True,9,9,4.0
0.6433447,False,10,1,-6.0
0.98337656,True,9,9,0.0
0.9917917,True,6,6,8.0
0.98452765,True,7,7,-6.0
0.9936982,True,5,5,0.0
0.9907261,True,9,9,4.0
0.99042773,True,7,7,14.0
0.9829579,True,0,0,4.0
0.9932198,True,5,5,4.0
0.99364495,True,8,8,0.0
0.9850625,True,7,7,-4.0
0.9890849,True,5,5,14.0
0.5969431,False,10,1,18.0
0.9924023,True,9,9,18.0
0.99216276,False,0,4,-4.0
0.99317545,True,5,5,4.0
0.9929014,True,8,8,-4.0
0.99227715,True,0,0,12.0
0.9903627,True,0,0,14.0
0.9496965,True,2,2,6.0
0.990893,True,3,3,8.0
0.5963983,False,10,1,0.0
0.99398404,True,5,5,-2.0
0.99212,True,6,6,18.0
0.9477229,True,2,2,-2.0
0.9429859,True,2,2,-4.0
0.9157258,True,5,5,-6.0
0.98714983,True,7,7,14.0
0.9621507,True,2,2,18.0
0.9917253,True,4,4,16.0
0.5696314,True,1,1,4.0
0.52982986,True,1,1,0.0
0.99347395,True,9,9,10.0
0.9918933,True,7,7,12.0
0.9930066,True,8,8,12.0
0.9891089,True,4,4,2.0
0.6318876,True,3,3,-6.0
0.9904677,True,4,4,16.0
0.99090576,True,6,6,8.0
0.991951,True,6,6,6.0
0.992396,True,4,4,10.0
0.98890215,True,7,7,-4.0
0.652696,False,10,1,-6.0
0.65775245,True,1,1,-6.0
0.9926214,True,8,8,2.0
0.9939482,True,10,10,14.0
0.99352163,True,9,9,12.0
0.9604753,True,2,2,-6.0
0.93093675,True,3,3,-2.0
0.990051,True,7,7,10.0
0.99004424,True,4,4,14.0
0.99211264,True,0,0,16.0
0.57625216,False,10,1,12.0
0.9918928,True,4,4,2.0
0.68420756,True,2,2,12.0
0.9916963,True,9,9,14.0
0.99288046,True,0,0,16.0
0.9929791,True,9,9,18.0
0.99338466,True,9,9,14.0
0.99199206,True,8,8,16.0
0.99419,True,6,6,-2.0
0.99181527,True,6,6,-4.0
0.9922064,True,3,3,18.0
0.9921659,True,8,8,2.0
0.9915173,True,9,9,14.0
0.29802993,True,3,3,-4.0
0.5647898,True,1,1,-6.0
0.9928889,True,6,6,-4.0
0.9911794,True,7,7,2.0
0.9921366,True,9,9,12.0
0.5707332,False,10,1,14.0
0.98732823,True,10,10,16.0
0.994549,True,5,5,10.0
0.63818187,False,10,1,14.0
0.9933745,True,4,4,0.0
0.99184376,True,9,9,8.0
0.5236508,True,3,3,-6.0
0.71504885,True,1,1,6.0
0.99007624,True,4,4,16.0
0.990476,True,5,5,14.0
0.98956245,True,7,7,6.0
0.85061604,False,0,4,-6.0
0.9920495,True,7,7,6.0
0.6607598,True,1,1,4.0
0.98915684,True,5,5,4.0
0.9740999,True,2,2,12.0
0.72699636,False,0,9,-4.0
0.991495,True,9,9,2.0
0.99144393,True,6,6,-2.0
0.60311896,True,1,1,18.0
0.2696002,True,2,2,-2.0
0.9920691,True,4,4,12.0
0.99231887,True,6,6,12.0
0.6298282,True,1,1,2.0
0.9909685,True,6,6,10.0
0.9710072,True,7,7,-4.0
0.63300735,True,1,1,-4.0
0.9916083,True,8,8,0.0
0.9918311,True,8,8,2.0
0.98847395,True,7,7,16.0
0.99305266,True,3,3,18.0
0.992679,True,8,8,2.0
0.6192437,False,10,1,-4.0
0.59850657,False,10,1,2.0
0.9913721,True,0,0,10.0
0.9931631,True,0,0,0.0
0.9711783,True,2,2,-6.0
0.99012166,True,4,4,4.0
0.99106616,True,0,0,14.0
0.99263614,True,9,9,0.0
0.99470216,True,5,5,14.0
0.99180776,True,9,9,18.0
0.7060829,True,1,1,10.0
0.9921893,True,6,6,16.0
0.99156135,True,7,7,8.0
0.5023199,False,10,1,-2.0
0.9895974,True,7,7,0.0
0.9931223,True,5,5,0.0
0.55541074,False,9,0,-4.0
0.9903571,True,4,4,14.0
0.97958994,True,5,5,8.0
0.9914619,True,6,6,18.0
0.991159,True,3,3,6.0
0.58992463,True,1,1,16.0
0.990965,True,3,3,8.0
0.9906893,True,0,0,6.0
0.99194396,True,9,9,8.0
0.993049,True,3,3,0.0
0.9908949,True,4,4,6.0
0.9892547,True,7,7,6.0
0.9931718,True,5,5,18.0
0.9851008,True,10,10,12.0
0.9760315,True,3,3,-4.0
0.99414176,True,6,6,10.0
0.99262756,True,3,3,18.0
0.99084103,True,8,8,4.0
0.99204034,True,9,9,14.0
0.98956877,True,7,7,6.0
0.9926387,True,0,0,2.0
0.9939075,True,3,3,0.0
0.9362057,False,8,2,16.0
0.9946049,True,5,5,12.0
0.58600533,False,10,1,2.0
0.99179244,True,7,7,16.0
0.9875567,True,3,3,10.0
0.9941605,True,6,6,0.0
0.991321,True,3,3,16.0
0.9918826,True,0,0,12.0
0.9533744,True,2,2,0.0
0.5658512,False,0,9,0.0
0.98196316,True,8,8,-4.0
0.64871764,False,10,1,18.0
0.93766207,True,2,2,-6.0
0.7230313,False,7,2,16.0
0.99197376,True,8,8,18.0
0.83611214,True,2,2,18.0
0.99041104,True,4,4,10.0
0.93182063,True,8,8,2.0
0.98791283,True,3,3,-2.0
0.99364567,True,8,8,0.0
0.9877699,True,7,7,-6.0
0.98431593,True,7,7,-4.0
0.8642472,False,7,8,6.0
0.5003302,True,10,10,-6.0
0.99170613,True,3,3,16.0
0.9953212,True,5,5,8.0
0.9420874,True,7,7,-4.0
0.9456425,True,2,2,-4.0
0.604679,True,0,0,-2.0
0.98857784,True,0,0,8.0
0.8540109,True,9,9,0.0
0.54876703,False,9,0,-2.0
0.9920176,True,8,8,16.0
0.9913026,True,0,0,0.0
0.99562436,True,5,5,0.0
0.9921232,True,9,9,12.0
0.60746545,True,9,9,-2.0
0.9922401,True,4,4,18.0
0.9931004,True,3,3,2.0
0.61944,True,1,1,-2.0
0.99132407,True,8,8,0.0
0.9329991,True,5,5,-2.0
0.9913657,True,4,4,14.0
0.9443491,True,4,4,-4.0
0.99131775,True,9,9,12.0
0.991037,True,3,3,6.0
0.99115866,True,10,10,10.0
0.97074604,True,7,7,0.0
0.666637,True,1,1,6.0
0.991907,True,9,9,8.0
0.645836,True,9,9,-4.0
0.99183863,True,9,9,14.0
0.8897379,True,7,7,8.0
0.9903172,True,8,8,-4.0
0.95156634,True,8,8,2.0
0.9580523,True,2,2,-6.0
0.9149899,True,2,2,14.0
0.994187,True,8,8,-2.0
0.9921015,True,9,9,12.0
0.5686151,False,10,1,10.0
0.99152184,True,6,6,2.0
0.9922563,True,6,6,-4.0
0.99143726,True,6,6,10.0
0.9918738,True,9,9,-2.0
0.98822033,True,7,7,14.0
0.67148334,True,5,5,0.0
0.57158095,True,0,0,-4.0
0.6951529,False,10,1,10.0
0.9901877,True,8,8,14.0
0.6186127,False,10,1,-6.0
0.99286556,True,6,6,8.0
0.6748929,False,5,10,-6.0
0.99285614,True,4,4,16.0
0.6171395,False,10,1,8.0
0.992965,True,5,5,14.0
0.95527285,True,7,7,-4.0
0.6606109,True,5,5,-4.0
0.58857006,False,10,1,0.0
0.990673,True,8,8,0.0
0.9876155,True,4,4,8.0
0.5709225,False,10,1,18.0
0.55774146,True,1,1,6.0
0.9387787,True,2,2,10.0
0.54896355,False,9,0,-6.0
0.98321724,True,8,8,16.0
0.80004454,True,10,10,0.0
0.9940058,True,3,3,2.0
0.99251986,True,7,7,12.0
0.818816,True,1,1,16.0
0.99301916,True,4,4,0.0
0.9914163,True,3,3,4.0
0.9930756,True,0,0,18.0
0.6455959,True,1,1,2.0
0.99371237,True,6,6,0.0
0.6106334,False,10,1,16.0
0.576453,True,1,1,12.0
0.55922455,True,1,1,0.0
0.98574,True,0,0,14.0
0.5540397,False,3,9,-6.0
0.57430106,False,10,1,-4.0
0.91089284,True,7,7,-6.0
0.9880251,True,3,3,10.0
0.95911807,True,2,2,14.0
0.9875378,True,8,8,12.0
0.95384175,True,2,2,-4.0
0.9912676,True,0,0,2.0
0.99159837,True,4,4,0.0
0.9919912,True,4,4,4.0
0.9917337,True,0,0,6.0
0.9900602,True,3,3,4.0
0.991892,True,0,0,6.0
0.6057364,True,1,1,8.0
0.9916033,True,3,3,18.0
0.99172795,True,3,3,4.0
0.99068403,True,4,4,18.0
0.9914665,True,4,4,10.0
0.60223436,True,1,1,10.0
0.9924285,True,6,6,14.0
0.9917408,True,9,9,8.0
0.9919905,True,8,8,16.0
0.9272807,True,2,2,12.0
0.9924068,True,5,5,12.0
0.9879297,True,7,7,-2.0
0.9907274,True,4,4,18.0
0.9914826,True,6,6,-2.0
0.9932775,True,9,9,14.0
0.9912197,True,4,4,2.0
0.9927791,True,0,0,16.0
0.5704832,False,10,1,4.0
0.9953759,True,4,4,-2.0
0.989636,True,4,4,16.0
0.9920718,True,7,7,14.0
0.9923245,True,6,6,2.0
0.6244296,False,10,1,-2.0
0.9931941,True,3,3,2.0
0.52613735,True,10,10,-6.0
0.99269825,True,5,5,12.0
0.5193677,True,10,10,4.0
0.9684696,True,2,2,0.0
0.9896862,True,7,7,18.0
0.99311405,True,3,3,6.0
0.99448735,True,9,9,2.0
0.9903598,True,0,0,10.0
0.9929376,True,9,9,4.0
0.9916972,True,9,9,2.0
0.8125037,True,7,7,-6.0
0.5951968,False,5,10,0.0
0.9901815,True,6,6,6.0
0.99107146,True,4,4,6.0
0.9498131,True,2,2,6.0
0.91410536,True,2,2,-2.0
0.66901714,False,1,10,-6.0
0.55961263,True,1,1,0.0
0.69432515,True,6,6,-6.0
0.5915326,True,1,1,8.0
0.992167,True,8,8,6.0
0.94246376,True,2,2,14.0
0.99129874,True,7,7,18.0
0.6733936,True,1,1,-4.0
0.9945827,True,5,5,2.0
0.99149245,True,8,8,8.0
0.5304395,True,10,10,-6.0
0.99339783,True,3,3,4.0
0.9920866,True,4,4,2.0
0.80350727,False,0,9,0.0
0.99188095,True,7,7,12.0
0.9929289,True,6,6,14.0
0.99365884,True,4,4,0.0
0.9949173,True,5,5,12.0
0.9921836,True,4,4,6.0
0.9932458,True,9,9,14.0
0.95424604,True,2,2,16.0
0.9926334,True,5,5,10.0
0.99233633,True,10,10,10.0
0.99276215,True,3,3,6.0
0.9951061,True,5,5,2.0
0.99034405,True,7,7,16.0
0.9925235,True,7,7,2.0
0.59290665,False,10,1,-6.0
0.99166155,True,4,4,2.0
0.9928068,True,8,8,-2.0
0.9901252,True,7,7,10.0
0.9917269,True,0,0,12.0
0.7112059,True,4,4,-6.0
0.99408215,True,5,5,2.0
0.99246687,True,5,5,10.0
0.99265736,True,5,5,18.0
0.9914535,True,6,6,8.0
0.9911908,True,8,8,6.0
0.9195176,True,2,2,-6.0
0.95363873,False,6,2,-2.0
0.96077675,True,2,2,10.0
0.95275074,True,7,7,-4.0
0.98549646,True,7,7,-4.0
0.9929677,True,7,7,4.0
0.9910131,True,5,5,18.0
0.99186385,True,0,0,4.0
0.99019426,True,9,9,2.0
0.988437,True,8,8,-6.0
0.5716682,False,10,1,12.0
0.9931619,True,7,7,-6.0
0.9908489,True,8,8,18.0
0.99056727,True,3,3,12.0
0.8664749,True,2,2,-6.0
0.98877454,True,5,5,12.0
0.9891783,True,4,4,-2.0
0.990584,True,5,5,-2.0
0.56298625,True,1,1,10.0
0.994086,True,6,6,10.0
0.9912299,True,7,7,-6.0
0.98985577,True,7,7,14.0
0.9901202,True,3,3,12.0
0.98541534,True,3,3,0.0
0.6239859,False,10,1,14.0
0.8168055,True,1,1,18.0
0.57724917,True,1,1,14.0
0.9916847,True,3,3,4.0
0.99201804,True,0,0,12.0
0.59670126,False,10,1,4.0
0.41169015,False,4,0,-6.0
0.9919602,True,8,8,-2.0
0.9880689,True,0,0,10.0
0.9902098,True,8,8,0.0
0.99199766,True,3,3,10.0
0.9924661,True,5,5,18.0
0.9875471,True,5,5,4.0
0.9554703,True,2,2,2.0
0.9614,False,3,2,-6.0
0.99148035,True,7,7,8.0
0.992535,True,6,6,14.0
0.9950429,True,4,4,-2.0
0.9916276,True,4,4,8.0
0.99157375,True,3,3,2.0
0.9920448,True,4,4,18.0
0.571988,True,1,1,14.0
0.6053678,True,1,1,14.0
0.7733809,False,0,9,-4.0
0.57048327,False,10,1,16.0
0.9923574,True,7,7,18.0
0.98226684,True,3,3,-4.0
0.9923632,True,8,8,4.0
0.5114026,True,10,10,-2.0
0.5711073,True,1,1,12.0
0.74517214,False,9,2,-6.0
0.9916289,True,9,9,2.0
0.99298906,True,8,8,4.0
0.98949933,True,7,7,2.0
0.9892999,True,0,0,6.0
0.99227726,True,9,9,8.0
0.51657224,False,5,10,-2.0
0.52053136,True,3,3,-4.0
0.99170494,True,3,3,2.0
0.98413926,True,7,7,2.0
0.48172823,False,5,10,-6.0
0.9910698,True,4,4,8.0
0.9931787,True,5,5,8.0
0.9780433,True,7,7,2.0
0.9915494,True,3,3,8.0
0.9918596,True,8,8,12.0
0.9926351,True,9,9,8.0
0.99355984,True,5,5,16.0
0.9926312,True,5,5,14.0
0.9929616,True,0,0,2.0
0.9186557,False,6,2,12.0
0.61504924,True,1,1,-4.0
0.9539215,True,2,2,12.0
0.9933895,True,6,6,6.0
0.99128705,True,3,3,2.0
0.97226703,True,9,9,4.0
0.99281365,True,4,4,8.0
0.8981571,True,2,2,-4.0
0.95624155,True,2,2,-4.0
0.95196575,True,2,2,0.0
0.992569,True,4,4,8.0
0.99373335,True,3,3,10.0
0.98383236,True,9,9,12.0
0.99269485,True,8,8,-2.0
0.9923063,True,6,6,16.0
0.9893665,True,4,4,16.0
0.5698929,True,1,1,18.0
0.9921749,True,6,6,0.0
0.9693299,True,2,2,8.0
0.9902588,True,6,6,2.0
0.7979441,False,5,4,-4.0
0.99073887,True,3,3,10.0
0.51247257,True,1,1,-2.0
0.56445163,True,1,1,12.0
0.99339455,True,9,9,18.0
0.99039465,True,4,4,16.0
0.99154973,True,6,6,0.0
0.9910234,True,0,0,10.0
0.9923489,True,8,8,12.0
0.9922996,True,0,0,10.0
0.99379385,True,6,6,-4.0
0.92955154,True,2,2,4.0
0.9930802,True,9,9,16.0
0.9905053,True,4,4,8.0
0.99134505,True,6,6,14.0
0.5432848,False,10,1,6.0
0.9598278,True,7,7,8.0
0.981375,False,7,0,-4.0
0.9921738,True,8,8,10.0
0.5333115,True,10,10,-4.0
0.82451236,False,9,3,-4.0
0.9613072,True,2,2,4.0
0.94894195,True,2,2,18.0
0.99143326,True,8,8,-2.0
0.62505764,True,1,1,6.0
0.97102123,True,2,2,0.0
0.99068516,True,6,6,16.0
0.43527973,False,9,0,-6.0
0.9893272,True,7,7,0.0
0.9918709,True,0,0,10.0
0.9913988,True,7,7,8.0
0.9906523,True,6,6,0.0
0.99288225,True,8,8,0.0
0.93622845,True,8,8,0.0
0.5878836,False,10,1,-4.0
0.990445,True,7,7,16.0
0.9947014,True,5,5,14.0
0.9930888,True,7,7,14.0
0.9889021,True,4,4,4.0
0.9930093,True,10,10,16.0
0.99224806,True,8,8,-2.0
0.992063,True,0,0,14.0
0.9899182,True,7,7,10.0
0.71968514,True,1,1,6.0
0.91500443,False,8,2,12.0
0.9925453,True,4,4,0.0
0.9921848,True,9,9,4.0
0.9901895,True,8,8,2.0
0.79455686,True,5,5,-2.0
0.9910943,True,6,6,2.0
0.992735,True,9,9,16.0
0.98973376,True,0,0,0.0
0.99138886,True,9,9,6.0
0.9885056,True,5,5,16.0
0.99053895,True,0,0,16.0
0.9144927,True,5,5,2.0
0.9922599,True,6,6,6.0
0.9921665,True,8,8,18.0
0.67061526,True,1,1,-2.0
0.9773318,True,5,5,-4.0
0.99156123,True,4,4,8.0
0.9908717,True,0,0,16.0
0.85936296,True,10,10,0.0
0.991074,True,4,4,10.0
0.98898417,True,7,7,-2.0
0.83648795,True,5,5,-2.0
0.9923908,True,3,3,18.0
0.9923109,True,8,8,6.0
0.9900185,True,6,6,-2.0
0.9458712,True,3,3,-2.0
0.5534323,False,10,1,-6.0
0.9904283,True,6,6,0.0
0.5671173,True,1,1,10.0
0.56090784,False,7,8,6.0
0.9907103,True,4,4,8.0
0.99117357,True,9,9,16.0
0.9930254,True,5,5,16.0
0.9921246,True,9,9,8.0
0.9430853,True,2,2,4.0
0.9580013,True,2,2,-6.0
0.82246286,True,7,7,-2.0
0.9901153,True,6,6,-6.0
0.9919735,True,6,6,8.0
0.9897054,True,5,5,6.0
0.9913551,True,3,3,4.0
0.933592,True,2,2,18.0
0.9011379,True,2,2,8.0
0.9912175,True,7,7,12.0
0.9895627,True,4,4,6.0
0.5609573,True,1,1,14.0
0.9557376,True,2,2,-6.0
0.989801,True,3,3,6.0
0.62137747,True,1,1,10.0
0.9929512,True,6,6,8.0
0.92250204,True,2,2,0.0
0.61113876,True,10,10,-2.0
0.6709727,True,1,1,8.0
0.9927821,True,0,0,6.0
0.8808682,False,2,3,8.0
0.28069684,False,0,3,-6.0
0.52769697,False,10,1,-6.0
0.5917519,False,10,1,-6.0
0.8073386,True,9,9,-2.0
0.9916952,True,9,9,10.0
0.9898331,True,6,6,-2.0
0.9816413,True,3,3,-4.0
0.97144955,True,2,2,-4.0
0.99351245,True,9,9,18.0
0.99044317,True,4,4,18.0
0.99344677,True,3,3,0.0
0.83896095,True,10,10,18.0
0.6001166,True,1,1,10.0
0.9552634,True,2,2,6.0
0.95828027,True,2,2,10.0
0.98165417,True,4,4,-4.0
0.9882935,True,3,3,12.0
0.99357915,True,3,3,4.0
0.9814285,True,0,0,0.0
0.99306035,True,6,6,0.0
0.99160177,True,4,4,16.0
0.99064285,True,0,0,6.0
0.9918445,True,7,7,18.0
0.99328506,True,6,6,8.0
0.65944594,True,1,1,4.0
0.987229,True,7,7,12.0
0.92510784,True,2,2,6.0
0.5499432,True,10,10,-4.0
0.9740815,True,7,7,10.0
0.98856354,True,6,6,0.0
0.6477382,True,1,1,0.0
0.9907066,True,7,7,12.0
0.9921262,True,3,3,14.0
0.9900967,True,3,3,-2.0
0.99211055,True,4,4,-4.0
0.99407035,True,5,5,8.0
0.99183744,True,4,4,0.0
0.99265796,True,8,8,2.0
0.9902885,True,4,4,4.0
0.9930154,True,7,7,4.0
0.5669463,False,10,1,6.0
0.9899804,True,0,0,4.0
0.991869,True,9,9,12.0
0.99114734,True,9,9,10.0
0.99429375,True,9,9,14.0
0.9943811,True,5,5,10.0
0.99223447,True,5,5,14.0
0.9913497,True,9,9,6.0
0.99129725,True,3,3,4.0
0.88553166,True,2,2,10.0
0.94092786,True,2,2,8.0
0.60174096,True,2,2,10.0
0.90619284,True,8,8,-4.0
0.992622,True,0,0,12.0
0.8070576,True,1,1,6.0
0.9931386,True,9,9,12.0
0.9904141,True,9,9,14.0
0.9938485,True,5,5,12.0
0.99245024,True,9,9,14.0
0.9902266,True,7,7,4.0
0.99185693,True,10,10,2.0
0.9639245,True,7,7,0.0
0.7395661,False,0,9,0.0
0.9919818,True,9,9,14.0
0.5178449,True,1,1,-2.0
0.8400242,True,2,2,6.0
0.9933295,True,5,5,10.0
0.98866534,True,7,7,0.0
0.99077016,True,7,7,0.0
0.99288285,True,8,8,6.0
0.9933816,True,4,4,14.0
0.9917617,True,5,5,6.0
0.56013274,False,10,1,14.0
0.9874329,True,4,4,16.0
0.9719025,True,5,5,2.0
0.99077797,True,8,8,0.0
0.5701719,False,10,1,18.0
0.9913024,True,5,5,10.0
0.99197936,True,4,4,2.0
0.9925575,True,9,9,6.0
0.5743341,True,1,1,18.0
0.99028146,True,4,4,12.0
0.9740142,True,5,5,-2.0
0.9846091,False,4,5,-4.0
0.54835796,False,10,1,8.0
0.98494047,True,2,2,-6.0
0.9928812,True,10,10,6.0
0.9936597,True,5,5,12.0
0.9914146,True,0,0,2.0
0.9894962,True,4,4,16.0
0.7358592,True,1,1,2.0
0.9935607,True,5,5,18.0
0.9920087,True,0,0,16.0
0.9930381,True,8,8,18.0
0.62539333,True,10,10,-2.0
0.98950225,True,4,4,18.0
0.9923092,True,7,7,6.0
0.9926434,True,3,3,-4.0
0.99485224,True,6,6,-2.0
0.99324185,True,5,5,10.0
0.990582,True,8,8,14.0
0.9920695,True,4,4,16.0
0.99425733,True,5,5,18.0
0.99224937,True,0,0,12.0
0.9612988,True,4,4,-4.0
0.9931096,True,8,8,-4.0
0.79075474,True,2,2,12.0
0.5710544,False,10,1,-2.0
0.991156,True,8,8,10.0
0.96532524,True,9,9,-2.0
0.9216399,True,2,2,12.0
0.8957897,True,0,0,-2.0
0.9922213,True,6,6,4.0
0.87082314,True,2,2,-6.0
0.9491129,True,9,9,2.0
0.54044706,False,4,9,-4.0
0.9926519,True,9,9,8.0
0.99095786,True,4,4,8.0
0.989924,True,8,8,14.0
0.9920363,True,6,6,8.0
0.9930005,True,5,5,14.0
0.9915752,True,0,0,10.0
0.99192226,True,8,8,14.0
0.6296127,True,10,10,-2.0
0.99237293,True,4,4,10.0
0.9924045,True,3,3,-4.0
0.9932047,True,5,5,14.0
0.98586905,False,8,7,-6.0
0.9803954,True,4,4,-2.0
0.9931064,True,0,0,12.0
0.99068904,True,8,8,6.0
0.9922686,True,8,8,2.0
0.9920912,True,8,8,18.0
0.99277747,True,8,8,16.0
0.9930286,True,8,8,4.0
0.9950063,True,3,3,2.0
0.98659617,True,3,3,-2.0
0.99164844,True,6,6,2.0
0.9919728,True,9,9,8.0
0.99188787,True,5,5,16.0
0.80087584,True,10,10,0.0
0.756613,True,10,10,-4.0
0.5825259,False,10,1,12.0
0.98355746,True,9,9,0.0
0.9950452,True,10,10,4.0
0.3700913,False,9,3,-6.0
0.9844439,True,3,3,-2.0
0.99165326,True,8,8,18.0
0.9868174,True,7,7,2.0
0.98971367,True,3,3,12.0
0.9934457,True,4,4,0.0
0.9457579,True,7,7,-4.0
0.91611755,True,2,2,0.0
0.9913707,True,4,4,14.0
0.5734604,False,3,9,-6.0
0.99120116,True,9,9,4.0
0.6079944,True,1,1,12.0
0.9883945,True,10,10,0.0
0.99045336,True,8,8,10.0
0.99082863,True,4,4,18.0
0.99270976,True,9,9,18.0
0.9917697,True,8,8,2.0
0.97394466,True,6,6,-6.0
0.5564451,False,10,1,6.0
0.997165,True,10,10,2.0
0.99220467,True,6,6,-4.0
0.99107355,True,6,6,16.0
0.9453399,False,8,2,12.0
0.9931378,True,6,6,-4.0
0.99102765,True,0,0,10.0
0.9559472,True,2,2,-2.0
0.56470066,True,1,1,2.0
0.9924239,True,10,10,18.0
0.8981085,True,2,2,14.0
0.99158114,True,0,0,14.0
0.6185278,False,10,1,-2.0
0.99635637,True,3,3,0.0
0.30081692,False,1,10,-6.0
0.9739169,True,5,5,-6.0
0.9635553,True,2,2,4.0
0.9481081,True,2,2,4.0
0.9905551,True,6,6,-6.0
0.99128526,True,9,9,4.0
0.5731895,True,10,10,-4.0
0.99378866,True,9,9,14.0
0.98920995,True,6,6,0.0
0.99152774,True,4,4,14.0
0.9901191,True,0,0,8.0
0.98948985,True,4,4,16.0
0.99223137,True,6,6,18.0
0.9844898,True,9,9,-2.0
0.9146774,True,2,2,16.0
0.9909821,True,8,8,10.0
0.9897139,True,3,3,18.0
0.71999437,False,8,7,12.0
0.99156684,True,8,8,12.0
0.906303,False,9,0,-2.0
0.99030113,True,7,7,-4.0
0.99053615,True,4,4,12.0
0.9930515,True,3,3,2.0
0.8690031,True,2,2,-6.0
0.988943,True,4,4,-2.0
0.99010956,True,10,10,14.0
0.6238427,True,7,7,0.0
0.9941049,True,5,5,16.0
0.97814345,True,7,7,4.0
0.991755,True,0,0,10.0
0.9335172,False,9,2,8.0
0.99288964,True,9,9,6.0
0.9914569,True,6,6,10.0
0.9737137,False,6,3,-6.0
0.99228877,True,3,3,0.0
0.99090016,True,3,3,14.0
0.65028864,True,1,1,-4.0
0.57252043,True,1,1,4.0
0.99031246,True,5,5,6.0
0.96223503,True,2,2,-6.0
0.9912136,True,6,6,14.0
0.99237156,True,5,5,18.0
0.991347,True,9,9,6.0
0.6654981,True,1,1,16.0
0.52657706,True,9,9,-4.0
0.9926144,True,6,6,18.0
0.9917264,True,6,6,14.0
0.27788615,False,2,9,-2.0
0.9915386,True,6,6,14.0
0.9937594,True,6,6,0.0
0.98973656,True,3,3,12.0
0.992991,True,5,5,4.0
0.9895188,True,3,3,14.0
0.9945425,True,5,5,14.0
0.9960758,True,3,3,-2.0
0.56347173,True,1,1,-4.0
0.594625,True,1,1,-4.0
0.9921898,True,9,9,2.0
0.93580014,True,2,2,8.0
0.7589118,True,1,1,12.0
0.70642143,True,1,1,10.0
0.9905269,True,4,4,16.0
0.9872224,True,5,5,2.0
0.9915769,True,9,9,16.0
0.6253133,True,1,1,14.0
0.9918167,True,0,0,4.0
0.3818664,False,10,1,-6.0
0.64251494,False,10,1,6.0
0.75655156,True,2,2,-4.0
0.57562536,False,10,1,8.0
0.99320257,True,6,6,2.0
0.6103362,False,10,1,-4.0
0.7625646,True,1,1,8.0
0.9908494,True,9,9,6.0
0.8773597,False,0,4,-6.0
0.95128006,True,2,2,-2.0
0.99238867,True,0,0,18.0
0.93389136,True,2,2,-4.0
0.6596446,False,10,1,6.0
0.9927666,True,0,0,10.0
0.99318933,True,6,6,-2.0
0.99035805,True,4,4,4.0
0.400549,False,2,0,-2.0
0.9910493,True,4,4,4.0
0.9924975,True,4,4,0.0
0.98849607,True,8,8,10.0
0.99320555,True,9,9,18.0
0.99216706,True,8,8,4.0
0.5433548,False,9,0,-6.0
0.9932682,True,6,6,16.0
0.7121603,True,1,1,2.0
0.9192676,False,9,0,-4.0
0.98923755,True,0,0,14.0
0.9899301,True,0,0,12.0
0.991529,True,8,8,-4.0
0.9411483,True,2,2,10.0
0.62957007,False,10,1,2.0
0.99134374,True,6,6,2.0
0.9566985,True,2,2,-6.0
0.97431844,True,5,5,0.0
0.98919463,True,4,4,14.0
0.5744834,False,10,1,16.0
0.99315333,True,5,5,8.0
0.9087351,True,2,2,-4.0
0.99028486,True,8,8,0.0
0.77898157,True,1,1,4.0
0.9908407,True,4,4,18.0
0.94611025,True,2,2,4.0
0.9887843,True,9,9,0.0
0.99208367,True,9,9,8.0
0.9925162,True,7,7,10.0
0.9149243,True,2,2,4.0
0.99072415,True,6,6,8.0
0.9943409,True,5,5,8.0
0.9894056,True,3,3,12.0
0.59501314,True,1,1,-4.0
0.99116665,True,0,0,4.0
0.56353444,False,10,1,12.0
0.6536678,False,10,1,2.0
0.993598,True,9,9,8.0
0.9378099,True,8,8,-2.0
0.98871195,True,7,7,2.0
0.993822,True,8,8,0.0
0.99400604,True,9,9,0.0
0.61065936,False,10,1,0.0
0.9922381,True,9,9,16.0
0.99227977,True,10,10,10.0
0.6389149,True,0,0,-6.0
0.96187204,True,2,2,6.0
0.9570098,True,2,2,18.0
0.6407961,True,0,0,-4.0
0.9623102,True,5,5,-6.0
0.50000966,False,10,1,0.0
0.99151707,True,3,3,2.0
0.5620079,False,10,1,10.0
0.9909046,True,7,7,14.0
0.99164784,True,6,6,0.0
0.97709095,True,4,4,-6.0
0.9925533,True,9,9,12.0
0.99199015,True,9,9,14.0
0.9938513,True,0,0,6.0
0.9514495,True,2,2,2.0
0.92633456,True,2,2,-4.0
0.5486602,False,3,0,-6.0
0.99176764,True,7,7,10.0
0.9923213,True,9,9,4.0
0.9906341,True,3,3,10.0
0.56572187,True,1,1,10.0
0.95331234,True,2,2,12.0
0.9921078,True,8,8,6.0
0.9555456,True,2,2,12.0
0.9939359,True,4,4,-4.0
0.68236876,False,1,10,-2.0
0.9680835,True,5,5,-6.0
0.6234045,True,1,1,8.0
0.9915058,True,10,10,12.0
0.982464,True,4,4,-2.0
0.99358785,True,9,9,12.0
0.9910964,True,8,8,18.0
0.99258184,True,0,0,16.0
0.9889782,True,7,7,14.0
0.9919003,True,6,6,8.0
0.5798235,False,10,1,16.0
0.9916294,True,3,3,8.0
0.9914689,True,6,6,16.0
0.98848873,True,7,7,8.0
0.96828663,True,2,2,16.0
0.5831102,False,10,1,12.0
0.99333364,True,3,3,8.0
0.98825663,True,4,4,18.0
0.9912378,True,9,9,16.0
0.99240375,True,8,8,16.0
0.99235195,True,4,4,8.0
0.9936754,True,5,5,4.0
0.90388095,True,3,3,-4.0
0.9920237,True,4,4,12.0
0.9310108,True,2,2,4.0
0.566311,True,1,1,12.0
0.9911376,True,3,3,12.0
0.99209255,True,8,8,18.0
0.64620906,True,9,9,-4.0
0.9917538,True,9,9,18.0
0.9935195,True,4,4,0.0
0.80201423,False,0,3,-4.0
0.9920328,True,3,3,8.0
0.643483,True,1,1,2.0
0.98844343,True,7,7,0.0
0.9909961,True,6,6,-4.0
0.9913243,True,7,7,0.0
0.9911341,True,6,6,6.0
0.98833513,True,7,7,0.0
0.94775414,True,2,2,12.0
0.9704983,True,2,2,18.0
0.9915656,True,4,4,14.0
0.99205256,True,3,3,18.0
0.99205935,True,8,8,12.0
0.86896604,True,0,0,18.0
0.99160624,True,3,3,16.0
0.9927483,True,3,3,6.0
0.99248683,True,6,6,4.0
0.941531,True,2,2,6.0
0.9919391,True,0,0,14.0
0.9351592,True,2,2,12.0
0.6098072,False,10,1,10.0
0.57477367,False,10,1,6.0
0.99034333,True,6,6,-4.0
0.99122614,True,8,8,-2.0
0.99098796,True,6,6,16.0
0.99216026,True,0,0,14.0
0.9914727,True,9,9,0.0
0.99395376,True,5,5,4.0
0.9123901,True,2,2,10.0
0.5682489,True,1,1,18.0
0.99107367,True,3,3,14.0
0.9888032,True,5,5,4.0
0.56572,False,10,1,-6.0
0.9831034,True,7,7,10.0
0.99256116,True,8,8,12.0
0.9916496,True,9,9,4.0
0.99310863,True,0,0,8.0
0.99088585,True,4,4,10.0
0.98956114,True,5,5,6.0
0.99150676,True,0,0,16.0
0.81948864,False,7,8,8.0
0.98959374,True,4,4,12.0
0.9752896,True,7,7,-2.0
0.99200153,True,5,5,2.0
0.99229866,True,7,7,4.0
0.6653084,False,9,0,-6.0
0.9910712,True,7,7,2.0
0.62444884,True,9,9,-2.0
0.9923079,True,6,6,2.0
0.9709112,True,2,2,8.0
0.7271488,True,1,1,18.0
0.9891071,True,7,7,10.0
0.9451702,True,2,2,12.0
0.99157095,True,9,9,16.0
0.99243695,True,0,0,10.0
0.55810165,False,10,1,12.0
0.9920461,True,8,8,16.0
0.7511102,True,1,1,0.0
0.6612298,False,8,7,4.0
0.94133765,True,2,2,6.0
0.9927608,True,8,8,0.0
0.87773013,True,2,2,4.0
0.9936167,True,8,8,-2.0
0.98804873,True,0,0,6.0
0.9937748,True,4,4,2.0
0.9910635,True,7,7,6.0
0.9908137,True,6,6,16.0
0.9945688,True,10,10,16.0
0.9894462,True,7,7,10.0
0.9928349,True,8,8,14.0
0.971539,True,3,3,-4.0
0.5962058,True,1,1,6.0
0.68605804,True,1,1,4.0
0.99121803,True,4,4,6.0
0.99205136,True,8,8,-4.0
0.95786333,False,4,2,-6.0
0.9424628,True,2,2,-4.0
0.9927158,True,5,5,10.0
0.958104,True,7,7,-2.0
0.9463077,True,2,2,-6.0
0.9893182,True,5,5,2.0
0.9918034,True,3,3,16.0
0.9174445,True,7,7,-4.0
0.9934063,True,8,8,8.0
0.5824264,True,1,1,0.0
0.75283986,True,0,0,-2.0
0.48271802,True,9,9,-6.0
0.9903024,True,0,0,10.0
0.99191564,True,3,3,8.0
0.9926785,True,9,9,0.0
0.99134725,True,3,3,18.0
0.9919795,True,6,6,16.0
0.9545423,True,2,2,18.0
0.9917902,True,4,4,16.0
0.58376276,False,10,1,12.0
0.44365042,False,0,9,-2.0
0.99221295,True,8,8,18.0
0.89664537,True,8,8,16.0
0.99206173,True,4,4,18.0
0.9935574,True,4,4,-2.0
0.99357504,True,0,0,8.0
0.99275994,True,5,5,14.0
0.99249035,True,6,6,14.0
0.9931987,True,5,5,12.0
0.5586952,True,1,1,8.0
0.990862,True,4,4,18.0
0.922377,False,5,10,2.0
0.437297,False,4,2,-6.0
0.89465976,False,5,10,-4.0
0.9916991,True,0,0,14.0
0.9895978,True,5,5,8.0
0.66348684,False,9,0,-2.0
0.99169934,True,8,8,2.0
0.9935867,True,5,5,2.0
0.99225956,True,8,8,2.0
0.9716391,True,2,2,-4.0
0.9539426,True,2,2,6.0
0.9629325,True,2,2,6.0
0.99101627,True,0,0,12.0
0.9895387,True,4,4,8.0
0.62149346,True,1,1,14.0
0.9906018,True,8,8,12.0
0.5272258,False,10,1,-4.0
0.993569,True,8,8,8.0
0.9906783,True,9,9,2.0
0.9928148,True,4,4,18.0
0.990591,True,3,3,8.0
0.9910143,True,8,8,4.0
0.99184847,True,6,6,18.0
0.9953738,True,10,10,8.0
0.5917494,False,10,1,6.0
0.99130976,True,3,3,10.0
0.49738955,False,1,10,-2.0
0.9930454,True,8,8,0.0
0.86956495,True,3,3,-6.0
0.92519367,True,7,7,-4.0
0.99208564,True,7,7,18.0
0.9349756,True,0,0,0.0
0.99018866,True,0,0,4.0
0.43685383,False,1,10,-6.0
0.6248217,True,1,1,2.0
0.67350805,True,9,9,-6.0
0.99312264,True,4,4,-2.0
0.9855474,True,0,0,0.0
0.66365314,False,10,1,4.0
0.99034846,True,7,7,10.0
0.9922792,True,6,6,10.0
0.99324644,True,7,7,10.0
0.992979,True,5,5,14.0
0.99096525,False,8,7,-6.0
0.59159327,False,5,10,-2.0
0.99086905,True,9,9,4.0
0.9905928,True,10,10,16.0
0.9553306,True,2,2,0.0
0.99145144,True,6,6,14.0
0.99304706,True,6,6,6.0
0.99203545,True,0,0,8.0
0.9911548,True,3,3,6.0
0.67251396,True,1,1,-4.0
0.9922448,True,0,0,10.0
0.9922776,True,6,6,8.0
0.95966464,True,2,2,8.0
0.98998755,True,0,0,0.0
0.9930524,True,0,0,14.0
0.9920258,True,3,3,2.0
0.9904614,True,3,3,16.0
0.98852557,True,8,8,-4.0
0.992243,True,0,0,6.0
0.99123234,True,9,9,14.0
0.99247885,True,8,8,12.0
0.98988193,True,7,7,12.0
0.5173004,True,1,1,-4.0
0.9914268,True,4,4,8.0
0.99142176,True,6,6,16.0
0.9925528,True,8,8,10.0
0.9926345,True,6,6,12.0
0.9970879,True,4,4,-4.0
0.9928128,True,3,3,4.0
0.9930769,True,0,0,6.0
0.9911073,True,4,4,18.0
0.99399877,True,5,5,4.0
0.9924297,True,9,9,2.0
0.99252796,True,4,4,18.0
0.9908784,True,5,5,10.0
0.5322597,False,10,1,-4.0
0.9935322,True,6,6,6.0
0.98873967,True,0,0,16.0
0.6643472,False,9,0,-2.0
0.9907011,True,4,4,12.0
0.721613,False,9,3,-6.0
0.9933113,True,4,4,2.0
0.954442,True,3,3,-4.0
0.9927982,True,6,6,-4.0
0.9946542,True,5,5,2.0
0.64202833,True,0,0,-6.0
0.7754571,True,1,1,8.0
0.99101806,True,0,0,8.0
0.99692035,True,5,5,0.0
0.99296725,True,10,10,6.0
0.9906053,True,4,4,16.0
0.9908584,True,0,0,10.0
0.5660878,True,1,1,10.0
0.99148285,True,0,0,18.0
0.6670534,False,10,1,-2.0
0.9851184,True,7,7,12.0
0.9669184,False,0,9,0.0
0.9910595,True,4,4,4.0
0.9904152,True,0,0,4.0
0.99330974,True,9,9,12.0
0.58231765,True,1,1,16.0
0.54361373,True,1,1,8.0
0.4793103,False,9,0,-6.0
0.59549034,False,10,1,10.0
0.9911691,True,6,6,14.0
0.7262324,True,3,3,-6.0
0.99160695,True,9,9,16.0
0.8552619,True,4,4,-6.0
0.9903453,True,8,8,14.0
0.99335575,True,8,8,14.0
0.98635083,True,0,0,2.0
0.9913332,True,4,4,18.0
0.9925708,True,6,6,10.0
0.9882378,True,5,5,8.0
0.98988336,True,6,6,-4.0
0.991243,True,6,6,14.0
0.9505885,True,2,2,6.0
0.9414338,True,2,2,6.0
0.8786026,True,2,2,-4.0
0.99355114,True,3,3,8.0
0.5794214,False,10,1,16.0
0.9939175,True,8,8,-4.0
0.9929751,True,5,5,16.0
0.98978966,True,7,7,16.0
0.57535696,False,10,1,-6.0
0.99287546,True,5,5,18.0
0.9942088,True,5,5,16.0
0.9936334,True,5,5,-6.0
0.989361,True,0,0,10.0
0.9908756,True,0,0,4.0
0.53010523,False,5,4,-6.0
0.98898226,True,6,6,-6.0
0.72083795,False,10,1,12.0
0.980823,True,7,7,-4.0
0.9911942,True,4,4,12.0
0.9946509,True,5,5,14.0
0.5625331,False,10,1,6.0
0.9694118,True,10,10,14.0
0.3527049,True,9,9,-6.0
0.9908981,True,9,9,8.0
0.98933625,True,5,5,0.0
0.9939521,True,10,10,8.0
0.99317706,True,3,3,4.0
0.9911786,True,9,9,12.0
0.6437003,True,1,1,-4.0
0.9927729,True,6,6,-4.0
0.99290884,True,5,5,6.0
0.9919681,True,0,0,2.0
0.50702655,False,1,10,-6.0
0.99092007,True,8,8,6.0
0.60328203,True,1,1,-6.0
0.99373513,True,9,9,2.0
0.9915086,True,8,8,6.0
0.55727565,False,10,1,10.0
0.9928524,True,5,5,10.0
0.9933734,True,9,9,8.0
0.94866776,True,2,2,2.0
0.9950421,True,5,5,2.0
0.9938613,True,3,3,6.0
0.992288,True,4,4,12.0
0.6269423,True,1,1,6.0
0.99337643,True,8,8,-2.0
0.609417,True,1,1,4.0
0.99118924,True,8,8,6.0
0.99149346,True,4,4,8.0
0.98832846,True,6,6,-4.0
0.9284983,True,2,2,14.0
0.9915801,True,4,4,12.0
0.91512793,True,2,2,-4.0
0.70538694,False,10,1,-6.0
0.8332047,True,0,0,-2.0
0.99078816,True,3,3,0.0
0.99334997,True,9,9,18.0
0.99310523,True,8,8,4.0
0.9514546,True,2,2,-4.0
0.99198264,True,9,9,2.0
0.9921827,True,6,6,0.0
0.902858,True,5,5,-2.0
0.5627124,False,10,1,-2.0
0.99019367,True,0,0,10.0
0.55420566,False,10,1,0.0
0.9925586,True,9,9,12.0
0.99021786,True,8,8,16.0
0.9935913,True,4,4,2.0
0.992493,True,9,9,10.0
0.9910815,True,4,4,14.0
0.97640276,True,8,8,-6.0
0.6546071,True,1,1,14.0
0.99161,True,5,5,16.0
0.98925346,True,7,7,-6.0
0.9912599,True,6,6,10.0
0.99305713,True,5,5,4.0
0.98889333,True,4,4,14.0
0.99169815,True,6,6,2.0
0.5827958,False,10,1,8.0
0.99235326,True,5,5,16.0
0.89431053,True,2,2,14.0
0.99151057,True,6,6,-2.0
0.9378904,True,2,2,-6.0
0.99156594,True,7,7,18.0
0.55516326,True,1,1,8.0
0.6738511,False,8,7,-6.0
0.99080783,True,8,8,12.0
0.991608,True,5,5,-2.0
0.9620501,True,2,2,0.0
0.9942985,True,4,4,4.0
0.99236125,True,8,8,14.0
0.5860515,False,10,1,12.0
0.9872435,True,4,4,-4.0
0.9915291,True,7,7,10.0
0.7200559,True,0,0,-2.0
0.5965382,True,1,1,4.0
0.99392587,True,3,3,14.0
0.5695438,True,1,1,18.0
0.99109834,True,3,3,0.0
0.9798099,True,6,6,-6.0
0.99255097,True,3,3,12.0
0.36248386,False,7,6,16.0
0.99152875,True,5,5,16.0
0.3467571,False,0,9,-6.0
0.9916726,True,6,6,6.0
0.9902788,True,3,3,8.0
0.99242,True,0,0,16.0
0.9905386,True,8,8,14.0
0.9931163,True,6,6,14.0
0.9921881,True,4,4,0.0
0.6556621,False,10,1,-4.0
0.9672185,True,2,2,10.0
0.5557204,True,1,1,2.0
0.9914937,True,0,0,14.0
0.8450057,True,9,9,-2.0
0.99272585,True,4,4,16.0
0.9842143,True,0,0,0.0
0.9919125,True,4,4,6.0
0.50470275,True,1,1,-4.0
0.9919884,True,4,4,2.0
0.99236274,True,6,6,16.0
0.99214584,True,3,3,6.0
0.9298116,True,2,2,12.0
0.9905387,True,3,3,12.0
0.57496446,False,7,8,-4.0
0.9944596,True,3,3,0.0
0.69022024,True,1,1,4.0
0.87311286,True,2,2,14.0
0.99256057,True,7,7,12.0
0.8495741,True,4,4,-6.0
0.9906475,True,6,6,10.0
0.9953317,True,3,3,-2.0
0.99170214,True,9,9,4.0
0.98993355,True,8,8,12.0
0.9934729,True,9,9,2.0
0.9909689,True,3,3,14.0
0.6263501,True,1,1,14.0
0.5713534,False,9,0,2.0
0.9372244,False,3,6,-4.0
0.6048084,True,1,1,14.0
0.98089784,True,0,0,12.0
0.9923878,True,4,4,-2.0
0.9903127,True,10,10,14.0
0.5667623,True,1,1,10.0
0.9897187,True,0,0,16.0
0.99112505,True,8,8,16.0
0.96089196,True,2,2,16.0
0.94709724,True,2,2,10.0
0.59778005,True,1,1,12.0
0.94307894,True,2,2,0.0
0.7372543,True,1,1,18.0
0.9897883,True,3,3,-2.0
0.9328829,True,2,2,6.0
0.9887656,True,8,8,-2.0
0.99089545,True,3,3,10.0
0.82965094,True,7,7,-2.0
0.98905504,True,3,3,10.0
0.5796578,False,10,1,0.0
0.9876036,True,3,3,-4.0
0.9409643,True,2,2,14.0
0.7745075,True,1,1,16.0
0.6958721,True,1,1,-6.0
0.6535159,False,10,1,4.0
0.99292517,True,6,6,14.0
0.73098123,True,4,4,-4.0
0.992515,True,5,5,4.0
0.9947265,True,5,5,14.0
0.96358645,True,2,2,4.0
0.9922282,True,4,4,14.0
0.99092555,True,8,8,4.0
0.99165404,True,7,7,12.0
0.551722,False,10,1,8.0
0.98708135,True,7,7,12.0
0.6549854,True,1,1,4.0
0.9868318,True,7,7,8.0
0.9629478,True,2,2,12.0
0.62363017,True,1,1,-4.0
0.99322826,True,5,5,10.0
0.57840264,False,10,1,8.0
0.9925895,True,6,6,16.0
0.99180615,True,4,4,-2.0
0.95384055,True,0,0,0.0
0.98840916,True,0,0,4.0
0.99423534,True,6,6,-4.0
0.99225134,True,7,7,16.0
0.9577327,False,7,2,14.0
0.529156,False,10,1,0.0
0.99211794,True,7,7,10.0
0.5862541,True,1,1,-4.0
0.8349626,True,1,1,16.0
0.95764214,True,2,2,-2.0
0.9904171,True,6,6,0.0
0.4304842,False,4,0,-6.0
0.99044365,True,4,4,10.0
0.6875268,True,1,1,6.0
0.9279581,True,2,2,16.0
0.6493718,True,1,1,14.0
0.99224275,True,6,6,-4.0
0.61034805,True,1,1,4.0
0.98870057,True,6,6,-4.0
0.9908873,True,9,9,8.0
0.9920964,True,8,8,18.0
0.99411327,True,8,8,-4.0
0.9925829,True,3,3,2.0
0.9904293,True,9,9,2.0
0.9911931,True,0,0,2.0
0.921304,True,2,2,0.0
0.60482675,True,1,1,6.0
0.99177915,True,6,6,2.0
0.615678,False,0,3,-6.0
0.99461246,True,5,5,-2.0
0.9718878,True,6,6,-6.0
0.992038,False,8,7,0.0
0.6043867,True,1,1,0.0
0.99130803,True,8,8,14.0
0.5409154,False,9,6,-4.0
0.99589705,True,10,10,2.0
0.99248415,True,3,3,18.0
0.9928463,True,5,5,18.0
0.99216545,True,8,8,6.0
0.65606254,True,8,8,-4.0
0.99141735,True,6,6,-2.0
0.99312395,True,3,3,0.0
0.99000484,True,7,7,6.0
0.9923267,True,8,8,-2.0
0.9232597,True,4,4,-2.0
0.57677937,True,1,1,12.0
0.8305524,True,0,0,-4.0
0.99357986,True,5,5,10.0
0.55446845,False,0,9,-2.0
0.9907252,True,4,4,14.0
0.990393,True,7,7,8.0
0.9911197,True,3,3,4.0
0.99286795,True,9,9,2.0
0.8571568,True,4,4,-6.0
0.98985577,True,8,8,12.0
0.3067803,False,2,3,8.0
0.99490064,True,10,10,8.0
0.99148285,True,6,6,4.0
0.9907189,True,9,9,8.0
0.9893996,True,10,10,8.0
0.91390693,True,2,2,2.0
0.7368299,True,2,2,0.0
0.9936237,True,4,4,4.0
0.6812681,True,1,1,6.0
0.99314284,True,9,9,16.0
0.9907969,True,8,8,18.0
0.99145776,True,4,4,4.0
0.6174921,True,1,1,2.0
0.9917911,True,0,0,18.0
0.91112196,True,7,7,-4.0
0.95602304,True,7,7,-2.0
0.9904829,True,4,4,14.0
0.99030846,True,4,4,2.0
0.5586335,True,1,1,10.0
0.4182895,False,7,0,-6.0
0.99063945,True,7,7,10.0
0.9845576,True,9,9,-2.0
0.8044309,True,2,2,-2.0
0.7690095,True,9,9,-4.0
0.9917042,True,6,6,12.0
0.99212766,True,6,6,6.0
0.9922597,True,10,10,12.0
0.95081717,True,10,10,14.0
0.9784203,True,10,10,6.0
0.9578586,True,7,7,4.0
0.47136402,True,0,0,-4.0
0.9879814,True,7,7,14.0
0.9910842,True,3,3,16.0
0.9919116,True,6,6,18.0
0.9928629,True,3,3,18.0
0.5653846,True,1,1,16.0
0.9921934,True,5,5,10.0
0.9902649,True,4,4,2.0
0.99189734,True,6,6,-2.0
0.5461065,True,1,1,10.0
0.9910669,True,9,9,-2.0
0.99378175,True,9,9,14.0
0.98198813,False,0,7,0.0
0.5198219,True,3,3,-4.0
0.9782925,True,0,0,0.0
0.9928595,True,3,3,2.0
0.43848738,False,9,0,-4.0
0.8692809,True,2,2,14.0
0.99231553,True,9,9,0.0
0.9931854,True,10,10,6.0
0.56059736,False,10,1,10.0
0.9916351,True,9,9,6.0
0.9921978,True,6,6,16.0
0.94068784,True,7,7,-2.0
0.67831385,True,1,1,6.0
0.9906504,True,8,8,16.0
0.6073414,True,1,1,4.0
0.9569804,True,7,7,16.0
0.9906799,True,6,6,0.0
0.70300484,False,10,1,-2.0
0.9886962,True,8,8,12.0
0.9248742,True,2,2,8.0
0.9897147,True,9,9,2.0
0.9198287,True,5,5,-2.0
0.99093,True,9,9,12.0
0.990567,True,4,4,2.0
0.9879033,True,7,7,0.0
0.6678498,False,0,9,-4.0
0.95712805,True,2,2,-2.0
0.9904356,True,4,4,8.0
0.9955634,True,5,5,16.0
0.99204284,True,9,9,6.0
0.99100375,True,7,7,18.0
0.99238116,True,7,7,10.0
0.992847,True,3,3,6.0
0.9729307,False,3,6,-4.0
0.9905957,True,3,3,14.0
0.95452964,True,2,2,2.0
0.99137443,True,6,6,14.0
0.99039346,True,4,4,14.0
0.985699,True,7,7,-2.0
0.98947644,True,7,7,12.0
0.9911611,True,8,8,8.0
0.5854148,True,1,1,14.0
0.99079376,True,3,3,8.0
0.99115086,True,0,0,18.0
0.5668134,True,1,1,2.0
0.9454764,True,9,9,-2.0
0.99198794,True,9,9,18.0
0.9925377,True,9,9,18.0
0.65075487,True,1,1,14.0
0.5602059,False,10,1,2.0
0.9929174,True,4,4,4.0
0.9914436,True,0,0,2.0
0.99222285,True,9,9,10.0
0.9904075,True,4,4,12.0
0.9905772,True,6,6,6.0
0.9920649,True,8,8,18.0
0.589321,True,1,1,14.0
0.9788184,True,3,3,0.0
0.9910651,True,3,3,12.0
0.95482725,True,2,2,8.0
0.99344987,True,9,9,8.0
0.9625151,True,2,2,12.0
0.9764573,True,7,7,0.0
0.97459215,True,5,5,0.0
0.72950137,True,1,1,18.0
0.9924905,True,0,0,16.0
0.9634684,True,2,2,18.0
0.9844946,True,5,5,10.0
0.5863036,True,1,1,2.0
0.9903092,True,5,5,-2.0
0.99059993,True,9,9,2.0
0.99065816,True,8,8,-4.0
0.5048014,False,1,10,2.0
0.99265575,True,9,9,2.0
0.99173623,True,5,5,14.0
0.9932808,True,5,5,8.0
0.9931433,True,5,5,8.0
0.95569336,True,2,2,14.0
0.8411309,True,1,1,16.0
0.93432915,True,2,2,-2.0
0.99132174,True,6,6,18.0
0.98833,True,0,0,18.0
0.9884609,True,7,7,-6.0
0.99168104,True,3,3,6.0
0.61824477,True,8,8,-6.0
0.9349664,False,0,2,-4.0
0.9907362,True,3,3,10.0
0.8725467,True,2,2,18.0
0.9903458,True,10,10,12.0
0.83035874,True,1,1,18.0
0.9892931,True,4,4,14.0
0.99109745,True,3,3,10.0
0.9792796,True,5,5,2.0
0.82489157,True,5,5,-2.0
0.9918268,True,8,8,12.0
0.9922043,True,0,0,12.0
0.68442106,False,10,1,0.0
0.9933402,True,9,9,2.0
0.79863644,False,9,4,-6.0
0.99112636,True,8,8,0.0
0.79314494,True,7,7,-4.0
0.6272082,True,1,1,0.0
0.9359196,True,2,2,8.0
0.58703,False,10,1,4.0
0.6053798,False,10,1,-6.0
0.99325246,True,8,8,-2.0
0.6779785,True,1,1,8.0
0.9586022,True,2,2,14.0
0.98903835,True,0,0,2.0
0.56617445,False,10,1,18.0
0.62690127,True,1,1,2.0
0.37155938,False,3,0,-6.0
0.9919773,True,0,0,16.0
0.99545634,True,4,4,-2.0
0.7684663,True,5,5,-6.0
0.99294466,True,9,9,18.0
0.99002993,True,0,0,6.0
0.9926761,True,3,3,0.0
0.9816596,True,9,9,-2.0
0.69877064,True,1,1,-4.0
0.98866194,True,7,7,6.0
0.99205,True,5,5,8.0
0.9934703,True,8,8,-2.0
0.9916495,True,7,7,4.0
0.9916476,True,5,5,18.0
0.98704046,True,5,5,4.0
0.9924199,True,8,8,-4.0
0.99100167,True,0,0,4.0
0.91678774,True,2,2,18.0
0.9916604,True,7,7,6.0
0.99222034,True,3,3,4.0
0.9914113,True,9,9,2.0
0.9373193,True,10,10,2.0
0.73579186,True,9,9,-2.0
0.9888263,True,8,8,-4.0
0.9940666,True,10,10,10.0
0.9908953,True,4,4,18.0
0.89971113,True,2,2,12.0
0.99260896,True,0,0,10.0
0.99160063,True,6,6,12.0
0.64254355,True,1,1,18.0
0.37885126,False,3,0,-6.0
0.99084693,True,9,9,14.0
0.8990026,False,7,0,-4.0
0.54159594,True,1,1,0.0
0.5972563,False,1,10,-6.0
0.9928812,True,3,3,16.0
0.36288705,False,0,9,-6.0
0.9906839,True,3,3,16.0
0.99292046,True,5,5,18.0
0.9893897,True,0,0,0.0
0.99302846,True,9,9,2.0
0.63796103,False,10,1,-6.0
0.9485236,True,2,2,4.0
0.98997283,True,7,7,8.0
0.9912326,True,6,6,-4.0
0.68677384,False,10,1,-4.0
0.9929067,True,4,4,2.0
0.99060494,True,4,4,8.0
0.99226826,True,6,6,16.0
0.9850699,True,0,0,0.0
0.99180835,True,7,7,14.0
0.9935294,True,3,3,8.0
0.58187795,True,8,8,10.0
0.62521386,False,10,1,8.0
0.8332024,True,10,10,0.0
0.9912327,True,3,3,14.0
0.99034214,True,6,6,4.0
0.9902535,True,8,8,14.0
0.991791,True,6,6,16.0
0.9909531,True,3,3,16.0
0.9895307,True,4,4,18.0
0.991814,True,3,3,14.0
0.9925195,True,0,0,6.0
0.9905004,True,0,0,18.0
0.8348213,False,5,10,-2.0
0.99442697,True,8,8,-4.0
0.59462047,True,1,1,16.0
0.9943024,True,5,5,2.0
0.993786,True,5,5,14.0
0.98845226,True,5,5,10.0
0.5739259,True,1,1,0.0
0.9924994,True,3,3,10.0
0.9937204,True,3,3,16.0
0.9615433,True,2,2,-6.0
0.9916745,True,8,8,0.0
0.93545306,True,2,2,-4.0
0.9929806,True,6,6,18.0
0.9829122,True,5,5,0.0
0.9921916,True,3,3,14.0
0.9891828,True,7,7,18.0
0.99280775,True,5,5,14.0
0.46212313,False,4,0,-6.0
0.56857,True,1,1,8.0
0.99177116,True,8,8,-2.0
0.588033,True,1,1,10.0
0.99232167,True,4,4,18.0
0.99187684,True,9,9,8.0
0.57054925,True,1,1,-2.0
0.9913577,True,6,6,14.0
0.66744876,False,9,0,-6.0
0.9904912,True,8,8,18.0
0.9484397,True,2,2,4.0
0.9504205,True,2,2,14.0
0.99086666,True,7,7,18.0
0.99382126,True,5,5,6.0
0.9910143,True,4,4,12.0
0.9918439,True,6,6,12.0
0.9919505,True,8,8,12.0
0.5883147,True,1,1,12.0
0.8129137,True,5,5,-2.0
0.99015105,True,0,0,18.0
0.94054353,True,2,2,14.0
0.99171525,True,3,3,4.0
0.99098957,True,4,4,14.0
0.9925208,True,6,6,6.0
0.59335077,False,10,1,12.0
0.8546287,False,9,0,-2.0
0.996053,True,5,5,-2.0
0.99212474,True,0,0,4.0
0.6205405,False,10,1,18.0
0.99165595,True,8,8,12.0
0.9174721,True,7,7,-2.0
0.98847455,True,7,7,18.0
0.9907487,True,0,0,2.0
0.99256694,True,9,9,4.0
0.95190334,True,2,2,4.0
0.99282247,True,6,6,-2.0
0.61892724,True,1,1,8.0
0.9930241,True,6,6,-2.0
0.99250364,True,5,5,18.0
0.5176124,True,1,1,-6.0
0.3609703,True,0,0,-6.0
0.995204,True,5,5,2.0
0.6419891,True,1,1,-6.0
0.9452985,True,2,2,0.0
0.98958975,True,4,4,-2.0
0.99099636,True,0,0,8.0
0.9914547,True,10,10,14.0
0.9940599,True,10,10,16.0
0.9913721,True,0,0,14.0
0.5885316,False,10,1,18.0
0.5915165,True,1,1,8.0
0.9775015,True,6,6,4.0
0.34571606,False,2,3,8.0
0.99191755,True,8,8,4.0
0.9919829,True,8,8,14.0
0.9912185,True,8,8,2.0
0.636659,False,10,1,-4.0
0.56243455,False,10,1,-4.0
0.56632227,False,10,1,8.0
0.99224794,True,9,9,12.0
0.9945996,True,10,10,18.0
0.9919171,True,6,6,8.0
0.96590024,True,1,1,18.0
0.9913065,True,9,9,18.0
0.9966084,True,10,10,2.0
0.98903894,True,7,7,6.0
0.77000827,True,3,3,-2.0
0.8715329,True,10,10,0.0
0.99017197,True,0,0,0.0
0.5654676,True,1,1,18.0
0.99008256,True,6,6,6.0
0.98712975,True,0,0,2.0
0.990761,True,8,8,12.0
0.72590774,False,10,1,2.0
0.9919143,True,8,8,16.0
0.992788,True,6,6,14.0
0.77219075,True,4,4,-6.0
0.9787617,True,0,0,-2.0
0.4817954,True,4,4,-6.0
0.61378694,True,1,1,18.0
0.51305,False,0,2,-6.0
0.9942267,True,5,5,14.0
0.5983882,True,8,8,18.0
0.9934546,True,10,10,12.0
0.99171925,True,9,9,6.0
0.99253017,True,9,9,14.0
0.87383133,False,5,4,-6.0
0.59068507,False,10,1,-4.0
0.5958732,True,1,1,14.0
0.9911458,True,6,6,12.0
0.92938185,True,2,2,6.0
0.99224526,True,9,9,14.0
0.928189,True,2,2,8.0
0.9278751,True,0,0,-2.0
0.9107547,True,2,2,10.0
0.9563261,True,2,2,0.0
0.96965474,True,0,0,-2.0
0.91635543,True,2,2,10.0
0.97304463,True,0,0,-2.0
0.9885535,True,7,7,0.0
0.98779315,True,5,5,0.0
0.99156064,True,4,4,8.0
0.9905648,True,0,0,16.0
0.99162275,True,0,0,16.0
0.5815113,True,1,1,10.0
0.77868396,True,10,10,2.0
0.9921715,True,5,5,12.0
0.9945359,True,5,5,18.0
0.9841538,True,6,6,-6.0
0.9925096,True,3,3,4.0
0.5729131,False,10,1,12.0
0.9860676,True,8,8,10.0
0.9909883,True,0,0,14.0
0.7964317,False,0,2,-6.0
0.8490953,False,8,7,8.0
0.7820151,True,10,10,2.0
0.97151214,True,2,2,4.0
0.95692474,True,7,7,4.0
0.9916448,True,3,3,4.0
0.9294085,True,2,2,6.0
0.9920718,True,0,0,14.0
0.940657,False,8,7,4.0
0.6376427,True,1,1,0.0
0.7833033,True,5,5,-6.0
0.9882858,True,0,0,6.0
0.99256104,True,4,4,8.0
0.9932012,True,8,8,-4.0
0.97142696,True,2,2,-2.0
0.9923833,True,8,8,0.0
0.99142647,True,0,0,12.0
0.26313898,False,0,3,-4.0
0.9918399,True,5,5,16.0
0.9842016,True,7,7,2.0
0.993901,True,9,9,2.0
0.55776805,False,0,3,-6.0
0.92363507,True,2,2,0.0
0.9932713,True,6,6,-6.0
0.9538578,True,7,7,10.0
0.9213803,True,2,2,10.0
0.60235494,True,1,1,-6.0
0.8200007,True,7,7,-4.0
0.98797613,True,0,0,0.0
0.82701945,False,3,5,-4.0
0.9926335,True,5,5,6.0
0.97748566,True,7,7,2.0
0.9895866,True,3,3,16.0
0.9914957,True,4,4,2.0
0.991927,True,5,5,2.0
0.7949851,True,5,5,-4.0
0.9669935,True,3,3,0.0
0.74133414,False,3,2,-6.0
0.99364775,True,10,10,14.0
0.99206513,True,8,8,-6.0
0.99050796,True,8,8,2.0
0.9316802,False,10,5,-4.0
0.99209565,True,6,6,8.0
0.6808073,True,1,1,14.0
0.9927176,True,8,8,8.0
0.8156027,True,0,0,-4.0
0.991072,True,8,8,6.0
0.99081004,True,3,3,6.0
0.57869285,False,10,1,18.0
0.9927899,True,4,4,4.0
0.99165934,True,7,7,10.0
0.57517844,True,1,1,4.0
0.8926511,True,0,0,-2.0
0.8193714,True,3,3,-2.0
0.99040157,True,7,7,6.0
0.9912571,True,6,6,4.0
0.994144,True,4,4,-2.0
0.5712354,False,10,1,18.0
0.9905212,True,5,5,6.0
0.9901687,True,0,0,6.0
0.9930159,True,3,3,2.0
0.69763887,True,9,9,-4.0
0.9912396,True,3,3,12.0
0.97041994,True,7,7,-6.0
0.98982143,True,4,4,4.0
0.99444985,True,4,4,-4.0
0.98817354,True,0,0,0.0
0.9923718,True,0,0,18.0
0.71792877,False,10,1,6.0
0.65191096,False,10,1,4.0
0.8978255,True,10,10,6.0
0.99200904,True,3,3,8.0
0.99011445,True,4,4,2.0
0.9912866,True,0,0,14.0
0.9921096,True,8,8,12.0
0.9898432,True,4,4,16.0
0.98549485,True,7,7,10.0
0.57233113,True,1,1,16.0
0.9919742,True,6,6,16.0
0.67578965,True,1,1,2.0
0.9909916,True,7,7,4.0
0.8766105,True,5,5,-2.0
0.9900669,True,7,7,4.0
0.99402183,True,0,0,18.0
0.63998806,False,10,1,16.0
0.99328905,True,5,5,16.0
0.98854196,True,4,4,0.0
0.9908082,True,8,8,6.0
0.6619269,False,10,1,-2.0
0.9916819,True,6,6,6.0
0.9948915,True,5,5,16.0
0.9900177,True,0,0,18.0
0.9283223,True,2,2,-6.0
0.58467245,True,1,1,6.0
0.99086106,True,9,9,12.0
0.99035513,True,4,4,2.0
0.5091858,False,10,1,-4.0
0.5604664,True,1,1,6.0
0.98760694,True,6,6,-6.0
0.99201703,True,4,4,0.0
0.6469422,False,9,0,-6.0
0.6340983,False,0,5,-4.0
0.9201909,True,9,9,-2.0
0.9922408,True,0,0,12.0
0.9899003,True,0,0,8.0
0.73406106,True,1,1,10.0
0.99097544,True,4,4,10.0
0.98980695,True,5,5,8.0
0.99125236,True,9,9,6.0
0.99213713,True,6,6,2.0
0.99213225,True,6,6,4.0
0.99210817,True,8,8,14.0
0.99054796,True,9,9,6.0
0.98799336,True,5,5,0.0
0.9927046,True,0,0,4.0
0.6848032,True,1,1,8.0
0.58816975,False,10,1,6.0
0.9922212,True,0,0,18.0
0.98951274,True,8,8,0.0
0.571624,True,1,1,16.0
0.5567639,True,1,1,8.0
0.99279493,True,8,8,10.0
0.9912815,True,8,8,8.0
0.9890605,True,3,3,18.0
0.9925597,True,8,8,8.0
0.99090296,True,9,9,14.0
0.99475634,True,5,5,10.0
0.9870313,True,7,7,-2.0
0.56244475,True,1,1,6.0
0.99087757,True,0,0,2.0
0.99321437,True,8,8,14.0
0.9920282,True,8,8,2.0
0.98970056,True,7,7,4.0
0.59536827,False,10,1,14.0
0.6030244,True,1,1,4.0
0.9932608,True,7,7,6.0
0.9929985,True,8,8,0.0
0.58235925,False,10,1,14.0
0.9919722,True,8,8,8.0
0.99190795,True,4,4,8.0
0.99348193,True,6,6,-2.0
0.599279,True,1,1,12.0
0.98676425,True,7,7,6.0
0.9468305,True,2,2,4.0
0.5980836,True,5,5,-6.0
0.9908544,True,7,7,2.0
0.9918108,True,6,6,12.0
0.56154424,False,3,6,-4.0
0.99461657,True,8,8,-4.0
0.99148625,True,6,6,10.0
0.97348726,True,7,7,-6.0
0.99284804,True,3,3,12.0
0.9079898,True,2,2,18.0
0.99283993,True,4,4,0.0
0.96965474,True,7,7,-6.0
0.9915255,True,5,5,16.0
0.94114107,True,5,5,-2.0
0.6396436,True,1,1,2.0
0.52020556,False,3,5,-6.0
0.90209556,True,2,2,-6.0
0.9942825,True,8,8,-4.0
0.9725749,True,2,2,2.0
0.9918682,True,9,9,4.0
0.78645414,True,3,3,-4.0
0.9880173,True,7,7,6.0
0.9939063,True,5,5,12.0
0.9702027,True,2,2,16.0
0.9909957,True,7,7,6.0
0.992411,True,8,8,-2.0
0.9779128,True,4,4,-4.0
0.50322694,False,7,8,0.0
0.99501204,True,10,10,18.0
0.9910433,True,8,8,8.0
0.9923677,True,9,9,18.0
0.9909984,True,3,3,8.0
0.9929919,True,9,9,14.0
0.95822924,True,2,2,16.0
0.9956,True,10,10,16.0
0.9901668,True,7,7,8.0
0.99088556,True,7,7,8.0
0.9927704,True,4,4,4.0
0.5745042,True,1,1,16.0
0.60832375,False,10,1,-2.0
0.99082726,True,7,7,12.0
0.9914622,True,8,8,16.0
0.9503723,True,2,2,14.0
0.9932614,True,3,3,-2.0
0.46767533,False,3,0,-6.0
0.99363977,True,3,3,0.0
0.99404436,True,3,3,2.0
0.53982943,False,9,0,-4.0
0.9625752,True,5,5,-6.0
0.9898633,True,4,4,2.0
0.9917847,True,9,9,4.0
0.987277,True,10,10,18.0
0.5275563,False,5,10,0.0
0.96885115,True,10,10,6.0
0.9906324,True,0,0,4.0
0.9772677,True,7,7,-4.0
0.62125677,True,1,1,4.0
0.8875374,True,2,2,6.0
0.81036776,True,3,3,-6.0
0.99183017,True,5,5,14.0
0.9925218,True,4,4,4.0
0.98908794,True,3,3,8.0
0.99606436,True,10,10,2.0
0.9894958,True,7,7,16.0
0.992539,True,3,3,4.0
0.9914894,True,9,9,6.0
0.9923963,True,9,9,6.0
0.991117,True,9,9,12.0
0.5508583,False,10,1,-2.0
0.5729954,False,10,1,4.0
0.99164635,True,6,6,6.0
0.99239093,True,0,0,12.0
0.9675223,True,2,2,14.0
0.9908698,True,3,3,14.0
0.9909136,True,6,6,18.0
0.9908642,True,4,4,4.0
0.93793714,True,2,2,2.0
0.5717405,True,1,1,18.0
0.91718864,True,2,2,-2.0
0.990923,True,9,9,2.0
0.95934623,True,2,2,-6.0
0.5113692,False,10,1,-6.0
0.99259007,True,6,6,-4.0
0.9907295,True,8,8,12.0
0.67484474,True,1,1,16.0
0.9921548,True,9,9,2.0
0.99295455,True,8,8,-2.0
0.9948249,True,5,5,8.0
0.9844185,True,0,0,2.0
0.99098724,True,9,9,12.0
0.98386455,True,10,10,6.0
0.9914296,True,6,6,10.0
0.993722,True,4,4,2.0
0.9627436,True,7,7,0.0
0.9919733,True,3,3,12.0
0.6381842,True,1,1,10.0
0.5789223,False,10,1,14.0
0.69106084,True,1,1,10.0
0.99223197,True,9,9,8.0
0.599715,True,1,1,2.0
0.9939758,True,5,5,4.0
0.94165677,True,2,2,2.0
0.88034135,True,2,2,6.0
0.9546511,True,2,2,-2.0
0.99159276,True,9,9,12.0
0.99351716,True,6,6,6.0
0.61412996,False,1,10,-6.0
0.98860604,True,10,10,12.0
0.9934047,True,8,8,10.0
0.9924332,True,8,8,18.0
0.9918006,True,7,7,10.0
0.99280316,True,9,9,6.0
0.9291732,True,5,5,0.0
0.9894902,True,4,4,12.0
0.8166615,True,0,0,-2.0
0.990755,True,7,7,6.0
0.62908727,False,10,1,-2.0
0.8654128,True,10,10,-4.0
0.9913458,True,3,3,4.0
0.99350256,True,5,5,8.0
0.57257223,True,1,1,-6.0
0.991651,True,9,9,16.0
0.9900005,True,4,4,14.0
0.9927188,True,9,9,2.0
0.9606292,True,2,2,0.0
0.99323386,True,8,8,10.0
0.9902248,True,3,3,0.0
0.9920643,True,0,0,6.0
0.6053509,False,10,1,0.0
0.99171525,True,9,9,16.0
0.9908324,True,7,7,14.0
0.5361786,True,0,0,-2.0
0.99315757,True,6,6,2.0
0.991026,True,4,4,2.0
0.99197,True,0,0,18.0
0.51364356,True,10,10,-6.0
0.9936336,True,9,9,8.0
0.7540263,True,5,5,0.0
0.99208015,True,5,5,6.0
0.9354397,True,2,2,16.0
0.9926358,True,3,3,18.0
0.99238914,True,3,3,6.0
0.55190057,True,1,1,10.0
0.72188354,True,3,3,-6.0
0.8721333,True,10,10,14.0
0.99089265,True,7,7,0.0
0.9914398,True,3,3,4.0
0.9924941,True,7,7,18.0
0.6161065,True,1,1,8.0
0.58612955,False,1,2,-6.0
0.9802219,True,5,5,6.0
0.99262357,True,4,4,0.0
0.9920711,True,10,10,10.0
0.98927444,True,8,8,14.0
0.99165744,True,6,6,8.0
0.9917567,True,6,6,16.0
0.9927309,True,5,5,-4.0
0.5186903,False,2,4,8.0
0.8804938,True,2,2,0.0
0.9899877,True,4,4,2.0
0.99166405,True,9,9,10.0
0.98392373,False,9,4,-2.0
0.9913191,True,6,6,8.0
0.99154145,True,8,8,0.0
0.9941485,True,3,3,2.0
0.9935881,True,5,5,14.0
0.92930585,True,2,2,2.0
0.9896954,True,7,7,6.0
0.990815,True,3,3,2.0
0.9467287,True,2,2,-4.0
0.9918177,True,4,4,6.0
0.9913687,True,4,4,12.0
0.6737786,True,7,7,-6.0
0.99273574,True,0,0,6.0
0.99180025,True,6,6,6.0
0.90791696,True,10,10,16.0
0.9637752,True,7,7,-2.0
0.9645466,False,3,5,-6.0
0.99082583,True,8,8,16.0
0.9896309,True,5,5,2.0
0.99214375,True,8,8,18.0
0.99033594,True,4,4,10.0
0.9923193,True,3,3,16.0
0.99144906,True,6,6,18.0
0.99265856,True,9,9,16.0
0.83910465,True,1,1,18.0
0.99031115,True,4,4,18.0
0.9203126,True,5,5,-6.0
0.6660395,True,4,4,-6.0
0.9904268,True,3,3,6.0
0.9928483,True,0,0,16.0
0.654615,False,10,1,-2.0
0.96275306,True,2,2,2.0
0.99406284,True,9,9,14.0
0.9901603,True,10,10,8.0
0.9599528,True,7,7,18.0
0.6020778,False,10,1,14.0
0.93432105,True,10,10,0.0
0.9912881,True,9,9,6.0
0.99228126,True,6,6,12.0
0.99095017,True,6,6,-4.0
0.65389556,True,5,5,-6.0
0.9905009,True,3,3,12.0
0.9920019,True,0,0,10.0
0.9925007,True,8,8,2.0
0.9923543,True,9,9,18.0
0.9921485,True,0,0,14.0
0.9912547,True,4,4,8.0
0.92696935,True,4,4,-2.0
0.99167144,True,6,6,6.0
0.98852706,True,0,0,8.0
0.9019829,True,2,2,10.0
0.99265045,True,9,9,10.0
0.6899968,True,1,1,4.0
0.96156806,True,2,2,16.0
0.9661774,True,2,2,12.0
0.9916372,True,0,0,6.0
0.99189925,True,6,6,12.0
0.5923012,False,3,0,-4.0
0.9901399,True,4,4,6.0
0.99342453,True,5,5,10.0
0.9922064,True,8,8,4.0
0.99359506,True,10,10,18.0
0.954641,True,2,2,6.0
0.99049616,True,9,9,10.0
0.99146444,True,3,3,6.0
0.9907231,True,0,0,16.0
0.9918413,True,5,5,8.0
0.99214184,True,4,4,0.0
0.9936202,True,9,9,10.0
0.99241686,True,4,4,8.0
0.9481716,True,8,8,14.0
0.99015385,True,7,7,6.0
0.9917298,True,8,8,6.0
0.9933634,True,6,6,12.0
0.9934744,True,9,9,6.0
0.6428743,True,1,1,-6.0
0.99151003,True,9,9,12.0
0.7509387,False,10,1,-2.0
0.9232231,True,2,2,14.0
0.99182034,True,6,6,6.0
0.6601923,True,10,10,-2.0
0.99131095,True,0,0,18.0
0.79144293,True,2,2,14.0
0.91504765,False,6,2,-2.0
0.99177927,True,5,5,16.0
0.99183977,True,0,0,4.0
0.9917236,True,8,8,0.0
0.9523091,True,7,7,-6.0
0.9429091,True,2,2,8.0
0.99165136,True,8,8,16.0
0.6580031,False,10,1,4.0
0.9915713,True,9,9,2.0
0.99221087,True,0,0,8.0
0.99086916,True,8,8,14.0
0.95748395,True,2,2,-4.0
0.9926513,True,8,8,12.0
0.7119112,True,1,1,0.0
0.9915582,True,9,9,18.0
0.992316,True,9,9,14.0
0.9889619,True,4,4,14.0
0.61003464,True,3,3,-2.0
0.99283934,True,4,4,12.0
0.99080163,True,3,3,16.0
0.98919255,True,3,3,8.0
0.99158514,True,9,9,8.0
0.98300165,True,0,0,0.0
0.88380486,True,7,7,-4.0
0.96810853,False,8,2,8.0
0.9905861,True,9,9,0.0
0.99285156,True,6,6,2.0
0.9912163,True,6,6,4.0
0.9902406,True,3,3,6.0
0.9931866,True,9,9,10.0
0.87981254,False,0,9,-2.0
0.94647664,True,2,2,6.0
0.99178845,True,3,3,18.0
0.8683369,False,4,2,-6.0
0.990522,True,7,7,-2.0
0.99033725,True,4,4,14.0
0.5131876,False,1,10,-6.0
0.56525695,True,1,1,-6.0
0.9702829,True,2,2,4.0
0.8199984,False,4,5,-6.0
0.7377082,False,10,1,18.0
0.57873005,False,8,7,-6.0
0.9933996,True,5,5,14.0
0.9908291,True,5,5,-2.0
0.9935226,True,8,8,-4.0
0.98504835,True,7,7,18.0
0.43787867,True,4,4,-6.0
0.99103373,True,6,6,8.0
0.9922059,True,9,9,18.0
0.8305076,False,4,2,-6.0
0.9854197,True,5,5,0.0
0.992543,True,10,10,18.0
0.96301347,True,2,2,-6.0
0.5918399,False,10,1,14.0
0.41884816,False,0,9,-4.0
0.99087393,True,4,4,18.0
0.9927038,True,8,8,2.0
0.68835866,False,10,1,-2.0
0.99200237,True,8,8,8.0
0.99108267,True,3,3,10.0
0.61106443,False,10,1,8.0
0.9915159,True,3,3,18.0
0.9920144,True,4,4,10.0
0.991085,True,3,3,-2.0
0.99013746,True,4,4,18.0
0.67185205,True,1,1,-2.0
0.9892819,True,0,0,16.0
0.85435086,False,0,9,-2.0
0.98890483,True,7,7,12.0
0.9831086,False,8,7,18.0
0.94112486,True,2,2,12.0
0.99654526,True,3,3,-2.0
0.99054736,True,6,6,10.0
0.9916992,True,3,3,12.0
0.99006236,True,10,10,14.0
0.99029434,True,8,8,2.0
0.98972064,True,8,8,4.0
0.56882423,False,10,1,10.0
0.57408214,False,10,1,8.0
0.5822282,False,10,1,10.0
0.99182534,True,0,0,2.0
0.9915616,True,9,9,6.0
0.6580365,False,5,1,-4.0
0.99257785,True,8,8,-4.0
0.60309476,False,10,1,-2.0
0.9913078,True,6,6,8.0
0.9940183,True,5,5,18.0
0.9923266,True,8,8,4.0
0.9895864,True,0,0,0.0
0.6491545,True,1,1,-2.0
0.991286,True,6,6,14.0
0.5622573,True,1,1,4.0
0.5955536,False,1,10,-2.0
0.9925868,True,9,9,16.0
0.9924555,True,5,5,8.0
0.84479743,True,2,2,2.0
0.99207485,True,9,9,16.0
0.554358,True,1,1,4.0
0.9915833,True,0,0,16.0
0.9922684,True,3,3,4.0
0.99209267,True,4,4,8.0
0.9906267,True,8,8,14.0
0.57261294,False,10,1,18.0
0.5774052,False,10,1,16.0
0.9894192,True,4,4,16.0
0.63350713,False,9,0,-2.0
0.99032366,True,8,8,0.0
0.57410204,False,10,1,18.0
0.54987794,True,1,1,10.0
0.5720839,True,1,1,10.0
0.99280035,True,6,6,14.0
0.96866846,True,5,5,-6.0
0.9875836,True,2,2,14.0
0.9922438,True,0,0,12.0
0.9932156,True,5,5,18.0
0.6078724,True,5,5,-6.0
0.99131,True,6,6,18.0
0.82076865,True,2,2,10.0
0.9910086,True,4,4,16.0
0.9810034,True,7,7,-2.0
0.9914949,True,3,3,16.0
0.9925984,True,9,9,14.0
0.9914778,True,8,8,14.0
0.99225676,True,3,3,2.0
0.9959394,True,4,4,-4.0
0.9934186,True,8,8,10.0
0.8135121,True,7,7,4.0
0.9886457,True,5,5,18.0
0.6292526,True,1,1,-6.0
0.98581296,True,7,7,18.0
0.9948841,True,5,5,0.0
0.9920195,True,4,4,4.0
0.6112793,True,8,8,4.0
0.9917122,True,10,10,10.0
0.8928005,True,7,7,-4.0
0.91103876,True,2,2,16.0
0.9920242,True,6,6,10.0
0.5665906,False,10,1,2.0
0.9929287,True,8,8,6.0
0.99158525,True,8,8,4.0
0.99069,True,9,9,18.0
0.9918218,True,6,6,-2.0
0.9883702,True,6,6,-4.0
0.4499638,True,8,8,10.0
0.9902867,True,6,6,12.0
0.99164456,True,8,8,-6.0
0.99167705,True,7,7,18.0
0.50598997,True,10,10,-4.0
0.99282104,True,8,8,18.0
0.60700834,True,1,1,16.0
0.9910453,True,6,6,4.0
0.9919852,True,10,10,14.0
0.9925534,True,4,4,0.0
0.9917482,True,7,7,10.0
0.6939232,True,7,7,16.0
0.54365164,True,1,1,-4.0
0.94964325,True,2,2,4.0
0.9937789,True,5,5,6.0
0.99182594,True,7,7,-6.0
0.9921726,True,8,8,8.0
0.5882011,True,1,1,18.0
0.58129406,False,10,1,2.0
0.5479552,True,10,10,-6.0
0.99142766,True,3,3,2.0
0.4686255,False,4,9,-6.0
0.98106784,True,4,4,-4.0
0.99133766,True,6,6,18.0
0.9866281,True,10,10,12.0
0.9921779,True,5,5,6.0
0.9945898,True,8,8,-6.0
0.98963565,True,5,5,-2.0
0.9923044,True,3,3,-2.0
0.9915656,True,9,9,8.0
0.9928631,True,4,4,2.0
0.9946577,True,10,10,8.0
0.8729093,True,0,0,-2.0
0.80663586,False,4,3,-6.0
0.99368864,True,5,5,2.0
0.9581099,True,2,2,2.0
0.98967195,True,3,3,18.0
0.9742501,True,4,4,-6.0
0.99176216,True,5,5,0.0
0.982429,True,4,4,-4.0
0.99168503,True,5,5,12.0
0.99344915,True,8,8,-4.0
0.9937662,True,5,5,10.0
0.6508035,False,0,3,-6.0
0.98680717,True,4,4,16.0
0.51650566,False,0,9,-6.0
0.55247796,False,9,0,-6.0
0.5897048,True,1,1,4.0
0.9920127,True,9,9,4.0
0.9889937,True,3,3,18.0
0.62342995,True,1,1,10.0
0.9909677,True,7,7,2.0
0.991197,True,8,8,4.0
0.96764594,True,8,8,10.0
0.9901596,True,7,7,4.0
0.99319834,True,5,5,18.0
0.98977405,True,8,8,2.0
0.9961356,True,5,5,8.0
0.99242264,True,6,6,18.0
0.9277582,True,2,2,4.0
0.992446,True,5,5,10.0
0.9921793,True,9,9,0.0
0.79845,True,1,1,12.0
0.9920433,True,0,0,18.0
0.9941625,True,5,5,12.0
0.83178234,True,10,10,12.0
0.99316347,True,8,8,2.0
0.98948026,True,3,3,2.0
0.6172075,False,9,3,-6.0
0.99302423,True,9,9,10.0
0.9716545,True,2,2,0.0
0.5672325,False,10,1,10.0
0.9148549,True,7,7,-2.0
0.9904406,True,4,4,14.0
0.9891488,True,7,7,6.0
0.99235666,True,8,8,10.0
0.78600186,False,4,5,-4.0
0.9925,True,5,5,18.0
0.99027866,True,3,3,0.0
0.990072,True,3,3,14.0
0.99152184,True,9,9,16.0
0.5846291,True,1,1,0.0
0.9905674,True,4,4,18.0
0.99096996,True,7,7,18.0
0.6300875,True,1,1,10.0
0.72529584,True,1,1,2.0
0.56666636,False,10,1,18.0
0.9636439,True,0,0,0.0
0.99151456,True,4,4,10.0
0.925221,True,2,2,12.0
0.9906336,True,3,3,12.0
0.9906433,True,7,7,16.0
0.99174494,True,5,5,10.0
0.33529708,False,9,0,-6.0
0.55031437,False,10,1,0.0
0.9898184,True,10,10,14.0
0.99142224,True,8,8,10.0
0.8789413,True,2,2,14.0
0.4228786,False,3,4,-6.0
0.73115474,False,2,4,-4.0
0.47726467,True,9,9,-6.0
0.9937966,True,6,6,8.0
0.99095553,True,8,8,14.0
0.98999465,True,7,7,4.0
0.59588087,True,1,1,-2.0
0.68000203,True,1,1,2.0
0.7609242,False,10,1,12.0
0.99183345,True,3,3,0.0
0.9893773,True,7,7,4.0
0.9923969,True,9,9,18.0
0.9543576,True,2,2,-2.0
0.63132906,True,1,1,8.0
0.99340665,True,8,8,-2.0
0.9888526,True,3,3,12.0
0.9722624,True,2,2,-4.0
0.99026674,True,3,3,8.0
0.56184065,False,5,4,-6.0
0.98952764,True,0,0,14.0
0.9903142,True,0,0,16.0
0.67142946,True,1,1,-2.0
0.9939686,True,8,8,-2.0
0.9913749,True,8,8,14.0
0.9922351,True,8,8,16.0
0.67069864,True,6,6,-6.0
0.9892784,True,7,7,-6.0
0.9902603,True,6,6,2.0
0.9108145,True,2,2,4.0
0.94854647,True,0,0,-2.0
0.9912115,True,9,9,12.0
0.9833297,True,10,10,6.0
0.60864556,False,10,1,2.0
0.7324711,True,1,1,4.0
0.50124663,False,4,9,-4.0
0.99172133,True,3,3,2.0
0.6558854,True,1,1,0.0
0.94531083,False,7,2,10.0
0.9863608,True,5,5,2.0
0.99205583,True,9,9,12.0
0.9911335,True,7,7,4.0
0.99189353,True,3,3,14.0
0.5607024,False,10,1,10.0
0.991548,True,4,4,6.0
0.67524165,True,1,1,2.0
0.99095094,True,4,4,2.0
0.99678445,True,4,4,-2.0
0.99093425,True,3,3,16.0
0.86766905,True,5,5,0.0
0.9920546,True,5,5,4.0
0.6553157,False,9,2,-6.0
0.9439637,True,2,2,6.0
0.99125844,True,3,3,16.0
0.897564,True,2,2,10.0
0.9647087,True,9,9,-4.0
0.525032,False,10,1,-4.0
0.9933193,True,4,4,18.0
0.9919857,True,5,5,16.0
0.57292855,True,1,1,16.0
0.98789513,False,0,9,0.0
0.57524437,True,1,1,18.0
0.94022876,True,5,5,-6.0
0.6315997,False,10,1,-6.0
0.9928671,True,8,8,14.0
0.99266243,True,3,3,12.0
0.9907979,True,4,4,12.0
0.9901254,True,5,5,18.0
0.9670049,True,2,2,16.0
0.64757407,True,10,10,-4.0
0.72197634,True,1,1,-2.0
0.5568324,True,8,8,-6.0
0.9911345,True,5,5,2.0
0.9934888,True,5,5,16.0
0.9941301,True,5,5,4.0
0.99407554,True,6,6,18.0
0.9897238,True,0,0,8.0
0.99468577,True,3,3,0.0
0.9944719,True,5,5,10.0
0.9907218,True,8,8,10.0
0.99384874,True,9,9,8.0
0.99009645,True,9,9,10.0
0.79268205,True,4,4,-4.0
0.9901183,True,3,3,14.0
0.9932028,True,5,5,4.0
0.938387,True,2,2,8.0
0.5761488,False,10,1,10.0
0.9309219,True,2,2,12.0
0.9896477,True,7,7,16.0
0.44735548,False,4,9,-4.0
0.9936237,True,4,4,16.0
0.9918886,True,3,3,6.0
0.9125825,True,2,2,-4.0
0.9901329,True,4,4,10.0
0.99244666,True,4,4,14.0
0.9914321,True,4,4,10.0
0.98763925,True,5,5,-4.0
0.99367213,True,5,5,4.0
0.99335665,True,8,8,4.0
0.99029946,True,3,3,10.0
0.9855467,True,5,5,12.0
0.99049485,True,4,4,10.0
0.588257,True,9,9,-4.0
0.608239,False,10,1,8.0
0.99123645,True,5,5,12.0
0.99223375,True,6,6,14.0
0.8722528,True,2,2,8.0
0.99142796,True,7,7,8.0
0.992025,True,5,5,16.0
0.9926662,True,9,9,18.0
0.794901,False,9,2,16.0
0.9910138,True,8,8,-4.0
0.9934458,True,3,3,16.0
0.9936352,True,9,9,10.0
0.6311439,True,0,0,-4.0
0.60138935,False,10,1,8.0
0.9908574,True,4,4,14.0
0.98048204,True,6,6,4.0
0.89762104,False,0,3,-6.0
0.9918087,True,0,0,8.0
0.99233854,True,0,0,8.0
0.99105775,True,4,4,14.0
0.66894907,False,10,1,4.0
0.76744485,True,4,4,-4.0
0.98345655,True,4,4,-4.0
0.9921951,True,0,0,2.0
0.848133,False,5,10,0.0
0.41657814,False,0,9,-6.0
0.5560484,True,0,0,-4.0
0.82579654,True,6,6,-6.0
0.6522767,False,10,1,-4.0
0.99234736,True,7,7,4.0
0.9916392,True,4,4,12.0
0.6552143,False,10,1,-2.0
0.9925593,True,9,9,8.0
0.6004809,True,2,2,8.0
0.9914356,True,9,9,8.0
0.9390448,True,2,2,-2.0
0.9922442,True,0,0,6.0
0.5677724,False,10,1,2.0
0.9928848,True,3,3,0.0
0.99164975,True,8,8,6.0
0.9942978,True,5,5,16.0
0.9913395,True,9,9,12.0
0.99208176,True,8,8,0.0
0.9931999,True,0,0,18.0
0.9921835,True,9,9,8.0
0.66864157,False,10,1,-4.0
0.9922767,True,9,9,14.0
0.6439037,True,1,1,12.0
0.9900096,True,0,0,14.0
0.7017722,True,9,9,6.0
0.9924429,True,3,3,2.0
0.49871823,True,3,3,-6.0
0.84095496,True,2,2,8.0
0.99268335,True,9,9,6.0
0.98850864,True,7,7,4.0
0.65196633,True,1,1,4.0
0.98398834,True,3,3,-2.0
0.99172944,True,8,8,8.0
0.9903467,True,7,7,0.0
0.99143887,True,9,9,8.0
0.99294984,True,5,5,6.0
0.9906483,True,7,7,-2.0
0.9916397,True,4,4,0.0
0.9175331,True,7,7,14.0
0.98919976,True,3,3,2.0
0.9909003,True,7,7,14.0
0.99292326,True,9,9,8.0
0.9935813,True,9,9,14.0
0.9727959,True,3,3,-4.0
0.55831707,True,1,1,10.0
0.61220634,True,1,1,10.0
0.54524654,False,10,1,-2.0
0.9909769,True,7,7,8.0
0.99075985,True,6,6,0.0
0.9916448,True,6,6,0.0
0.4449573,False,0,9,-6.0
0.9658252,True,2,2,14.0
0.9133097,True,2,2,8.0
0.544166,True,7,7,-6.0
0.9921733,True,4,4,4.0
0.58502895,False,10,1,10.0
0.6229408,True,1,1,6.0
0.9882968,True,7,7,-6.0
0.9932051,True,5,5,16.0
0.990741,True,7,7,8.0
0.9924959,True,5,5,12.0
0.95739555,False,9,2,2.0
0.565704,True,1,1,18.0
0.99266475,True,0,0,14.0
0.9900497,True,0,0,18.0
0.9913052,True,3,3,14.0
0.99178445,True,4,4,12.0
0.7373991,False,9,0,-2.0
0.990965,True,0,0,18.0
0.9914513,True,5,5,6.0
0.9563503,True,2,2,18.0
0.9924408,True,3,3,10.0
0.78244585,False,9,0,-2.0
0.98992455,True,4,4,16.0
0.9911328,True,9,9,10.0
0.99061066,True,4,4,14.0
0.7029093,False,10,5,0.0
0.99052984,True,4,4,14.0
0.5771974,True,1,1,14.0
0.983887,True,7,7,-2.0
0.5891261,True,1,1,-6.0
0.9887057,True,0,0,4.0
0.9905054,True,3,3,14.0
0.99300164,True,3,3,2.0
0.9921564,True,6,6,12.0
0.9926938,True,0,0,10.0
0.9905122,True,0,0,10.0
0.620744,False,3,0,-6.0
0.9823727,True,7,7,8.0
0.61360604,False,10,1,-2.0
0.9922019,True,9,9,4.0
0.9933983,True,9,9,18.0
0.71126187,False,4,5,-6.0
0.85286343,False,2,3,0.0
0.992475,True,8,8,8.0
0.9916414,True,4,4,4.0
0.99263835,True,0,0,8.0
0.99142563,True,6,6,10.0
0.567919,False,10,1,18.0
0.99058914,True,4,4,6.0
0.990216,True,8,8,14.0
0.81423205,False,9,4,-2.0
0.95157385,True,2,2,-6.0
0.993295,True,10,10,10.0
0.69217426,True,1,1,-6.0
0.99150085,True,6,6,-4.0
0.99275726,True,6,6,10.0
0.986527,True,7,7,10.0
0.97480416,True,9,9,-2.0
0.7869723,True,1,1,6.0
0.9893539,True,5,5,2.0
0.9926044,True,6,6,8.0
0.9934376,True,6,6,-4.0
0.56749755,False,10,1,6.0
0.9887683,True,8,8,8.0
0.9896898,True,3,3,10.0
0.99080724,True,6,6,12.0
0.9883128,True,4,4,-2.0
0.992949,True,6,6,0.0
0.5754424,True,1,1,16.0
0.9511318,True,2,2,12.0
0.9902227,True,7,7,16.0
0.9918503,True,6,6,18.0
0.99089104,True,8,8,12.0
0.91264075,True,2,2,4.0
0.99110645,True,4,4,4.0
0.9913284,True,7,7,8.0
0.99111474,True,9,9,4.0
0.9825514,True,7,7,12.0
0.99202967,True,8,8,14.0
0.5051563,False,10,1,-4.0
0.99103326,True,0,0,12.0
0.9911834,True,3,3,16.0
0.99159056,True,7,7,14.0
0.9934847,True,4,4,0.0
0.8284523,True,9,9,-4.0
0.99185807,True,10,10,14.0
0.9581849,True,2,2,12.0
0.9884552,True,7,7,6.0
0.5761846,True,1,1,18.0
0.9823941,True,5,5,-4.0
0.9919475,True,8,8,6.0
0.9908444,True,8,8,18.0
0.99213284,True,4,4,8.0
0.56736827,True,1,1,2.0
0.9920636,True,6,6,18.0
0.96502286,True,2,2,-2.0
0.9928556,True,5,5,4.0
0.4731356,False,4,2,-6.0
0.99223083,True,8,8,-6.0
0.48642522,False,9,0,-6.0
0.991552,True,7,7,16.0
0.92567056,True,2,2,18.0
0.6150346,True,1,1,8.0
0.73657846,True,1,1,18.0
0.83811104,True,10,10,0.0
0.9537065,True,5,5,2.0
0.6478771,False,10,1,2.0
0.99217516,True,0,0,4.0
0.57482874,True,1,1,16.0
0.62150997,True,1,1,10.0
0.63364625,True,1,1,-4.0
0.45936337,False,0,4,-4.0
0.9624343,True,2,2,10.0
0.95352733,True,2,2,-6.0
0.98573583,True,5,5,-2.0
0.5397011,True,0,0,-2.0
0.99331266,True,3,3,4.0
0.9925142,True,6,6,4.0
0.9891766,True,4,4,12.0
0.99285054,True,8,8,2.0
0.9917319,True,7,7,12.0
0.9727727,True,5,5,-2.0
0.9910301,True,0,0,16.0
0.99370414,True,10,10,18.0
0.9929658,True,7,7,16.0
0.99140793,True,7,7,14.0
0.9918338,True,9,9,8.0
0.9941902,True,9,9,0.0
0.9933134,True,7,7,-6.0
0.7035663,True,1,1,-6.0
0.99205506,True,4,4,6.0
0.9923614,True,6,6,12.0
0.9925924,True,9,9,14.0
0.99210995,True,9,9,6.0
0.39110577,False,3,9,-6.0
0.99155277,True,8,8,0.0
0.99071455,True,4,4,12.0
0.9917828,True,6,6,14.0
0.6815589,True,4,4,-6.0
0.68539596,True,1,1,0.0
0.5955525,True,1,1,6.0
0.9915314,True,5,5,18.0
0.9941644,True,10,10,8.0
0.64095694,True,1,1,-2.0
0.96344733,True,2,2,8.0
0.5930907,True,0,0,-4.0
0.99127054,True,8,8,4.0
0.9928583,True,9,9,2.0
0.64751357,True,1,1,8.0
0.9889709,True,7,7,-4.0
0.99247086,True,9,9,4.0
0.9696767,True,7,7,-4.0
0.9413199,True,2,2,6.0
0.9934668,True,5,5,18.0
0.9931965,True,6,6,6.0
0.8600029,True,10,10,14.0
0.991508,True,8,8,10.0
0.9909305,True,8,8,18.0
0.99198157,True,5,5,16.0
0.9928504,True,9,9,18.0
0.99125004,True,7,7,8.0
0.99072707,True,4,4,12.0
0.8967101,True,2,2,-2.0
0.99101603,True,7,7,0.0
0.992599,True,4,4,16.0
0.5715242,True,1,1,14.0
0.9915353,True,7,7,10.0
0.99322414,True,9,9,10.0
0.9906204,True,7,7,8.0
0.9926387,True,5,5,12.0
0.93989044,True,2,2,16.0
0.99303496,True,8,8,10.0
0.90599746,True,2,2,16.0
0.9302523,True,2,2,0.0
0.97957027,False,8,7,-4.0
0.55762964,False,10,1,12.0
0.99144745,True,3,3,16.0
0.9933803,True,3,3,0.0
0.9925996,True,9,9,2.0
0.99096644,True,3,3,12.0
0.9883537,True,8,8,12.0
0.9911012,True,9,9,10.0
0.77576,True,9,9,-4.0
0.99213105,True,5,5,12.0
0.99141556,True,9,9,4.0
0.9911759,True,7,7,12.0
0.9934609,True,6,6,12.0
0.9939959,True,5,5,14.0
0.9910835,True,8,8,6.0
0.964473,False,9,2,-4.0
0.9896431,True,6,6,2.0
0.99259526,True,6,6,4.0
0.9931814,True,8,8,10.0
0.9720507,True,2,2,2.0
0.97047,True,6,6,-6.0
0.9891939,True,4,4,14.0
0.99316615,True,3,3,0.0
0.991041,True,7,7,4.0
0.9939107,True,5,5,16.0
0.64276177,True,1,1,-4.0
0.7386866,True,1,1,-2.0
0.8999503,True,7,7,16.0
0.93657124,True,2,2,2.0
0.9924044,True,0,0,14.0
0.99172604,True,6,6,12.0
0.91107774,True,2,2,-4.0
0.9917122,True,3,3,12.0
0.9917846,True,9,9,12.0
0.72048146,True,1,1,14.0
0.99286896,True,4,4,2.0
0.5689074,True,1,1,18.0
0.9663939,True,5,5,0.0
0.990159,True,4,4,16.0
0.9891572,True,6,6,2.0
0.9924602,True,0,0,18.0
0.99143255,True,6,6,18.0
0.56207067,False,10,1,4.0
0.3659133,False,2,4,16.0
0.9920053,True,0,0,16.0
0.9907718,True,5,5,4.0
0.98944956,True,5,5,6.0
0.7368269,True,1,1,6.0
0.9919403,True,8,8,8.0
0.9939423,True,8,8,-6.0
0.9902075,True,7,7,4.0
0.97604215,True,6,6,-6.0
0.99201584,True,6,6,8.0
0.62401956,True,1,1,6.0
0.9900793,False,8,7,6.0
0.9927994,True,6,6,6.0
0.99089164,True,8,8,14.0
0.99119276,True,8,8,16.0
0.99269533,True,9,9,2.0
0.9702159,True,6,6,-6.0
0.99147487,True,8,8,0.0
0.989665,True,3,3,16.0
0.9911447,True,7,7,12.0
0.99451596,True,10,10,18.0
0.5485827,False,10,1,4.0
0.99171925,True,0,0,6.0
0.5798029,False,10,1,8.0
0.99103856,True,4,4,14.0
0.6160484,False,10,1,-4.0
0.9908963,True,6,6,12.0
0.55159056,False,3,0,-6.0
0.9849547,True,9,9,12.0
0.5060051,False,10,1,2.0
0.991398,True,5,5,18.0
0.9903093,True,9,9,6.0
0.9931507,True,8,8,-4.0
0.9906087,True,3,3,10.0
0.986881,True,7,7,10.0
0.9921559,True,8,8,14.0
0.9565451,True,10,10,4.0
0.9729541,False,6,2,-4.0
0.9525985,True,2,2,16.0
0.649584,True,1,1,6.0
0.9906059,True,8,8,14.0
0.9933827,True,3,3,-2.0
0.99219537,True,6,6,6.0
0.6392424,True,1,1,10.0
0.99176955,True,3,3,12.0
0.9467906,True,2,2,18.0
0.9932336,True,10,10,8.0
0.99173474,True,6,6,-4.0
0.9919242,True,9,9,10.0
0.6965766,False,9,3,-6.0
0.9929438,True,6,6,10.0
0.99214935,True,6,6,10.0
0.53024167,False,0,9,-2.0
0.9902574,True,8,8,10.0
0.93777674,True,2,2,8.0
0.9169167,False,0,4,-6.0
0.9921427,True,9,9,6.0
0.99148715,True,8,8,-6.0
0.904647,True,2,2,10.0
0.99014205,True,4,4,2.0
0.9892049,True,7,7,16.0
0.98770404,True,8,8,-4.0
0.6256364,False,0,9,-2.0
0.7315015,True,1,1,16.0
0.9906255,True,6,6,10.0
0.94731563,False,6,2,2.0
0.98890775,True,7,7,12.0
0.98055756,True,5,5,0.0
0.9904643,True,4,4,14.0
0.90597045,True,2,2,-6.0
0.5584136,True,1,1,14.0
0.7107372,False,10,5,-6.0
0.66719806,True,7,7,-6.0
0.9134845,False,8,7,-4.0
0.98997116,True,4,4,14.0
0.73566836,False,9,2,-6.0
0.9927106,True,7,7,18.0
0.99032,True,4,4,16.0
0.9951202,True,5,5,14.0
0.9885881,True,4,4,-2.0
0.9633712,False,9,7,-2.0
0.8630254,True,7,7,-2.0
0.9928496,True,8,8,0.0
0.6021434,False,10,1,8.0
0.98836076,True,10,10,16.0
0.5505384,True,1,1,-6.0
0.7929245,True,6,6,-6.0
0.98965526,True,0,0,16.0
0.99219537,True,0,0,8.0
0.6435658,True,1,1,8.0
0.6009474,True,1,1,6.0
0.9941453,True,9,9,0.0
0.71274525,True,1,1,8.0
0.5968778,True,1,1,16.0
0.5409148,False,10,1,8.0
0.9935416,True,9,9,14.0
0.8255356,True,4,4,-4.0
0.729657,True,1,1,4.0
0.94988173,True,2,2,2.0
0.9932634,True,5,5,18.0
0.9886925,True,5,5,4.0
0.9921903,True,9,9,16.0
0.9892212,True,7,7,2.0
0.99110806,True,6,6,4.0
0.93533605,True,2,2,6.0
0.9921536,True,5,5,16.0
0.99225557,True,6,6,14.0
0.9925436,True,9,9,10.0
0.7772597,True,0,0,0.0
0.9886298,True,9,9,8.0
0.99164927,True,9,9,8.0
0.99412197,True,3,3,0.0
0.9898018,True,4,4,4.0
0.99257034,True,6,6,2.0
0.9821953,True,3,3,-4.0
0.99177355,True,6,6,12.0
0.985885,True,7,7,-4.0
0.9495725,True,2,2,6.0
0.9878825,True,7,7,-6.0
0.9948664,True,5,5,-2.0
0.9904682,True,7,7,12.0
0.99180543,True,4,4,14.0
0.90072906,True,2,2,8.0
0.8789251,True,2,2,4.0
0.9900647,True,4,4,6.0
0.98920256,True,0,0,0.0
0.9333644,True,9,9,-2.0
0.9908664,True,8,8,4.0
0.97649574,True,5,5,-4.0
0.69197553,False,9,4,-6.0
0.7936853,True,3,3,0.0
0.7806695,True,3,3,-6.0
0.81477,True,5,5,-4.0
0.9376173,True,8,8,8.0
0.9916226,True,6,6,18.0
0.996287,True,5,5,6.0
0.99121815,True,3,3,10.0
0.5275226,False,10,1,-4.0
0.9888466,True,9,9,-2.0
0.9917571,True,6,6,6.0
0.91236615,True,1,1,12.0
0.9931462,True,5,5,16.0
0.9392113,True,2,2,14.0
0.994181,True,3,3,8.0
0.9912186,True,3,3,8.0
0.9203318,False,10,2,-6.0
0.99335116,True,0,0,10.0
0.99303824,True,5,5,12.0
0.80274415,True,9,9,-4.0
0.5669955,True,1,1,8.0
0.93192416,True,2,2,16.0
0.99121314,True,4,4,18.0
0.99123514,True,9,9,2.0
0.99297136,True,7,7,2.0
0.9918771,True,9,9,6.0
0.9927094,True,4,4,8.0
0.6575694,True,1,1,14.0
0.95499086,True,2,2,2.0
0.5504042,True,1,1,-2.0
0.9352303,True,2,2,8.0
0.74024534,True,1,1,12.0
0.9906523,True,0,0,2.0
0.99191636,True,4,4,8.0
0.9896269,True,7,7,10.0
0.5685172,False,10,1,18.0
0.9290036,True,2,2,18.0
0.9904987,True,6,6,8.0
0.57391626,True,1,1,18.0
0.99129045,True,3,3,6.0
0.9911197,True,8,8,18.0
0.99008405,True,0,0,8.0
0.5740085,False,10,1,10.0
0.9798014,True,7,7,2.0
0.57383585,True,0,0,-2.0
0.5926947,True,1,1,4.0
0.99048376,True,5,5,2.0
0.9910946,True,0,0,8.0
0.99396604,True,9,9,14.0
0.990646,True,7,7,4.0
0.5630534,True,1,1,12.0
0.99467176,True,3,3,2.0
0.9905296,True,3,3,8.0
0.58534706,True,9,9,-2.0
0.5749806,True,1,1,0.0
0.6049642,True,1,1,8.0
0.9935195,True,4,4,0.0
0.99462754,True,10,10,6.0
0.87322325,True,8,8,0.0
0.99267066,True,9,9,4.0
0.99283147,True,5,5,12.0
0.29531282,True,4,4,-6.0
0.93828434,True,2,2,4.0
0.9918715,True,0,0,16.0
0.9921868,True,6,6,-2.0
0.98930573,True,5,5,0.0
0.99078184,True,8,8,10.0
0.6680768,True,1,1,2.0
0.9915889,True,0,0,10.0
0.9483565,True,3,3,-2.0
0.99583733,True,5,5,2.0
0.5603492,True,1,1,8.0
0.9615847,True,2,2,0.0
0.99182713,True,8,8,8.0
0.9931519,True,6,6,0.0
0.99117833,True,7,7,12.0
0.604766,False,10,1,10.0
0.64908767,False,10,1,16.0
0.9157925,False,7,8,-4.0
0.99297863,True,6,6,2.0
0.99042857,True,6,6,12.0
0.54076374,False,1,10,-2.0
0.9397323,True,9,9,12.0
0.9914624,True,4,4,6.0
0.99175256,True,9,9,18.0
0.99158794,True,4,4,14.0
0.9889676,True,8,8,-4.0
0.990615,True,6,6,14.0
0.9926353,True,4,4,2.0
0.38896197,False,0,9,-2.0
0.9626691,True,9,9,0.0
0.9913623,True,5,5,16.0
0.99523455,True,5,5,4.0
0.9914145,True,3,3,8.0
0.9914567,True,9,9,12.0
0.94001895,True,8,8,18.0
0.83880687,True,1,1,-2.0
0.9901064,True,0,0,0.0
0.99164987,True,4,4,-2.0
0.9913986,True,3,3,12.0
0.99363625,True,5,5,6.0
0.9893293,True,0,0,4.0
0.99102646,True,4,4,12.0
0.99246854,True,6,6,-4.0
0.99258304,True,8,8,10.0
0.9902828,True,9,9,2.0
0.9913623,True,6,6,8.0
0.9938818,True,5,5,12.0
0.94167006,True,2,2,-6.0
0.9916489,True,6,6,4.0
0.94857,True,9,9,-2.0
0.9095893,True,5,5,0.0
0.95747447,True,2,2,4.0
0.64456195,True,1,1,14.0
0.9920981,True,6,6,18.0
0.5879861,False,10,1,0.0
0.9941497,True,10,10,12.0
0.9930432,True,8,8,-4.0
0.98964125,True,4,4,0.0
0.9461748,True,2,2,-2.0
0.98713464,True,8,8,-4.0
0.9918995,True,9,9,16.0
0.9918875,True,6,6,-4.0
0.9915802,True,3,3,4.0
0.6663063,False,9,7,-2.0
0.9897971,True,5,5,-4.0
0.9564425,False,9,2,12.0
0.9912292,True,5,5,-4.0
0.99137676,True,6,6,16.0
0.99278694,True,7,7,-2.0
0.99112755,True,0,0,18.0
0.9851399,True,8,8,18.0
0.9912902,True,4,4,0.0
0.9920094,True,3,3,10.0
0.41675583,False,7,10,-4.0
0.9917585,True,0,0,10.0
0.9911731,True,4,4,18.0
0.9387455,True,2,2,14.0
0.99275756,True,8,8,-2.0
0.9913346,True,3,3,14.0
0.98155147,True,10,10,18.0
0.99313897,True,8,8,16.0
0.9848424,True,5,5,2.0
0.99243987,True,4,4,18.0
0.9916477,True,6,6,-2.0
0.5589481,False,10,1,2.0
0.9916435,True,9,9,4.0
0.99108315,True,8,8,18.0
0.9925471,True,4,4,0.0
0.5248647,True,9,9,-4.0
0.99212074,True,6,6,10.0
0.9610889,True,2,2,4.0
0.9895471,True,8,8,6.0
0.99216,True,4,4,4.0
0.49442697,True,1,1,-4.0
0.991789,True,6,6,-2.0
0.6732898,False,10,1,-6.0
0.94585145,True,9,9,-2.0
0.9776759,True,0,0,0.0
0.9909078,True,3,3,2.0
0.95830804,True,2,2,0.0
0.99230313,True,6,6,14.0
0.99221593,True,4,4,8.0
0.68503225,False,0,3,-4.0
0.98928916,True,3,3,16.0
0.9917418,True,6,6,18.0
0.9911165,True,6,6,-2.0
0.78021115,True,10,10,2.0
0.5866877,False,10,1,-4.0
0.989288,True,5,5,12.0
0.9914825,True,6,6,18.0
0.98938596,True,7,7,2.0
0.99493825,True,5,5,4.0
0.9651523,True,2,2,8.0
0.99056774,True,6,6,16.0
0.99204856,True,0,0,16.0
0.57341135,True,1,1,0.0
0.99179137,True,6,6,10.0
0.5986176,False,9,3,-6.0
0.41227758,False,3,2,-6.0
0.9509539,True,2,2,8.0
0.99228656,True,3,3,16.0
0.5165321,False,8,7,6.0
0.8483579,True,2,2,6.0
0.98448294,True,5,5,6.0
0.99027807,True,7,7,0.0
0.96527207,True,6,6,-6.0
0.9907749,True,0,0,8.0
0.9893519,True,8,8,-4.0
0.993056,True,5,5,18.0
0.99168444,True,6,6,2.0
0.99148494,True,8,8,6.0
0.9914479,True,8,8,14.0
0.99087334,True,7,7,14.0
0.7875217,True,2,2,6.0
0.9902074,True,7,7,14.0
0.99187887,True,9,9,10.0
0.9911737,True,7,7,2.0
0.6482134,True,1,1,8.0
0.9927759,True,6,6,18.0
0.9845333,True,8,8,2.0
0.99110526,True,4,4,18.0
0.9943942,True,10,10,14.0
0.99118817,True,9,9,2.0
0.99184614,True,0,0,14.0
0.65527534,True,10,10,0.0
0.9929132,True,9,9,14.0
0.9915547,True,5,5,14.0
0.99014866,True,3,3,14.0
0.5988485,False,10,1,18.0
0.5637442,False,10,1,18.0
0.9918528,True,6,6,2.0
0.5676817,False,10,1,14.0
0.9913292,True,6,6,8.0
0.9850604,True,7,7,14.0
0.9940334,True,10,10,4.0
0.99311006,True,9,9,0.0
0.9413803,True,2,2,12.0
0.88215196,True,3,3,18.0
0.9918526,True,8,8,10.0
0.85821134,True,9,9,-2.0
0.6912457,True,10,10,10.0
0.99253666,True,6,6,18.0
0.9899923,True,7,7,14.0
0.99298453,True,6,6,-4.0
0.99180824,True,6,6,12.0
0.98942786,True,4,4,4.0
0.99044245,True,4,4,6.0
0.948515,True,2,2,-2.0
0.5209863,True,10,10,-6.0
0.9929639,True,8,8,-2.0
0.9912314,True,4,4,14.0
0.9746987,True,2,2,6.0
0.9843024,True,7,7,16.0
0.56343174,True,1,1,-6.0
0.992812,True,9,9,14.0
0.99220335,True,4,4,2.0
0.99126595,True,0,0,12.0
0.9912764,True,6,6,12.0
0.34433272,True,5,5,-6.0
0.99394315,True,3,3,0.0
0.5714991,False,10,1,-6.0
0.41835272,False,9,3,-4.0
0.99314004,True,4,4,6.0
0.99079204,True,7,7,8.0
0.9602563,True,2,2,4.0
0.9913291,True,6,6,16.0
0.5821743,True,1,1,6.0
0.88255066,True,4,4,-6.0
0.99001884,True,8,8,10.0
0.63592696,True,1,1,0.0
0.99518025,True,3,3,4.0
0.86865497,False,4,2,-6.0
0.4396868,True,0,0,-4.0
0.99156404,True,0,0,8.0
0.9402807,True,2,2,16.0
0.9923848,True,6,6,16.0
0.9899582,True,4,4,10.0
0.9919735,True,3,3,14.0
0.989972,True,6,6,-4.0
0.99243826,True,3,3,10.0
0.992687,True,5,5,6.0
0.9927948,True,0,0,18.0
0.69779205,False,10,1,-2.0
0.9492135,True,2,2,16.0
0.99158806,True,0,0,14.0
0.9939622,True,5,5,14.0
0.9914488,True,8,8,16.0
0.99168783,True,6,6,12.0
0.990008,True,4,4,12.0
0.94940925,True,2,2,-2.0
0.9829607,True,7,7,8.0
0.60160655,True,1,1,-2.0
0.99188143,True,8,8,2.0
0.9388359,True,2,2,6.0
0.9934814,True,0,0,6.0
0.98991793,True,7,7,10.0
0.56619895,False,10,1,0.0
0.9910486,True,0,0,4.0
0.9907086,True,4,4,18.0
0.9515412,True,2,2,-6.0
0.6258557,True,1,1,14.0
0.9885931,True,10,10,16.0
0.88079315,False,4,5,-4.0
0.54708314,True,1,1,6.0
0.56602067,False,10,1,16.0
0.9376302,True,2,2,18.0
0.98568696,True,3,3,-4.0
0.9925364,True,3,3,14.0
0.6298938,True,9,9,-4.0
0.99373007,True,8,8,-4.0
0.9913051,True,6,6,12.0
0.9948342,True,3,3,-2.0
0.9933068,True,3,3,6.0
0.99210185,True,6,6,18.0
0.9855989,True,5,5,18.0
0.9937773,True,3,3,6.0
0.99301285,True,0,0,6.0
0.9914077,True,4,4,0.0
0.9924899,True,6,6,16.0
0.9914197,True,9,9,6.0
0.991793,True,7,7,18.0
0.9703152,True,7,7,-2.0
0.9575644,True,10,10,2.0
0.9916033,True,8,8,18.0
0.62839764,True,9,9,-4.0
0.9895448,True,4,4,16.0
0.99280626,True,8,8,-6.0
0.9945134,True,5,5,2.0
0.78079784,False,0,9,-4.0
0.7669561,True,4,4,-4.0
0.5758238,True,1,1,14.0
0.9903605,True,7,7,-4.0
0.88057005,True,2,2,8.0
0.9944787,True,6,6,-4.0
0.99197984,True,8,8,18.0
0.9896437,True,8,8,14.0
0.95532143,True,7,7,-4.0
0.99120754,True,6,6,-6.0
0.99242955,True,9,9,16.0
0.4676412,True,4,4,-6.0
0.9919362,True,3,3,4.0
0.992953,True,3,3,12.0
0.95668846,True,2,2,4.0
0.9916848,True,0,0,18.0
0.9930669,True,3,3,2.0
0.9933848,True,3,3,10.0
0.9908869,True,0,0,18.0
0.99074453,True,6,6,-2.0
0.98642135,True,7,7,6.0
0.5672629,True,1,1,16.0
0.99069136,True,8,8,8.0
0.99148977,True,9,9,6.0
0.9937038,True,9,9,4.0
0.9242645,True,2,2,4.0
0.9930264,True,9,9,8.0
0.44387332,True,0,0,-4.0
0.99177426,True,0,0,6.0
0.9895927,True,0,0,2.0
0.99141055,True,3,3,10.0
0.6007134,True,1,1,-2.0
0.9904694,True,6,6,18.0
0.9927105,True,8,8,-4.0
0.9902536,True,4,4,0.0
0.9898651,True,0,0,2.0
0.5776485,False,10,1,10.0
0.9543789,True,2,2,-4.0
0.5789199,True,1,1,16.0
0.992124,True,9,9,12.0
0.5500162,False,10,1,4.0
0.5760058,True,1,1,18.0
0.99284244,True,6,6,18.0
0.9911839,True,7,7,10.0
0.9928428,True,9,9,8.0
0.990811,True,4,4,0.0
0.9923226,True,8,8,-2.0
0.99253875,True,6,6,4.0
0.9911423,True,8,8,10.0
0.9892117,True,7,7,10.0
0.9911351,True,7,7,4.0
0.99089956,True,3,3,0.0
0.9533418,True,2,2,-4.0
0.6278661,True,10,10,-4.0
0.9854071,True,5,5,-4.0
0.9907047,True,9,9,4.0
0.99067885,True,6,6,-4.0
0.5960358,True,1,1,8.0
0.9906144,True,4,4,12.0
0.9942713,True,0,0,10.0
0.9940156,True,5,5,-4.0
0.99037874,True,8,8,4.0
0.9179866,True,2,2,6.0
0.51478547,True,1,1,-4.0
0.992249,True,7,7,14.0
0.56750464,False,10,1,0.0
0.9924419,True,7,7,10.0
0.8274537,True,5,5,-2.0
0.9895835,True,7,7,-6.0
0.7424185,True,1,1,12.0
0.98423624,True,7,7,-6.0
0.9912718,True,5,5,18.0
0.9909128,True,9,9,10.0
0.9530275,True,7,7,-4.0
0.5924001,True,1,1,16.0
0.9919808,True,7,7,12.0
0.9722552,True,9,9,0.0
0.9921556,True,0,0,12.0
0.9680305,True,7,7,-4.0
0.5800162,True,1,1,12.0
0.9329366,True,2,2,12.0
0.52405655,False,10,1,-6.0
0.99242216,True,5,5,14.0
0.68215096,True,9,9,0.0
0.7015433,True,2,2,12.0
0.992634,True,0,0,10.0
0.9922402,True,7,7,12.0
0.9892267,True,3,3,18.0
0.98754406,True,7,7,14.0
0.57344556,True,1,1,10.0
0.98420227,True,5,5,-6.0
0.9919099,True,6,6,10.0
0.9928589,True,8,8,12.0
0.992516,True,10,10,16.0
0.599486,False,9,0,0.0
0.9523517,True,2,2,16.0
0.9917182,True,8,8,-2.0
0.5776804,False,10,1,10.0
0.9915379,True,3,3,8.0
0.9905487,True,8,8,10.0
0.94092745,True,2,2,0.0
0.9906915,True,4,4,16.0
0.99250025,True,6,6,6.0
0.9870243,True,0,0,2.0
0.9900866,True,3,3,14.0
0.9899692,True,4,4,16.0
0.99236345,True,9,9,18.0
0.9849712,True,8,8,-2.0
0.73836285,True,1,1,8.0
0.5650889,False,10,1,14.0
0.9927429,True,0,0,18.0
0.888117,True,10,10,0.0
0.9922748,True,6,6,8.0
0.6000901,False,0,9,-4.0
0.9900017,True,0,0,2.0
0.98110884,True,7,7,-6.0
0.600211,True,1,1,-6.0
0.99190944,True,4,4,14.0
0.9920791,True,8,8,18.0
0.99186784,True,8,8,-2.0
0.9916677,True,3,3,12.0
0.9926547,True,9,9,6.0
0.8405279,True,2,2,10.0
0.9925822,True,8,8,12.0
0.99240476,True,9,9,18.0
0.9924264,True,5,5,4.0
0.98953795,True,6,6,-2.0
0.96344215,True,4,4,-4.0
0.9930448,True,9,9,16.0
0.99176943,True,5,5,12.0
0.9894414,True,7,7,14.0
0.99172485,True,0,0,16.0
0.99165946,True,9,9,16.0
0.982489,True,5,5,2.0
0.99043417,True,7,7,8.0
0.99347633,True,5,5,6.0
0.70554143,True,3,3,-4.0
0.9907006,True,0,0,16.0
0.9922769,True,8,8,6.0
0.92513156,True,10,10,0.0
0.9893394,True,10,10,12.0
0.9897167,True,0,0,14.0
0.9936186,True,3,3,8.0
0.98614776,True,3,3,-4.0
0.97516155,False,9,3,-6.0
0.917189,True,5,5,-6.0
0.9911355,True,6,6,14.0
0.40370005,True,9,9,-4.0
0.97495925,True,2,2,16.0
0.39339635,True,4,4,-4.0
0.9907727,True,7,7,18.0
0.99106663,True,4,4,6.0
0.99238867,True,9,9,18.0
0.9935654,True,5,5,4.0
0.9940422,True,3,3,0.0
0.7624972,True,1,1,8.0
0.9918607,True,0,0,10.0
0.9934,True,5,5,10.0
0.991364,True,9,9,16.0
0.9930259,True,6,6,6.0
0.9656101,True,2,2,14.0
0.9925551,True,9,9,0.0
0.9927787,True,5,5,14.0
0.8595162,True,3,3,-6.0
0.9915001,True,6,6,16.0
0.99195814,True,4,4,8.0
0.73830354,True,0,0,-2.0
0.994293,True,3,3,0.0
0.9924736,True,3,3,18.0
0.9912021,True,6,6,6.0
0.99115354,True,4,4,4.0
0.7622787,True,0,0,-2.0
0.99009764,True,9,9,8.0
0.5532365,True,1,1,10.0
0.7369617,True,4,4,-6.0
0.98947364,True,3,3,0.0
0.65287095,True,2,2,14.0
0.942809,True,1,1,18.0
0.894189,True,9,9,-2.0
0.99071854,True,3,3,18.0
0.96499556,True,2,2,2.0
0.9931376,True,5,5,-2.0
0.9917337,True,3,3,14.0
0.9945372,True,3,3,-2.0
0.70237684,True,1,1,14.0
0.7085281,False,8,2,12.0
0.9924533,True,5,5,4.0
0.9928895,True,5,5,12.0
0.9918594,True,8,8,12.0
0.9552759,True,2,2,-4.0
0.98948425,True,8,8,12.0
0.98945343,True,3,3,12.0
0.99261683,True,0,0,12.0
0.6963671,True,1,1,14.0
0.9799462,True,2,2,8.0
0.99178207,True,3,3,4.0
0.9900079,True,5,5,6.0
0.69776905,True,1,1,18.0
0.9898016,True,4,4,14.0
0.99123806,True,7,7,14.0
0.63036346,False,10,1,-4.0
0.9292441,True,2,2,16.0
0.6383822,True,1,1,-2.0
0.9887898,True,7,7,12.0
0.9496532,True,2,2,18.0
0.95633423,True,2,2,0.0
0.99233776,True,3,3,6.0
0.9921089,True,4,4,12.0
0.9912753,True,4,4,4.0
0.99229586,True,0,0,16.0
0.9940807,True,8,8,-4.0
0.6082276,True,1,1,2.0
0.93680614,False,5,10,-6.0
0.99302435,True,4,4,-2.0
0.72409207,False,10,5,-2.0
0.9915059,True,7,7,10.0
0.9902919,True,4,4,4.0
0.97281355,True,2,2,4.0
0.9927678,True,0,0,10.0
0.9914533,True,6,6,16.0
0.9928599,True,8,8,2.0
0.9915421,True,0,0,6.0
0.99002784,True,3,3,6.0
0.5507739,True,1,1,0.0
0.9920054,True,9,9,14.0
0.50533575,False,4,5,-6.0
0.9532743,True,2,2,14.0
0.99319154,True,8,8,14.0
0.99079365,True,8,8,16.0
0.7808955,True,9,9,10.0
0.99264586,True,9,9,6.0
0.99002236,True,0,0,6.0
0.98155195,True,7,7,18.0
0.9899367,True,4,4,2.0
0.91357476,True,2,2,14.0
0.9294358,True,2,2,8.0
0.56927216,False,10,1,10.0
0.99429953,True,5,5,0.0
0.985416,True,5,5,-4.0
0.99163413,True,3,3,8.0
0.94473594,True,2,2,14.0
0.66318977,True,1,1,2.0
0.99088573,True,3,3,18.0
0.9911821,True,3,3,2.0
0.9916916,True,0,0,8.0
0.98353195,True,7,7,0.0
0.64983475,False,10,1,8.0
0.6411062,True,1,1,0.0
0.9904793,True,7,7,16.0
0.99219114,True,8,8,8.0
0.9937059,True,10,10,10.0
0.9538298,True,3,3,-6.0
0.9921206,True,0,0,10.0
0.9751456,True,3,3,0.0
0.9904018,True,8,8,14.0
0.9924092,True,9,9,18.0
0.9919641,True,9,9,10.0
0.5937137,True,1,1,-4.0
0.9909486,True,5,5,16.0
0.9930958,True,4,4,-2.0
0.99402267,True,5,5,0.0
0.72894305,True,1,1,6.0
0.9909401,True,4,4,2.0
0.8870233,True,8,8,8.0
0.9869199,True,10,10,14.0
0.9919723,True,9,9,16.0
0.9921002,True,8,8,-2.0
0.9901545,True,4,4,16.0
0.99284583,True,9,9,12.0
0.9563028,True,2,2,18.0
0.99096733,True,8,8,14.0
0.97013503,True,2,2,-6.0
0.97401434,True,9,9,-2.0
0.8691225,True,2,2,-4.0
0.9848092,True,9,9,0.0
0.9924061,True,0,0,14.0
0.9889858,True,4,4,18.0
0.63929504,True,10,10,-4.0
0.92531085,True,2,2,-6.0
0.99290633,True,5,5,16.0
0.6396899,True,1,1,0.0
0.9971269,True,5,5,-4.0
0.5795661,True,1,1,-6.0
0.989935,True,7,7,12.0
0.98823243,True,7,7,8.0
0.9911911,True,8,8,14.0
0.97357744,True,8,8,-2.0
0.466796,False,3,0,-6.0
0.9922093,True,5,5,14.0
0.67478406,True,1,1,-6.0
0.5241852,False,10,1,-2.0
0.9880976,True,4,4,18.0
0.65468794,False,7,8,8.0
0.6690043,True,1,1,14.0
0.9921693,True,0,0,6.0
0.9573083,True,2,2,-2.0
0.98965466,True,7,7,-6.0
0.48754495,False,10,1,-6.0
0.5747059,False,10,1,10.0
0.99444807,True,10,10,18.0
0.59991926,False,10,1,0.0
0.9877236,True,5,5,10.0
0.9934095,True,6,6,-2.0
0.9935203,True,6,6,-2.0
0.9921262,True,4,4,12.0
0.9424688,True,2,2,16.0
0.99115074,True,9,9,6.0
0.98901737,True,3,3,16.0
0.9900787,True,3,3,16.0
0.9722651,True,7,7,-2.0
0.58473223,True,1,1,2.0
0.45999506,False,0,4,-6.0
0.99221087,True,6,6,6.0
0.94184244,True,7,7,-6.0
0.9898741,True,0,0,10.0
0.99123,True,6,6,16.0
0.63782954,False,10,1,0.0
0.9923908,True,3,3,18.0
0.71207523,True,1,1,-4.0
0.7157031,False,3,0,-4.0
0.9921495,True,8,8,18.0
0.9928196,True,6,6,-6.0
0.9257451,True,2,2,8.0
0.9910555,True,8,8,16.0
0.9600339,True,2,2,-4.0
0.99216,True,10,10,18.0
0.6255605,False,10,1,2.0
0.93268824,True,2,2,2.0
0.99270165,True,9,9,12.0
0.9909876,True,6,6,-2.0
0.3316754,False,9,4,-6.0
0.99171054,True,3,3,4.0
0.6368233,True,1,1,-4.0
0.9919882,True,7,7,6.0
0.99263847,True,3,3,6.0
0.9918549,True,5,5,12.0
0.99187464,True,3,3,18.0
0.99060655,True,5,5,6.0
0.6262526,False,10,1,-6.0
0.63487506,False,10,1,6.0
0.9911891,True,3,3,16.0
0.98408973,True,4,4,-4.0
0.55400586,True,1,1,8.0
0.9914288,True,9,9,16.0
0.9931322,True,9,9,12.0
0.9947402,True,5,5,8.0
0.991825,True,10,10,10.0
0.9915269,True,6,6,18.0
0.8729463,True,2,2,0.0
0.9393963,True,2,2,14.0
0.9932899,True,3,3,8.0
0.99062645,True,4,4,0.0
0.991678,True,5,5,14.0
0.65613586,True,1,1,0.0
0.99186325,True,5,5,12.0
0.9684058,True,7,7,-4.0
0.633499,True,2,2,4.0
0.9891967,True,0,0,12.0
0.8109482,True,1,1,18.0
0.9931004,True,6,6,-2.0
0.99362046,True,4,4,6.0
0.9789834,False,7,8,-2.0
0.99167776,True,0,0,16.0
0.95107543,True,7,7,-2.0
0.98467296,True,7,7,-6.0
0.9891132,True,6,6,2.0
0.544094,False,10,1,10.0
0.5663047,False,10,1,0.0
0.9848127,True,5,5,-4.0
0.5997402,True,1,1,0.0
0.6419831,True,1,1,16.0
0.9861477,True,7,7,8.0
0.96213645,True,7,7,0.0
0.9931369,True,5,5,14.0
0.9918218,True,4,4,12.0
0.9917424,True,6,6,-2.0
0.57584405,True,1,1,14.0
0.98998404,True,8,8,12.0
0.99385047,True,5,5,14.0
0.99288225,True,8,8,6.0
0.99169135,True,0,0,14.0
0.9914473,True,6,6,12.0
0.99039197,True,3,3,6.0
0.992057,True,9,9,16.0
0.93773115,True,4,4,-4.0
0.9920144,True,4,4,16.0
0.9908249,True,4,4,4.0
0.99300486,True,8,8,2.0
0.99067277,True,6,6,16.0
0.57828283,True,10,10,-4.0
0.915894,True,2,2,-4.0
0.99209917,True,5,5,16.0
0.9912595,True,3,3,6.0
0.6843553,True,1,1,-4.0
0.9925321,True,9,9,10.0
0.99222,True,8,8,0.0
0.9918258,True,3,3,10.0
0.9907775,True,5,5,10.0
0.9912237,True,9,9,6.0
0.99078816,True,8,8,10.0
0.9900225,True,6,6,-6.0
0.9929242,True,3,3,8.0
0.99331576,True,5,5,12.0
0.9895858,True,5,5,6.0
0.99267125,True,8,8,-2.0
0.616145,False,9,0,-4.0
0.95855683,True,2,2,12.0
0.990633,True,10,10,18.0
0.5129903,True,9,9,-6.0
0.9921619,True,0,0,10.0
0.9916415,True,4,4,6.0
0.9948021,True,5,5,2.0
0.99187183,True,10,10,12.0
0.8493563,True,7,7,12.0
0.9925149,True,4,4,4.0
0.42704836,True,5,5,-6.0
0.99266714,True,9,9,18.0
0.96549827,True,2,2,14.0
0.5070891,False,4,9,-6.0
0.99281645,True,3,3,2.0
0.9509836,True,2,2,14.0
0.62702346,False,0,9,-6.0
0.49797666,True,1,1,-4.0
0.99604034,True,4,4,-2.0
0.99133575,True,0,0,10.0
0.99177426,True,0,0,12.0
0.97120476,True,5,5,0.0
0.99275535,True,4,4,14.0
0.99316376,True,6,6,14.0
0.8842776,True,2,2,-2.0
0.98154736,True,6,6,-6.0
0.98878735,True,8,8,6.0
0.9917876,True,3,3,8.0
0.5585691,False,1,10,-2.0
0.98958266,True,7,7,18.0
0.9895558,True,5,5,4.0
0.95416856,True,2,2,12.0
0.9509011,True,2,2,4.0
0.95592797,True,2,2,10.0
0.9916562,True,9,9,8.0
0.98814976,True,3,3,-4.0
0.99135625,True,9,9,4.0
0.57418984,True,1,1,18.0
0.9901202,True,7,7,10.0
0.99123996,True,6,6,12.0
0.9909574,True,6,6,12.0
0.96384656,True,5,5,-4.0
0.5932189,True,1,1,8.0
0.99345857,True,5,5,8.0
0.6263157,False,10,1,12.0
0.9782792,True,6,6,-6.0
0.9324961,True,2,2,0.0
0.98901075,True,7,7,0.0
0.7164187,True,1,1,0.0
0.8574251,True,6,6,-6.0
0.9904981,True,8,8,14.0
0.99213046,True,4,4,18.0
0.99269,True,9,9,10.0
0.9896063,True,5,5,16.0
0.9921256,True,8,8,8.0
0.8003939,True,0,0,4.0
0.99301004,True,0,0,6.0
0.9911606,True,6,6,-2.0
0.9912533,True,7,7,4.0
0.8767703,True,2,2,12.0
0.9384503,True,2,2,18.0
0.9934727,True,4,4,4.0
0.23768379,False,4,0,-6.0
0.99239665,True,5,5,14.0
0.9923511,True,5,5,18.0
0.99194473,True,9,9,16.0
0.9913175,True,3,3,16.0
0.9916831,True,6,6,18.0
0.98333377,True,8,8,0.0
0.9916632,True,6,6,4.0
0.6072393,True,1,1,12.0
0.9902214,False,7,8,2.0
0.99037546,True,6,6,-4.0
0.990785,True,3,3,12.0
0.9928879,True,0,0,8.0
0.9912553,True,3,3,8.0
0.99094,True,8,8,10.0
0.72388756,True,10,10,16.0
0.5959819,False,10,5,-4.0
0.98915124,True,4,4,8.0
0.99367046,True,3,3,-4.0
0.59077793,True,1,1,0.0
0.5667592,False,10,1,12.0
0.9931445,True,6,6,16.0
0.9914738,True,3,3,6.0
0.62275213,True,0,0,-6.0
0.9919708,True,6,6,0.0
0.5442071,True,1,1,-6.0
0.60242665,True,1,1,18.0
0.99174446,True,4,4,6.0
0.9221568,True,5,5,-4.0
0.90344375,True,0,0,0.0
0.9908008,True,8,8,8.0
0.9925277,True,3,3,2.0
0.9919361,True,8,8,2.0
0.98649955,True,4,4,16.0
0.8682397,True,2,2,16.0
0.6192368,True,1,1,8.0
0.9930646,True,7,7,16.0
0.9914858,True,4,4,2.0
0.99307525,True,9,9,14.0
0.99250257,True,3,3,6.0
0.9920258,True,6,6,12.0
0.99292785,True,5,5,16.0
0.933902,True,5,5,-2.0
0.9929726,True,8,8,10.0
0.99130565,True,5,5,10.0
0.98793226,True,3,3,0.0
0.99147123,True,0,0,10.0
0.9906437,True,0,0,10.0
0.99319047,True,3,3,6.0
0.9944635,True,3,3,4.0
0.9913208,True,6,6,12.0
0.982976,True,3,3,-4.0
0.5561379,False,2,0,-2.0
0.9909773,True,0,0,18.0
0.98208445,True,7,7,8.0
0.96581864,True,2,2,18.0
0.8735555,False,0,2,-6.0
0.70489794,True,9,9,-2.0
0.99228257,True,0,0,12.0
0.9894238,True,8,8,-4.0
0.9922571,True,0,0,2.0
0.9915279,True,0,0,0.0
0.60137135,False,10,1,-4.0
0.42904514,False,3,0,-6.0
0.9955629,True,5,5,12.0
0.91270053,True,2,2,8.0
0.9926266,True,9,9,8.0
0.9970572,True,5,5,16.0
0.9791631,True,4,4,-2.0
0.9902559,True,0,0,14.0
0.9927134,True,8,8,6.0
0.99264586,True,0,0,6.0
0.9889231,True,5,5,2.0
0.55150735,True,5,5,0.0
0.9911573,True,3,3,4.0
0.61047375,True,1,1,16.0
0.9796341,True,5,5,-6.0
0.99230653,True,5,5,14.0
0.9867953,True,6,6,-4.0
0.90850234,True,10,10,2.0
0.99178654,True,5,5,4.0
0.681605,True,1,1,8.0
0.3769258,True,9,9,-4.0
0.9919012,True,8,8,4.0
0.56521416,True,2,2,12.0
0.643797,True,1,1,10.0
0.9908001,True,8,8,8.0
0.6692613,False,10,1,-4.0
0.5313802,True,10,10,-2.0
0.36554998,False,9,0,-6.0
0.99315107,True,0,0,12.0
0.9934697,True,5,5,4.0
0.97843313,True,7,7,-4.0
0.7471863,True,3,3,-6.0
0.95227915,True,2,2,-6.0
0.99156135,True,0,0,18.0
0.9623817,False,0,2,18.0
0.9921989,True,9,9,18.0
0.9926513,True,9,9,14.0
0.58845735,True,1,1,10.0
0.9949929,True,5,5,-4.0
0.9943895,True,10,10,12.0
0.99255306,True,5,5,2.0
0.96784896,True,7,7,6.0
0.9094111,True,2,2,6.0
0.94840544,True,2,2,8.0
0.99386156,True,9,9,0.0
0.99228317,True,0,0,4.0
0.9925115,True,9,9,16.0
0.9866729,True,6,6,-6.0
0.5435487,True,10,10,0.0
0.9920333,True,8,8,4.0
0.98938495,True,3,3,12.0
0.9899526,True,4,4,18.0
0.99327236,True,10,10,14.0
0.58717996,False,10,1,2.0
0.9828098,True,7,7,6.0
0.92248774,True,2,2,0.0
0.56645125,False,10,1,8.0
0.9925218,True,9,9,10.0
0.6081179,True,1,1,4.0
0.6360576,False,10,1,-4.0
0.99113935,True,8,8,10.0
0.99035746,True,7,7,8.0
0.99179333,True,4,4,18.0
0.7810569,True,7,7,-2.0
0.953722,True,2,2,12.0
0.9937257,True,5,5,2.0
0.99278224,True,0,0,18.0
0.57386297,True,1,1,12.0
0.9765304,True,2,2,-6.0
0.99203086,True,3,3,2.0
0.83771896,True,7,7,-4.0
0.91487,True,2,2,10.0
0.99005985,True,3,3,2.0
0.9933468,True,9,9,18.0
0.994406,True,5,5,0.0
0.5779723,True,1,1,4.0
0.9928067,True,8,8,8.0
0.9945681,True,5,5,4.0
0.98942274,True,3,3,18.0
0.83583134,False,0,2,-6.0
0.99144757,True,6,6,2.0
0.64314616,False,10,1,12.0
0.9926716,True,9,9,8.0
0.99210346,True,9,9,16.0
0.99174905,True,6,6,2.0
0.62187654,False,10,1,4.0
0.7282874,True,10,10,2.0
0.9905347,True,4,4,16.0
0.9915565,True,6,6,12.0
0.36531812,True,0,0,-4.0
0.5843209,True,1,1,6.0
0.9936952,True,3,3,12.0
0.5182116,True,1,1,0.0
0.9895698,True,3,3,16.0
0.56066465,True,1,1,-2.0
0.98917437,True,0,0,2.0
0.96114594,True,7,7,-2.0
0.76243764,True,9,9,-4.0
0.9932174,True,6,6,-4.0
0.9916294,True,0,0,8.0
0.9918338,True,4,4,16.0
0.9927752,True,10,10,16.0
0.9264589,True,2,2,2.0
0.98897773,True,3,3,10.0
0.7454334,True,6,6,-6.0
0.99122953,True,4,4,16.0
0.991243,True,0,0,8.0
0.892286,True,2,2,18.0
0.6431802,True,1,1,2.0
0.9862345,True,9,9,10.0
0.9920184,True,6,6,-4.0
0.9936813,True,5,5,10.0
0.9926347,True,5,5,8.0
0.97613674,True,9,9,-2.0
0.8741065,True,7,7,2.0
0.91452414,False,8,7,-6.0
0.9947673,True,5,5,16.0
0.99011886,True,5,5,6.0
0.99209666,True,5,5,14.0
0.99084455,True,7,7,2.0
0.8870482,False,0,9,0.0
0.9914967,True,5,5,16.0
0.90234625,True,2,2,10.0
0.9922998,True,5,5,12.0
0.85733396,True,2,2,4.0
0.9894211,True,3,3,14.0
0.9948837,True,3,3,-4.0
0.99216753,True,4,4,0.0
0.99179065,True,0,0,6.0
0.9875443,True,7,7,8.0
0.72697896,True,5,5,-6.0
0.58610666,False,10,1,12.0
0.99298155,True,5,5,16.0
0.95006794,True,2,2,-4.0
0.66503143,True,1,1,-6.0
0.9909292,True,4,4,18.0
0.9185902,True,2,2,-4.0
0.99006444,True,3,3,0.0
0.70473164,True,1,1,10.0
0.9915481,True,7,7,12.0
0.61779696,False,10,1,4.0
0.99313337,True,3,3,6.0
0.8970107,True,2,2,-6.0
0.5281623,True,5,5,-6.0
0.92102325,False,8,7,-6.0
0.9873438,True,7,7,8.0
0.9919165,True,9,9,6.0
0.9921605,True,6,6,6.0
0.56119436,True,1,1,8.0
0.9936811,True,9,9,0.0
0.993334,True,0,0,14.0
0.8769181,False,10,5,-2.0
0.95825833,True,2,2,4.0
0.99131197,True,6,6,12.0
0.9910958,True,8,8,12.0
0.9911397,True,6,6,2.0
0.9916803,True,9,9,-2.0
0.99240726,True,3,3,10.0
0.99165463,True,8,8,8.0
0.6699704,True,1,1,4.0
0.64612865,False,0,9,-4.0
0.99036705,True,10,10,8.0
0.9919382,True,6,6,18.0
0.9917067,True,0,0,6.0
0.99420506,True,8,8,-6.0
0.72268134,True,9,9,-6.0
0.94755256,True,2,2,6.0
0.99297297,True,3,3,4.0
0.99304456,True,9,9,2.0
0.99193805,True,6,6,0.0
0.9907947,True,7,7,10.0
0.9957366,True,7,7,-6.0
0.98978066,True,0,0,8.0
0.98955685,True,0,0,6.0
0.9938694,True,6,6,-2.0
0.42172277,False,4,0,-6.0
0.9660522,True,2,2,10.0
0.99311334,True,5,5,6.0
0.9877137,True,3,3,-4.0
0.539315,False,10,1,0.0
0.5187025,False,10,1,-2.0
0.9923161,True,6,6,8.0
0.99292,True,6,6,14.0
0.9855342,False,0,7,-2.0
0.6125298,False,10,1,-2.0
0.6586466,False,9,5,-4.0
0.9917317,True,6,6,12.0
0.39695823,False,10,5,-6.0
0.98983747,True,8,8,2.0
0.99093807,True,7,7,10.0
0.9927618,True,8,8,12.0
0.98828566,True,5,5,10.0
0.991915,True,8,8,-2.0
0.7122997,True,1,1,10.0
0.9930025,True,6,6,6.0
0.9921948,True,8,8,2.0
0.9334279,True,2,2,18.0
0.9899569,True,7,7,12.0
0.99237716,True,5,5,12.0
0.9829737,True,7,7,18.0
0.99215674,True,6,6,-2.0
0.8405533,False,5,10,-4.0
0.57266885,False,10,1,18.0
0.9040284,True,2,2,10.0
0.71237814,True,1,1,14.0
0.94550806,True,2,2,10.0
0.98902017,True,7,7,6.0
0.6464125,True,10,10,-2.0
0.5790894,False,10,1,10.0
0.62006,False,0,9,-4.0
0.9925368,True,6,6,16.0
0.89259595,True,2,2,12.0
0.9885473,True,4,4,14.0
0.9887738,True,4,4,18.0
0.9906088,True,5,5,6.0
0.9926031,True,6,6,4.0
0.99066085,True,0,0,14.0
0.9918138,True,8,8,12.0
0.9905528,True,0,0,2.0
0.4712155,False,3,0,-6.0
0.9888291,True,7,7,14.0
0.60695064,True,1,1,8.0
0.96452177,True,2,2,14.0
0.9916733,True,6,6,18.0
0.99172956,True,5,5,10.0
0.9936587,True,5,5,4.0
0.9470889,True,2,2,10.0
0.858021,False,9,5,-6.0
0.87225103,True,2,2,10.0
0.9824881,True,7,7,10.0
0.99200034,True,9,9,4.0
0.9045829,True,2,2,8.0
0.65471697,True,1,1,-4.0
0.986217,True,3,3,-2.0
0.9910591,True,8,8,8.0
0.9931502,True,3,3,10.0
0.99214196,True,3,3,6.0
0.94837004,True,2,2,0.0
0.991085,True,9,9,4.0
0.89177525,False,9,4,-6.0
0.99218094,True,9,9,18.0
0.874392,True,8,8,-2.0
0.99092263,True,6,6,-6.0
0.99223655,True,5,5,16.0
0.9933948,True,0,0,14.0
0.5475779,True,9,9,-4.0
0.6059665,True,9,9,4.0
0.43353328,False,2,4,12.0
0.98980576,True,3,3,12.0
0.99172807,True,8,8,2.0
0.96403265,True,2,2,18.0
0.9916142,True,9,9,8.0
0.51929075,True,1,1,-2.0
0.9335658,False,3,2,6.0
0.9921244,True,9,9,16.0
0.99074054,True,3,3,14.0
0.9826234,True,4,4,-4.0
0.6290847,False,10,1,-2.0
0.94497573,True,6,6,-6.0
0.9896287,True,4,4,16.0
0.99116665,True,3,3,14.0
0.99138486,True,6,6,18.0
0.6393299,True,1,1,-4.0
0.7053212,True,1,1,8.0
0.99238646,True,4,4,-2.0
0.9924264,True,9,9,10.0
0.92101717,True,0,0,-2.0
0.9836668,True,4,4,-4.0
0.9346585,True,8,8,12.0
0.9912772,True,8,8,14.0
0.99085146,True,7,7,16.0
0.99156475,True,0,0,8.0
0.99214727,True,8,8,14.0
0.9897076,True,7,7,-2.0
0.9923497,True,6,6,8.0
0.5492884,True,1,1,-6.0
0.5927406,True,1,1,8.0
0.9908828,True,8,8,10.0
0.99193007,True,6,6,12.0
0.99329925,True,3,3,12.0
0.9887631,True,8,8,-6.0
0.6992594,True,1,1,6.0
0.98933136,True,6,6,2.0
0.9911418,True,0,0,14.0
0.9687421,True,2,2,-6.0
0.9956819,True,3,3,2.0
0.9906936,True,3,3,18.0
0.97051066,True,6,6,-4.0
0.99153835,True,8,8,4.0
0.9919441,True,0,0,18.0
0.993601,True,9,9,8.0
0.6363098,False,7,0,-6.0
0.99271387,True,4,4,10.0
0.99349594,True,0,0,8.0
0.9902686,True,4,4,16.0
0.56219363,False,10,1,-2.0
0.9897809,True,0,0,18.0
0.5475857,True,1,1,-6.0
0.59644276,False,10,1,16.0
0.94174206,True,2,2,10.0
0.64307183,False,10,1,4.0
0.99481106,True,4,4,-2.0
0.9911538,True,0,0,14.0
0.5162421,False,10,1,-4.0
0.69797623,False,10,1,8.0
0.9909032,True,3,3,12.0
0.9919132,True,9,9,16.0
0.9900394,True,0,0,16.0
0.9915292,True,4,4,16.0
0.9865122,True,5,5,6.0
0.9937496,True,9,9,16.0
0.9930224,True,6,6,16.0
0.99394196,True,10,10,6.0
0.42666477,False,0,5,-6.0
0.9954573,True,5,5,0.0
0.99146056,True,4,4,4.0
0.99324435,True,6,6,4.0
0.9923193,True,7,7,18.0
0.92832047,True,6,6,-6.0
0.98884577,True,8,8,16.0
0.9480079,True,2,2,10.0
0.7827277,True,8,8,-6.0
0.56285894,False,1,10,-2.0
0.9914995,True,3,3,16.0
0.9902474,True,3,3,0.0
0.95090896,True,2,2,18.0
0.9941164,True,3,3,18.0
0.9901675,True,4,4,18.0
0.83721066,True,10,10,14.0
0.9909764,True,4,4,2.0
0.50127316,True,9,9,0.0
0.9918561,True,5,5,4.0
0.9917605,True,4,4,2.0
0.9904542,True,3,3,8.0
0.991736,True,6,6,14.0
0.9902401,True,0,0,8.0
0.85863614,True,4,4,-4.0
0.99449426,True,5,5,0.0
0.9901811,True,4,4,0.0
0.9901085,True,4,4,0.0
0.9365065,True,5,5,-4.0
0.99111885,True,3,3,18.0
0.9924089,True,0,0,10.0
0.52290833,False,4,2,-6.0
0.9695385,False,3,2,2.0
0.69022286,True,7,7,0.0
0.99036497,True,3,3,14.0
0.89511424,False,7,8,-4.0
0.9884543,True,10,10,0.0
0.5817629,False,10,1,16.0
0.9899616,True,4,4,18.0
0.9923799,True,8,8,0.0
0.99034625,True,7,7,0.0
0.9917285,True,6,6,18.0
0.9569502,True,2,2,18.0
0.99200684,True,5,5,14.0
0.9922504,True,3,3,12.0
0.9862497,True,4,4,-2.0
0.51944673,False,0,2,-6.0
0.57923174,True,1,1,4.0
0.99184847,True,5,5,14.0
0.99166214,True,4,4,14.0
0.5699198,False,10,1,4.0
0.98972696,True,4,4,18.0
0.9920122,True,3,3,10.0
0.9921293,True,8,8,16.0
0.99206245,True,7,7,12.0
0.9915113,True,6,6,6.0
0.9257783,True,2,2,16.0
0.9887738,True,8,8,-4.0
0.8382765,True,7,7,14.0
0.99243027,True,0,0,14.0
0.99135244,True,4,4,10.0
0.9922057,True,4,4,18.0
0.9901039,True,3,3,4.0
0.4976789,True,1,1,-2.0
0.9933275,True,9,9,14.0
0.9913492,True,6,6,18.0
0.9873552,True,0,0,2.0
0.9534677,True,2,2,6.0
0.99171937,True,5,5,6.0
0.99282736,True,0,0,2.0
0.9918149,True,0,0,18.0
0.97006756,True,0,0,2.0
0.993164,True,8,8,6.0
0.98412645,True,7,7,-6.0
0.86017704,True,10,10,-2.0
0.9767709,True,8,8,-4.0
0.6026777,False,10,1,-6.0
0.989717,True,3,3,18.0
0.99227023,True,4,4,-2.0
0.99184316,True,8,8,6.0
0.67203856,True,1,1,-6.0
0.9897927,True,7,7,4.0
0.99070334,True,4,4,8.0
0.94586223,True,6,6,16.0
0.992687,True,6,6,12.0
0.991962,True,6,6,-2.0
0.32420358,False,4,1,-4.0
0.9920906,True,0,0,18.0
0.9906929,True,8,8,8.0
0.9910067,True,5,5,16.0
0.42484733,False,2,9,4.0
0.9923415,True,6,6,-4.0
0.99115074,True,8,8,8.0
0.649416,True,1,1,10.0
0.99197114,True,6,6,-2.0
0.9920591,True,9,9,12.0
0.99191743,True,0,0,10.0
0.98785317,True,7,7,0.0
0.9784226,True,2,2,18.0
0.9849458,True,7,7,10.0
0.9913749,True,7,7,12.0
0.99026465,True,7,7,-2.0
0.7706006,True,10,10,18.0
0.9940333,True,3,3,12.0
0.9528963,True,2,2,0.0
0.99315923,True,9,9,14.0
0.56274056,False,10,1,10.0
0.9903778,True,10,10,6.0
0.5766912,False,10,1,6.0
0.5779938,False,10,1,16.0
0.99089843,True,4,4,-4.0
0.9921951,True,9,9,14.0
0.99328196,True,4,4,-2.0
0.99107355,True,8,8,14.0
0.66547275,True,1,1,-2.0
0.99056375,True,4,4,12.0
0.9293881,True,2,2,18.0
0.99500436,True,10,10,8.0
0.99310064,True,8,8,18.0
0.99226415,True,3,3,8.0
0.98884684,True,3,3,0.0
0.6920481,True,1,1,8.0
0.9931426,True,5,5,16.0
0.5309175,True,1,1,0.0
0.99128646,True,8,8,10.0
0.99104214,True,3,3,8.0
0.91141254,True,2,2,6.0
0.9917747,True,7,7,10.0
0.55679405,True,1,1,0.0
0.993056,True,9,9,16.0
0.9932673,True,3,3,4.0
0.3196056,False,3,2,-6.0
0.9909697,True,7,7,0.0
0.95208603,True,4,4,-4.0
0.9927592,True,6,6,10.0
0.99006516,True,7,7,4.0
0.7130978,True,1,1,4.0
0.992564,True,0,0,12.0
0.41868624,True,3,3,-4.0
0.9897295,True,3,3,12.0
0.9825485,True,7,7,0.0
0.99132854,True,4,4,8.0
0.9922792,True,5,5,12.0
0.6243382,False,10,1,12.0
0.99136484,True,4,4,8.0
0.99000376,True,9,9,8.0
0.9912043,True,4,4,-2.0
0.5835699,True,1,1,8.0
0.98998743,True,10,10,16.0
0.985143,True,8,8,18.0
0.9908675,True,0,0,12.0
0.5701271,True,4,4,-6.0
0.9909087,True,6,6,4.0
0.6949618,True,3,3,-2.0
0.96776474,True,7,7,14.0
0.53479105,False,10,1,-4.0
0.9916078,True,6,6,8.0
0.52044046,True,1,1,-4.0
0.992573,True,6,6,-2.0
0.82637274,False,10,5,-2.0
0.6315968,False,10,1,14.0
0.5615467,False,10,1,0.0
0.5889229,True,1,1,14.0
0.9908421,True,0,0,14.0
0.99519026,True,10,10,4.0
0.9914522,True,3,3,16.0
0.9894476,True,7,7,0.0
0.9897545,True,4,4,14.0
0.97975516,True,10,10,0.0
0.66327006,False,9,2,-6.0
0.9928069,True,9,9,4.0
0.9690494,False,8,2,6.0
0.630237,False,10,1,10.0
0.9923287,True,6,6,10.0
0.99216616,True,4,4,2.0
0.98919755,True,7,7,16.0
0.99326855,True,9,9,18.0
0.99112076,True,4,4,16.0
0.9912901,True,0,0,18.0
0.99180543,True,3,3,10.0
0.5814588,False,10,1,8.0
0.9892793,True,3,3,-2.0
0.9477063,False,0,4,-4.0
0.98948145,True,4,4,12.0
0.9505194,True,2,2,-2.0
0.992724,True,9,9,16.0
0.613819,False,10,1,-2.0
0.990831,True,4,4,16.0
0.99082196,True,5,5,14.0
0.88231826,False,7,0,-6.0
0.9899644,True,5,5,-4.0
0.52901053,True,1,1,-2.0
0.9925432,True,6,6,8.0
0.9597774,True,7,7,-4.0
0.5520652,True,9,9,-2.0
0.56394297,False,10,1,6.0
0.99007714,True,4,4,4.0
0.991955,True,9,9,14.0
0.97366804,True,2,2,-2.0
0.99014145,True,4,4,12.0
0.9896483,True,7,7,18.0
0.991497,True,4,4,6.0
0.99079996,True,4,4,8.0
0.99001503,True,0,0,0.0
0.991072,True,6,6,4.0
0.99298865,True,5,5,8.0
0.63044435,True,1,1,0.0
0.9402983,True,2,2,4.0
0.91067135,True,2,2,-6.0
0.92658925,True,9,9,-2.0
0.3489157,False,9,4,-6.0
0.9920248,True,4,4,4.0
0.9464587,True,2,2,-2.0
0.9907416,True,8,8,18.0
0.4655109,False,2,3,4.0
0.9695868,True,2,2,-4.0
0.99113655,True,7,7,18.0
0.99144167,True,6,6,6.0
0.70283556,True,1,1,2.0
0.99350834,True,3,3,2.0
0.5711113,False,10,1,12.0
0.9926125,True,0,0,14.0
0.92970127,True,2,2,2.0
0.8027464,True,3,3,-4.0
0.5772542,True,1,1,14.0
0.96911836,True,7,7,-2.0
0.70522547,True,0,0,-4.0
0.990973,True,0,0,10.0
0.96752244,True,2,2,8.0
0.64528567,False,10,1,10.0
0.99125975,True,9,9,2.0
0.99393725,True,4,4,-2.0
0.7314849,True,1,1,6.0
0.6101669,False,10,1,-6.0
0.99022126,True,7,7,16.0
0.99044657,True,7,7,6.0
0.99169403,True,6,6,10.0
0.53604215,False,10,1,-4.0
0.99326986,True,6,6,2.0
0.9872112,True,7,7,2.0
0.9908674,True,7,7,12.0
0.9936674,True,5,5,2.0
0.9898359,True,8,8,8.0
0.991816,True,6,6,12.0
0.52305543,True,1,1,-6.0
0.9931331,True,3,3,0.0
0.9910353,True,10,10,16.0
0.9902422,True,0,0,0.0
0.9866284,True,0,0,0.0
0.9928604,True,0,0,14.0
0.99203837,True,7,7,12.0
0.9921483,True,6,6,0.0
0.9641177,True,2,2,-6.0
0.577401,False,10,5,-2.0
0.9910616,True,7,7,12.0
0.9919151,True,6,6,4.0
0.9929571,True,9,9,18.0
0.64134055,False,10,1,18.0
0.9623545,True,2,2,6.0
0.9920328,True,6,6,18.0
0.99099874,True,7,7,0.0
0.9923503,True,0,0,14.0
0.996061,True,10,10,4.0
0.94586104,True,2,2,16.0
0.9425727,True,2,2,8.0
0.566725,False,10,1,6.0
0.992861,True,4,4,-2.0
0.9947377,True,5,5,8.0
0.56859434,False,10,1,18.0
0.5918175,False,7,8,-4.0
0.9914465,True,9,9,10.0
0.99289966,True,6,6,-2.0
0.9934116,True,8,8,8.0
0.9909079,True,4,4,0.0
0.9927286,True,8,8,10.0
0.9823667,True,7,7,12.0
0.9914205,True,6,6,12.0
0.9943399,True,5,5,4.0
0.94352233,True,2,2,-6.0
0.98955804,True,3,3,0.0
0.9095315,True,2,2,14.0
0.9923878,True,0,0,12.0
0.56546617,False,10,1,18.0
0.9918726,True,5,5,16.0
0.9918968,True,4,4,-2.0
0.9915712,True,7,7,12.0
0.9893181,True,6,6,-6.0
0.99193186,True,8,8,16.0
0.9917971,True,9,9,0.0
0.9942186,True,3,3,-2.0
0.65459895,True,1,1,2.0
0.99310184,True,9,9,18.0
0.6268165,False,10,1,-4.0
0.99237,True,0,0,14.0
0.9921158,True,4,4,-2.0
0.98106307,True,3,3,-2.0
0.93847084,True,5,5,-6.0
0.5705893,False,10,1,-4.0
0.9926322,True,8,8,-2.0
0.99168867,True,6,6,8.0
0.9911513,True,9,9,16.0
0.5651804,True,1,1,18.0
0.9918451,False,8,7,18.0
0.97008353,True,2,2,-6.0
0.9926145,True,3,3,2.0
0.60000587,False,10,1,18.0
0.9913673,True,8,8,16.0
0.9891951,True,4,4,18.0
0.99127215,True,0,0,2.0
0.9922037,True,5,5,4.0
0.6367703,True,1,1,18.0
0.94134665,True,2,2,18.0
0.59754694,True,1,1,-4.0
0.9919742,True,0,0,12.0
0.9771074,True,7,7,-4.0
0.4861096,False,0,4,-6.0
0.9935881,True,8,8,8.0
0.9898838,True,4,4,12.0
0.9580832,True,2,2,8.0
0.99162674,True,0,0,12.0
0.33702204,False,0,2,-6.0
0.9805377,True,7,7,-6.0
0.94619733,True,2,2,-4.0
0.99307466,True,5,5,16.0
0.9912081,True,6,6,10.0
0.99120516,True,10,10,14.0
0.8436727,True,10,10,2.0
0.98975337,True,0,0,16.0
0.9912287,True,3,3,-4.0
0.94804305,True,2,2,10.0
0.90813565,True,10,10,16.0
0.70832026,True,1,1,10.0
0.99414486,True,8,8,-2.0
0.9913265,True,7,7,12.0
0.9576108,True,2,2,18.0
0.9920448,True,9,9,8.0
0.6418062,True,1,1,-2.0
0.9929611,True,5,5,18.0
0.9914587,True,6,6,18.0
0.9920156,True,4,4,8.0
0.99166685,True,4,4,10.0
0.97908187,True,2,2,18.0
0.9920495,True,9,9,14.0
0.991836,True,7,7,10.0
0.9920637,True,6,6,10.0
0.95223117,True,7,7,-2.0
0.9915379,True,8,8,16.0
0.9928831,True,0,0,12.0
0.64859337,False,10,1,16.0
0.5667493,False,10,1,0.0
0.99329823,True,0,0,4.0
0.9905489,True,8,8,8.0
0.97232133,True,2,2,-4.0
0.94765544,True,2,2,14.0
0.9935442,True,6,6,18.0
0.9522704,True,2,2,-6.0
0.3930601,True,2,2,18.0
0.9922287,True,8,8,16.0
0.5616542,False,10,1,18.0
0.9930595,True,6,6,0.0
0.5596378,False,10,1,10.0
0.9904745,True,3,3,2.0
0.9915917,True,5,5,8.0
0.9603152,True,2,2,6.0
0.5905216,True,1,1,-6.0
0.9913754,True,8,8,4.0
0.9935042,True,8,8,0.0
0.9932179,True,7,7,12.0
0.9918013,True,9,9,14.0
0.9906453,True,5,5,16.0
0.9907631,True,4,4,18.0
0.9898317,True,7,7,8.0
0.99282384,True,0,0,4.0
0.99253815,True,7,7,12.0
0.9927377,True,10,10,12.0
0.9912991,True,10,10,6.0
0.99131304,True,9,9,6.0
0.99248487,True,8,8,8.0
0.5903081,True,1,1,0.0
0.9926622,True,0,0,4.0
0.99188167,True,6,6,2.0
0.9941671,True,5,5,8.0
0.9889207,True,6,6,-2.0
0.55833477,False,10,1,2.0
0.9874578,True,6,6,-6.0
0.6355561,True,1,1,10.0
0.8939493,True,2,2,14.0
0.9915794,True,9,9,18.0
0.5885964,True,1,1,-2.0
0.99048144,True,8,8,16.0
0.7697157,True,9,9,0.0
0.99434114,True,5,5,18.0
0.99048144,True,0,0,2.0
0.9301556,True,2,2,-6.0
0.99141884,True,6,6,18.0
0.99153405,True,7,7,2.0
0.9585597,True,2,2,-2.0
0.99173355,True,3,3,8.0
0.88611925,True,2,2,14.0
0.98934644,True,3,3,2.0
0.7909761,False,10,5,0.0
0.7322266,True,1,1,16.0
0.99099636,True,3,3,10.0
0.9927528,True,3,3,2.0
0.98908323,True,7,7,16.0
0.62922484,False,10,1,12.0
0.99295545,True,5,5,4.0
0.99157786,True,6,6,8.0
0.9906375,True,3,3,14.0
0.9928208,True,9,9,16.0
0.3022011,False,9,0,-6.0
0.9577416,True,2,2,12.0
0.9927165,True,3,3,4.0
0.99231344,True,8,8,2.0
0.99014306,True,4,4,14.0
0.9917623,True,4,4,2.0
0.92239076,True,2,2,12.0
0.9901467,True,5,5,8.0
0.9942399,True,5,5,18.0
0.9924489,True,9,9,4.0
0.9899776,True,10,10,14.0
0.95416766,True,2,2,-2.0
0.992447,True,6,6,4.0
0.65631115,True,1,1,4.0
0.9962165,True,4,4,-2.0
0.9938291,True,3,3,0.0
0.99339324,True,9,9,0.0
0.9898893,True,8,8,14.0
0.99155605,True,9,9,10.0
0.98985076,True,4,4,10.0
0.9795328,True,0,0,14.0
0.9921665,True,4,4,-4.0
0.99158067,True,7,7,8.0
0.99360996,True,5,5,18.0
0.9903108,True,8,8,2.0
0.6208395,True,1,1,-4.0
0.9921606,True,6,6,10.0
0.9482251,True,2,2,4.0
0.88211256,False,7,8,-2.0
0.9949679,True,5,5,12.0
0.6849486,True,1,1,2.0
0.99168104,True,9,9,18.0
0.9893156,True,6,6,0.0
0.7717963,False,0,9,-2.0
0.99133575,True,9,9,0.0
0.9840681,True,5,5,2.0
0.98966575,True,5,5,14.0
0.9911466,True,8,8,4.0
0.92605644,False,3,2,16.0
0.979117,True,2,2,14.0
0.5801012,True,8,8,10.0
0.9919443,True,6,6,18.0
0.40900332,False,4,0,-6.0
0.99044293,True,6,6,-6.0
0.9935823,True,4,4,0.0
0.8236013,False,8,7,-6.0
0.8981486,True,2,2,10.0
0.38261405,True,4,4,-6.0
0.9912258,True,4,4,6.0
0.8590492,True,7,7,8.0
0.8026202,True,0,0,2.0
0.9911253,True,4,4,10.0
0.991206,True,0,0,16.0
0.9901383,True,4,4,2.0
0.99056727,True,9,9,0.0
0.9905404,True,5,5,-2.0
0.99428153,True,3,3,-2.0
0.99298406,True,0,0,12.0
0.59253365,True,1,1,2.0
0.65392953,True,1,1,14.0
0.9930447,True,8,8,-2.0
0.99001664,True,7,7,2.0
0.96422446,True,2,2,2.0
0.9839484,True,5,5,0.0
0.9916358,True,3,3,4.0
0.9937117,True,6,6,8.0
0.9916313,True,8,8,8.0
0.76749396,True,9,9,-2.0
0.9906273,True,7,7,16.0
0.9905957,True,6,6,18.0
0.36405122,False,2,3,16.0
0.5091957,False,10,1,-2.0
0.99522287,True,5,5,-2.0
0.89626503,True,2,2,-4.0
0.9890465,True,3,3,-2.0
0.8849004,True,7,7,12.0
0.992125,True,6,6,2.0
0.8328254,True,8,8,-6.0
0.9898038,True,7,7,6.0
0.7779999,True,9,9,-4.0
0.5281194,False,8,7,16.0
0.9910206,True,3,3,14.0
0.6021983,False,10,1,10.0
0.51590586,True,8,8,10.0
0.9900345,True,4,4,12.0
0.5769844,True,1,1,4.0
0.99130577,True,7,7,10.0
0.74323803,True,5,5,-4.0
0.9929073,True,4,4,-4.0
0.9930488,True,5,5,-2.0
0.98937047,True,3,3,14.0
0.98956877,True,7,7,6.0
0.99191463,True,8,8,0.0
0.9926488,True,9,9,16.0
0.7936592,True,5,5,-6.0
0.49655026,False,10,1,0.0
0.99086434,True,8,8,8.0
0.9614427,True,8,8,16.0
0.9903081,True,4,4,14.0
0.99327,True,8,8,-2.0
0.69794697,True,1,1,8.0
0.9913475,True,9,9,4.0
0.99185365,True,8,8,16.0
0.59843296,True,1,1,12.0
0.9926587,True,9,9,0.0
0.99236405,True,8,8,6.0
0.65081555,False,7,0,10.0
0.63435316,True,1,1,8.0
0.7838844,True,1,1,4.0
0.9507732,True,2,2,12.0
0.9926615,True,3,3,4.0
0.7570433,True,1,1,6.0
0.9694232,True,2,2,6.0
0.9916712,True,7,7,12.0
0.5427045,True,1,1,2.0
0.93756515,True,2,2,8.0
0.63453525,False,10,1,6.0
0.99229187,True,3,3,6.0
0.9214492,True,2,2,-6.0
0.982427,True,7,7,0.0
0.99002075,True,4,4,10.0
0.9927914,True,8,8,14.0
0.99177814,True,3,3,8.0
0.5673107,False,9,0,-4.0
0.7923132,True,5,5,-6.0
0.98724294,True,10,10,14.0
0.5916432,False,10,1,-6.0
0.9929525,True,9,9,8.0
0.94239324,True,2,2,8.0
0.9928901,True,4,4,18.0
0.6445347,True,1,1,2.0
0.99214375,True,6,6,18.0
0.9915706,True,6,6,16.0
0.9880945,True,0,0,16.0
0.9913755,True,8,8,10.0
0.98949987,True,7,7,18.0
0.5880155,True,1,1,8.0
0.9897306,True,0,0,14.0
0.99339277,True,6,6,0.0
0.9371783,True,2,2,16.0
0.9906509,True,3,3,16.0
0.9868564,True,3,3,-2.0
0.97032523,True,2,2,12.0
0.9908228,True,0,0,4.0
0.99012554,True,8,8,6.0
0.99013317,True,7,7,18.0
0.96603215,True,7,7,0.0
0.97108454,True,2,2,10.0
0.9919608,True,9,9,10.0
0.54748493,True,1,1,8.0
0.80855703,True,10,10,2.0
0.954514,True,2,2,8.0
0.99260473,True,10,10,10.0
0.56820905,True,1,1,16.0
0.6336192,True,1,1,2.0
0.60318315,True,1,1,16.0
0.9488556,True,2,2,14.0
0.9919962,True,8,8,4.0
0.94653803,True,2,2,16.0
0.99124134,True,8,8,10.0
0.9642094,True,2,2,6.0
0.8292662,True,5,5,-2.0
0.9913264,True,9,9,6.0
0.9917024,True,3,3,-2.0
0.9647706,False,0,4,-4.0
0.99248224,True,5,5,10.0
0.9917447,True,6,6,16.0
0.9087129,True,7,7,-2.0
0.51781327,False,10,1,0.0
0.9337581,False,7,8,-2.0
0.99004143,True,4,4,10.0
0.9903734,True,0,0,14.0
0.9828089,True,5,5,-2.0
0.9895705,True,7,7,8.0
0.9911874,True,3,3,12.0
0.9926857,True,9,9,14.0
0.96147907,True,2,2,16.0
0.99339336,True,10,10,14.0
0.5575715,True,1,1,12.0
0.9915446,True,8,8,14.0
0.9941531,True,5,5,16.0
0.46283302,False,4,0,-6.0
0.99140644,True,4,4,4.0
0.9919831,True,6,6,0.0
0.99352646,True,4,4,0.0
0.9923983,True,3,3,18.0
0.55709416,False,10,1,-6.0
0.99017173,True,4,4,10.0
0.98247474,True,0,0,0.0
0.9908641,True,3,3,16.0
0.9948349,True,10,10,6.0
0.99376327,True,6,6,-4.0
0.6989568,False,10,1,2.0
0.99521196,True,5,5,18.0
0.99256,True,4,4,6.0
0.94920844,True,8,8,-6.0
0.99457246,True,5,5,6.0
0.60353917,True,1,1,0.0
0.96775556,True,10,10,0.0
0.95466447,True,2,2,12.0
0.99214786,True,4,4,6.0
0.9918584,True,0,0,2.0
0.9921061,True,0,0,8.0
0.9923936,True,8,8,14.0
0.99040425,True,7,7,18.0
0.58540666,False,9,0,-4.0
0.9901972,True,3,3,14.0
0.9933895,True,8,8,-4.0
0.9920998,True,7,7,0.0
0.8917497,True,1,1,12.0
0.9908757,True,3,3,12.0
0.99696773,True,4,4,-2.0
0.54988444,False,3,9,-4.0
0.85876226,True,2,2,4.0
0.9914225,True,0,0,10.0
0.99267817,True,6,6,12.0
0.620296,True,1,1,16.0
0.9924218,True,6,6,2.0
0.99193233,True,9,9,8.0
0.9932929,True,5,5,8.0
0.99149984,True,7,7,4.0
0.4779544,False,5,4,-6.0
0.9921485,True,6,6,-4.0
0.9908744,True,7,7,12.0
0.65237355,True,0,0,-4.0
0.9861829,True,5,5,2.0
0.98935246,True,0,0,6.0
0.98769337,True,8,8,4.0
0.99218166,True,6,6,14.0
0.70018375,True,0,0,0.0
0.9901636,True,6,6,6.0
0.94480544,True,2,2,14.0
0.9910301,True,6,6,6.0
0.995749,True,5,5,8.0
0.99221635,True,8,8,6.0
0.99040854,True,3,3,12.0
0.9932514,True,6,6,4.0
0.5592762,True,10,10,0.0
0.99039584,True,3,3,8.0
0.5876644,True,1,1,4.0
0.989976,True,4,4,18.0
0.9905013,True,0,0,18.0
0.9915452,True,0,0,10.0
0.95957714,True,2,2,4.0
0.64210016,True,1,1,2.0
0.9931598,True,8,8,16.0
0.9798061,True,9,9,0.0
0.99012494,True,4,4,12.0
0.99281317,True,9,9,2.0
0.9753879,True,6,6,-4.0
0.6417192,True,1,1,18.0
0.99135345,True,6,6,12.0
0.9887066,True,9,9,-2.0
0.57655746,False,10,1,12.0
0.992015,True,6,6,6.0
0.9891038,True,8,8,8.0
0.98961467,True,5,5,2.0
0.99138993,True,6,6,6.0
0.99323696,True,5,5,2.0
0.9938081,True,5,5,14.0
0.9912111,True,3,3,0.0
0.99230933,True,0,0,16.0
0.8635137,True,7,7,-2.0
0.99107426,True,6,6,16.0
0.9917577,True,0,0,14.0
0.99184036,True,4,4,8.0
0.99201655,True,9,9,10.0
0.99284405,True,9,9,0.0
0.92070496,False,9,2,6.0
0.99093235,True,3,3,10.0
0.993006,True,6,6,10.0
0.9916504,True,6,6,18.0
0.9856119,True,6,6,-6.0
0.98230064,True,8,8,2.0
0.99075097,True,4,4,16.0
0.5877379,False,10,1,10.0
0.9916978,True,6,6,12.0
0.989894,True,6,6,0.0
0.9902774,True,0,0,14.0
0.99073845,True,4,4,6.0
0.9731501,True,2,2,2.0
0.9919871,True,0,0,10.0
0.5150659,True,1,1,-4.0
0.9928383,True,9,9,6.0
0.9910324,True,4,4,12.0
0.99199694,True,4,4,0.0
0.9920393,True,8,8,18.0
0.55894166,True,0,0,-4.0
0.946084,True,2,2,0.0
0.9924406,True,6,6,4.0
0.9906758,True,6,6,14.0
0.97421277,True,7,7,-4.0
0.87101454,False,9,0,-4.0
0.9909142,True,0,0,6.0
0.7909938,False,9,2,18.0
0.97888607,True,4,4,-6.0
0.959966,True,2,2,14.0
0.9931415,True,3,3,0.0
0.96184796,True,2,2,18.0
0.99207276,True,8,8,2.0
0.99473464,True,5,5,8.0
0.99088,True,8,8,16.0
0.6031169,False,10,1,8.0
0.859558,True,0,0,-2.0
0.99220747,True,3,3,18.0
0.42471522,False,3,9,-6.0
0.8947536,True,2,2,-6.0
0.96316737,True,2,2,0.0
0.99072534,True,4,4,6.0
0.9708026,True,2,2,16.0
0.98508936,True,0,0,0.0
0.60127544,True,3,3,-6.0
0.9707444,True,2,2,10.0
0.99189454,True,0,0,12.0
0.9919045,True,3,3,2.0
0.6776501,True,4,4,-4.0
0.99064565,True,8,8,6.0
0.57596844,True,1,1,16.0
0.73613626,True,1,1,-4.0
0.9917961,True,4,4,6.0
0.99172336,True,9,9,14.0
0.9937196,True,8,8,-4.0
0.5753934,False,10,1,8.0
0.9953166,True,5,5,8.0
0.9922185,True,0,0,16.0
0.99442697,True,4,4,-4.0
0.9716249,True,7,7,-4.0
0.66406345,True,1,1,-4.0
0.992759,True,3,3,2.0
0.96541214,True,2,2,4.0
0.99215275,True,0,0,16.0
0.99069095,True,4,4,14.0
0.7591573,True,1,1,12.0
0.96116126,True,10,10,0.0
0.99282855,True,6,6,10.0
0.99268097,True,9,9,18.0
0.7265417,True,10,10,6.0
0.96904975,True,8,8,2.0
0.91991174,True,2,2,2.0
0.95417887,True,2,2,12.0
0.99070424,True,0,0,16.0
0.9395272,False,8,2,8.0
0.9924981,True,6,6,6.0
0.90549433,True,3,3,-4.0
0.92170626,True,2,2,18.0
0.9910998,True,7,7,4.0
0.99006665,True,8,8,-2.0
0.99264044,True,6,6,12.0
0.9121458,True,7,7,8.0
0.9896756,True,4,4,6.0
0.7202839,False,10,1,2.0
0.9932434,True,3,3,18.0
0.9897579,True,8,8,4.0
0.9915589,True,3,3,14.0
0.9889486,True,7,7,2.0
0.57062083,False,10,1,18.0
0.9927797,True,8,8,10.0
0.9908428,True,8,8,12.0
0.9908071,True,3,3,-2.0
0.990096,True,7,7,18.0
0.9916597,True,8,8,16.0
0.9927241,True,9,9,14.0
0.5617507,False,10,1,12.0
0.6296574,False,10,1,2.0
0.7550479,True,1,1,6.0
0.6035825,False,10,1,6.0
0.9757391,True,6,6,-6.0
0.84408337,True,5,5,-6.0
0.9932312,True,5,5,-4.0
0.7617642,False,7,0,2.0
0.9932561,True,5,5,2.0
0.9906213,True,0,0,0.0
0.9913084,True,5,5,6.0
0.76210403,True,0,0,-2.0
0.98880017,True,8,8,6.0
0.66364896,False,10,1,-2.0
0.9953178,True,5,5,2.0
0.99162275,True,3,3,8.0
0.9519396,True,2,2,0.0
0.9920854,True,8,8,16.0
0.99181706,True,6,6,0.0
0.72624075,False,0,9,-6.0
0.9914459,True,9,9,14.0
0.96451926,True,8,8,-4.0
0.9917237,True,9,9,8.0
0.9919229,True,3,3,4.0
0.6966058,False,4,0,-4.0
0.9936429,True,9,9,18.0
0.99149865,True,0,0,4.0
0.9921078,True,9,9,4.0
0.78419137,False,6,3,10.0
0.99234664,True,0,0,8.0
0.99272186,True,5,5,2.0
0.5941686,True,1,1,10.0
0.7984246,True,2,2,0.0
0.99648917,True,5,5,2.0
0.95552266,True,9,9,2.0
0.7134171,True,1,1,18.0
0.4822177,True,5,5,-2.0
0.99191636,True,6,6,8.0
0.9865975,True,3,3,-2.0
0.99120754,True,9,9,14.0
0.9885952,True,4,4,14.0
0.6359677,False,10,1,14.0
0.9936366,True,9,9,18.0
0.9679556,True,3,3,-6.0
0.98995656,True,8,8,16.0
0.9913721,True,6,6,18.0
0.99017954,False,9,4,-4.0
0.99103945,True,4,4,12.0
0.99201715,True,8,8,4.0
0.99122214,True,8,8,12.0
0.5814354,True,1,1,4.0
0.9915318,True,9,9,2.0
0.9926501,True,0,0,4.0
0.8613503,True,2,2,-4.0
0.9915902,True,6,6,-2.0
0.62802166,False,10,1,-4.0
0.50476265,False,1,10,-6.0
0.99211484,True,3,3,6.0
0.99331045,True,4,4,0.0
0.9856397,True,3,3,-4.0
0.9905951,True,4,4,6.0
0.9916128,True,8,8,6.0
0.9860529,True,7,7,6.0
0.9924952,True,9,9,8.0
0.9239708,True,2,2,-4.0
0.99126726,True,7,7,4.0
0.99043953,True,4,4,16.0
0.99302834,True,8,8,2.0
0.9741368,True,3,3,-6.0
0.9915902,True,9,9,4.0
0.76655835,True,8,8,14.0
0.99178606,True,6,6,14.0
0.9924132,True,6,6,-2.0
0.99150336,True,9,9,2.0
0.9965474,True,10,10,2.0
0.99249107,True,6,6,8.0
0.9923994,True,3,3,2.0
0.7488534,False,10,5,-4.0
0.5250998,False,9,0,-6.0
0.98978233,True,6,6,16.0
0.9917066,True,7,7,-6.0
0.5661522,True,1,1,18.0
0.54710615,False,10,1,4.0
0.99210316,True,8,8,18.0
0.9942099,True,5,5,16.0
0.9921876,True,5,5,10.0
0.9466954,True,2,2,18.0
0.87321484,False,5,4,-6.0
0.99188626,True,6,6,10.0
0.9918526,True,7,7,14.0
0.98416543,True,7,7,6.0
0.9900004,True,4,4,12.0
0.9935942,True,9,9,18.0
0.99211055,True,4,4,4.0
0.50392693,False,4,5,-4.0
0.9429065,True,2,2,16.0
0.9920019,True,7,7,-2.0
0.7799356,True,4,4,-4.0
0.9917841,True,9,9,16.0
0.9896667,True,0,0,0.0
0.5482935,False,10,1,-2.0
0.8209105,False,0,4,-6.0
0.59662634,False,9,0,-4.0
0.69927716,True,1,1,-6.0
0.58797884,True,1,1,16.0
0.9764786,True,2,2,-6.0
0.9913011,True,9,9,4.0
0.9906832,True,0,0,14.0
0.99284065,True,8,8,-2.0
0.99147964,True,3,3,14.0
0.73988986,False,7,0,0.0
0.97281545,True,10,10,10.0
0.9895012,True,7,7,14.0
0.9907141,True,4,4,12.0
0.6287255,True,10,10,-2.0
0.5295362,False,10,1,-2.0
0.5623743,True,1,1,12.0
0.9513183,True,2,2,12.0
0.5678763,True,1,1,8.0
0.9909731,True,7,7,-4.0
0.9938439,True,4,4,4.0
0.56925356,False,10,1,18.0
0.9915168,True,6,6,2.0
0.99267733,True,4,4,6.0
0.91451865,True,1,1,14.0
0.6073378,False,10,1,2.0
0.98897725,True,7,7,16.0
0.99304974,True,9,9,10.0
0.99226886,True,4,4,-2.0
0.5490919,False,10,1,-4.0
0.991591,True,6,6,14.0
0.962682,True,10,10,8.0
0.5186597,True,10,10,-6.0
0.59895015,True,3,3,-6.0
0.99424815,True,5,5,2.0
0.9896457,True,4,4,8.0
0.7243108,False,9,2,-6.0
0.99206114,True,5,5,4.0
0.98986477,True,6,6,-2.0
0.6603253,False,9,0,-4.0
0.9932128,True,8,8,-2.0
0.99038506,True,7,7,10.0
0.9904124,True,4,4,18.0
0.6692406,True,1,1,8.0
0.99143994,True,4,4,10.0
0.9927763,True,9,9,14.0
0.9932681,True,8,8,12.0
0.958296,True,5,5,0.0
0.5794517,True,1,1,2.0
0.9912846,True,3,3,4.0
0.89805764,True,2,2,0.0
0.99054843,True,4,4,2.0
0.41143447,True,8,8,18.0
0.991875,True,9,9,18.0
0.9923275,True,6,6,18.0
0.99437463,True,3,3,0.0
0.99360037,True,5,5,-4.0
0.905464,True,2,2,16.0
0.930554,True,2,2,-6.0
0.9906595,True,6,6,14.0
0.98933965,True,3,3,12.0
0.97094935,True,9,9,0.0
0.92980164,True,0,0,0.0
0.99289495,True,8,8,14.0
0.9932469,True,6,6,-4.0
0.9060354,True,7,7,14.0
0.99005204,True,5,5,6.0
0.98981583,True,6,6,16.0
0.994584,True,5,5,6.0
0.9472398,True,2,2,2.0
0.99329126,True,8,8,16.0
0.9891276,True,3,3,12.0
0.98967,True,7,7,0.0
0.9930199,True,4,4,10.0
0.991273,True,7,7,16.0
0.9912081,True,5,5,16.0
0.99062777,True,3,3,18.0
0.99401194,True,9,9,14.0
0.9935823,True,5,5,16.0
0.9919354,True,6,6,10.0
0.98411405,True,0,0,-2.0
0.99089503,True,0,0,18.0
0.8514984,False,5,2,-6.0
0.9907382,True,5,5,12.0
0.7281042,False,5,10,-4.0
0.9346924,True,2,2,8.0
0.99190944,True,6,6,10.0
0.9945364,True,3,3,8.0
0.9956462,True,5,5,2.0
0.99123293,True,7,7,6.0
0.9897657,True,6,6,-6.0
0.9486566,False,7,2,-4.0
0.9911606,True,0,0,10.0
0.9923252,True,9,9,14.0
0.990497,True,8,8,18.0
0.9932857,True,3,3,0.0
0.99200636,True,6,6,12.0
0.99278885,True,9,9,14.0
0.9924899,True,7,7,14.0
0.9912101,True,3,3,18.0
0.973838,True,10,10,2.0
0.30487105,True,2,2,8.0
0.9724319,True,2,2,6.0
0.92374533,True,2,2,10.0
0.94215965,False,7,2,-4.0
0.9574809,True,2,2,10.0
0.9920744,True,6,6,-4.0
0.57907164,True,1,1,-4.0
0.99177414,True,4,4,14.0
0.978304,True,2,2,6.0
0.44450766,False,3,9,-6.0
0.72252744,True,1,1,2.0
0.9932667,True,3,3,8.0
0.57453585,True,1,1,16.0
0.9925593,True,9,9,2.0
0.99113035,True,5,5,16.0
0.548534,False,10,1,-2.0
0.9911239,True,6,6,2.0
0.99102974,True,8,8,8.0
0.9916819,True,9,9,16.0
0.99054515,True,7,7,6.0
0.9905184,True,3,3,14.0
0.9256724,True,2,2,2.0
0.5664306,True,1,1,16.0
0.60505795,False,10,1,0.0
0.58685726,False,10,1,10.0
0.64383173,False,10,1,14.0
0.9947113,True,4,4,-2.0
0.8178529,True,7,7,-6.0
0.9272054,True,2,2,-6.0
0.8240301,True,2,2,8.0
0.6510609,True,1,1,6.0
0.9377226,True,2,2,6.0
0.7815256,True,1,1,16.0
0.9914341,True,6,6,-2.0
0.72161216,True,1,1,16.0
0.96364945,True,7,7,-6.0
0.5425299,False,10,1,10.0
0.98185986,True,8,8,12.0
0.99220324,True,9,9,16.0
0.6342664,True,1,1,2.0
0.9890695,True,4,4,10.0
0.85977834,False,9,4,-6.0
0.8737579,True,2,2,4.0
0.9949575,True,10,10,4.0
0.9899295,True,8,8,16.0
0.90992343,True,2,2,0.0
0.99265724,True,4,4,18.0
0.9149349,True,3,3,-6.0
0.567188,True,1,1,18.0
0.9951887,True,4,4,-2.0
0.9929062,True,8,8,-2.0
0.98824346,True,6,6,8.0
0.57780343,False,10,1,16.0
0.99138606,True,8,8,14.0
0.9651167,True,2,2,-4.0
0.9930797,True,9,9,2.0
0.9858855,True,9,9,14.0
0.69738704,True,1,1,2.0
0.995248,True,5,5,8.0
0.643382,True,1,1,0.0
0.99292,True,3,3,4.0
0.99161434,True,3,3,10.0
0.9913112,True,4,4,4.0
0.99456835,True,6,6,-2.0
0.93657374,True,2,2,0.0
0.9912076,True,0,0,8.0
0.992489,False,7,8,0.0
0.99215335,True,8,8,18.0
0.9497042,True,2,2,2.0
0.99227566,True,6,6,6.0
0.8496437,True,4,4,-4.0
0.9924689,True,4,4,4.0
0.9330301,True,2,2,10.0
0.9917209,True,0,0,12.0
0.99339217,True,5,5,12.0
0.99226284,True,8,8,0.0
0.9912981,True,7,7,2.0
0.9919397,True,6,6,2.0
0.94396603,True,2,2,-2.0
0.52589417,False,0,2,-6.0
0.9938844,True,6,6,10.0
0.9892482,True,4,4,12.0
0.50803536,False,1,10,-4.0
0.9899933,True,0,0,2.0
0.9793833,True,7,7,-4.0
0.99128646,True,8,8,8.0
0.8138029,False,9,3,-6.0
0.9578147,True,7,7,14.0
0.94742423,True,8,8,10.0
0.5139478,False,7,8,-2.0
0.63406765,True,10,10,-6.0
0.99178183,True,7,7,10.0
0.9920257,True,0,0,2.0
0.99280846,True,5,5,18.0
0.99193645,True,3,3,12.0
0.5568693,False,10,1,0.0
0.98627234,True,8,8,4.0
0.9935688,True,3,3,6.0
0.99203014,True,9,9,4.0
0.99103326,True,6,6,12.0
0.9938869,True,3,3,10.0
0.99263495,True,4,4,4.0
0.9929739,True,0,0,6.0
0.9915639,True,8,8,-4.0
0.990051,True,4,4,6.0
0.9755849,True,5,5,0.0
0.99082184,True,6,6,8.0
0.9909642,True,4,4,2.0
0.60668886,False,10,1,10.0
0.6273446,False,10,1,14.0
0.99275607,True,0,0,12.0
0.98968494,True,7,7,-4.0
0.9931502,True,9,9,16.0
0.9924154,True,6,6,10.0
0.6734267,True,1,1,-2.0
0.9403549,True,2,2,18.0
0.99387896,True,3,3,-2.0
0.9899301,True,5,5,14.0
0.9919595,True,9,9,2.0
0.6170299,True,8,8,4.0
0.6047748,True,1,1,2.0
0.9894103,True,8,8,6.0
0.99017555,True,7,7,12.0
0.9914034,True,3,3,10.0
0.984303,True,8,8,-4.0
0.99337137,True,8,8,-2.0
0.98984444,True,4,4,6.0
0.99098384,True,8,8,10.0
0.9922496,True,5,5,8.0
0.98968226,True,10,10,18.0
0.9937989,True,9,9,16.0
0.7754003,True,5,5,-6.0
0.6019094,True,1,1,10.0
0.994463,True,6,6,0.0
0.98838276,True,6,6,-2.0
0.9882746,True,4,4,0.0
0.99297345,True,8,8,12.0
0.93615013,True,0,0,-2.0
0.994114,True,5,5,18.0
0.9931966,True,7,7,2.0
0.95338655,True,8,8,4.0
0.98750234,True,5,5,10.0
0.9903689,True,4,4,-2.0
0.99159396,True,3,3,14.0
0.9919037,True,4,4,18.0
0.9904434,True,3,3,8.0
0.99431264,True,4,4,-2.0
0.99134254,True,5,5,16.0
0.99257374,True,0,0,8.0
0.89848065,True,2,2,4.0
0.99232703,True,4,4,-2.0
0.6735354,True,1,1,2.0
0.9585478,True,2,2,18.0
0.6073,True,1,1,2.0
0.9939832,True,5,5,6.0
0.9910238,True,0,0,16.0
0.9451464,True,0,0,12.0
0.5788258,True,1,1,10.0
0.5769949,False,10,1,6.0
0.89695823,True,3,3,-6.0
0.99161,True,3,3,4.0
0.6402439,True,1,1,0.0
0.572213,True,0,0,-2.0
0.99142444,True,3,3,4.0
0.99585825,True,3,3,-2.0
0.6544058,True,1,1,0.0
0.9925633,True,0,0,12.0
0.95203406,True,2,2,0.0
0.8236922,False,0,7,-2.0
0.9939985,True,5,5,6.0
0.9896299,True,10,10,16.0
0.80953556,False,0,4,-2.0
0.9328674,True,2,2,0.0
0.99144566,True,4,4,8.0
0.95804244,True,2,2,0.0
0.5726851,False,1,10,0.0
0.91485983,True,2,2,14.0
0.9005064,True,4,4,-4.0
0.98837566,True,4,4,-4.0
0.9634527,True,2,2,6.0
0.99322116,True,10,10,6.0
0.99411845,True,8,8,4.0
0.99044085,True,5,5,18.0
0.9950422,True,4,4,-6.0
0.99131876,True,4,4,14.0
0.9907788,True,7,7,0.0
0.7152633,True,1,1,14.0
0.99126136,True,4,4,14.0
0.9596463,False,9,2,14.0
0.98773104,True,7,7,10.0
0.9947296,True,10,10,6.0
0.99189585,True,4,4,8.0
0.6801533,True,1,1,4.0
0.98889446,True,3,3,-4.0
0.9913619,True,9,9,4.0
0.76963615,True,2,2,-2.0
0.99254096,True,10,10,10.0
0.8149299,True,5,5,-6.0
0.5908103,True,1,1,18.0
0.9931924,True,9,9,16.0
0.9920141,True,4,4,8.0
0.6045285,True,1,1,-6.0
0.9930031,True,6,6,8.0
0.9909106,True,8,8,8.0
0.99039626,True,3,3,18.0
0.98111767,True,7,7,-4.0
0.9911801,True,8,8,6.0
0.9630365,True,2,2,4.0
0.9505174,True,7,7,-2.0
0.99039125,True,3,3,-2.0
0.9922117,True,8,8,2.0
0.9924825,True,6,6,4.0
0.59767437,False,9,4,-6.0
0.55823714,True,1,1,4.0
0.54347056,False,0,9,-4.0
0.9912515,True,7,7,12.0
0.9632928,True,2,2,-4.0
0.9938076,True,9,9,16.0
0.5096112,False,8,7,16.0
0.9391281,True,2,2,-6.0
0.99334985,True,10,10,10.0
0.9415231,True,2,2,0.0
0.52244055,True,8,8,-6.0
0.9901372,True,8,8,4.0
0.99114394,True,6,6,14.0
0.9896081,True,8,8,18.0
0.5961036,True,1,1,10.0
0.9923074,True,4,4,8.0
0.99287945,True,3,3,-2.0
0.9951776,True,3,3,6.0
0.718347,True,1,1,0.0
0.991719,True,4,4,12.0
0.9918962,True,0,0,16.0
0.9915398,True,3,3,6.0
0.89263076,True,2,2,18.0
0.9502746,True,2,2,0.0
0.85085565,True,2,2,-4.0
0.99151784,True,9,9,10.0
0.99141747,True,3,3,4.0
0.56531805,False,1,10,-2.0
0.99014306,True,0,0,2.0
0.9922396,True,4,4,-2.0
0.9914281,True,3,3,4.0
0.98952943,True,7,7,2.0
0.9888176,True,3,3,0.0
0.9917719,True,8,8,6.0
0.6562288,True,1,1,0.0
0.49702257,True,9,9,-4.0
0.96343863,True,2,2,16.0
0.56508815,True,1,1,6.0
0.92101234,True,2,2,8.0
0.99257964,True,3,3,2.0
0.6162632,False,10,1,0.0
0.98783267,True,8,8,10.0
0.9911239,True,7,7,14.0
0.99160415,True,7,7,10.0
0.71299565,False,10,1,16.0
0.9400733,True,5,5,-4.0
0.5711551,False,10,1,18.0
0.6351111,True,1,1,6.0
0.99140984,True,10,10,6.0
0.9895375,True,3,3,10.0
0.9928295,True,9,9,18.0
0.90251935,True,2,2,0.0
0.6753909,True,1,1,6.0
0.99057674,True,7,7,12.0
0.9676664,True,2,2,2.0
0.99373406,True,9,9,16.0
0.98997074,True,10,10,8.0
0.9501864,True,2,2,8.0
0.9913305,True,8,8,16.0
0.9578215,True,2,2,2.0
0.9914847,True,3,3,8.0
0.5017091,False,1,10,-4.0
0.9486086,True,5,5,-2.0
0.99100435,True,7,7,-6.0
0.95233864,True,2,2,14.0
0.99396485,True,8,8,-4.0
0.9922273,True,9,9,16.0
0.990239,True,6,6,10.0
0.98918533,True,7,7,12.0
0.9922311,True,4,4,14.0
0.9940195,True,5,5,8.0
0.77267915,True,1,1,0.0
0.98946893,True,5,5,-2.0
0.99196035,True,9,9,6.0
0.9921192,True,9,9,12.0
0.5544092,False,0,9,-2.0
0.9926605,True,6,6,18.0
0.9412469,False,3,2,-6.0
0.99184656,True,9,9,2.0
0.9910926,True,7,7,2.0
0.9897742,True,0,0,2.0
0.99291694,True,8,8,-2.0
0.9908456,True,3,3,18.0
0.9895588,True,8,8,16.0
0.990373,True,10,10,12.0
0.5661519,True,1,1,10.0
0.99133146,True,7,7,10.0
0.5526184,False,10,1,8.0
0.99003077,True,3,3,16.0
0.9917243,True,8,8,10.0
0.613083,False,5,4,-6.0
0.99068075,True,8,8,18.0
0.59461373,False,10,1,2.0
0.98847383,True,4,4,16.0
0.99221987,True,9,9,0.0
0.99080855,True,9,9,12.0
0.9317532,True,2,2,14.0
0.60492754,False,10,1,-4.0
0.9918257,True,3,3,4.0
0.9910397,True,6,6,12.0
0.99209994,True,3,3,10.0
0.99190557,True,6,6,8.0
0.5538287,True,1,1,12.0
0.60904753,True,1,1,0.0
0.58493406,False,10,1,14.0
0.99170977,True,7,7,8.0
0.9896958,True,4,4,10.0
0.9948748,True,3,3,2.0
0.9919863,True,9,9,8.0
0.9923454,True,9,9,10.0
0.9922943,True,0,0,12.0
0.9838128,True,7,7,10.0
0.990275,True,7,7,6.0
0.6305579,True,1,1,2.0
0.99045134,True,4,4,10.0
0.99274105,True,6,6,10.0
0.9922232,True,4,4,14.0
0.9841006,True,0,0,8.0
0.9915098,True,0,0,0.0
0.99234444,True,5,5,14.0
0.99101967,True,0,0,8.0
0.99284804,True,3,3,2.0
0.98622453,True,3,3,2.0
0.5574679,True,9,9,-2.0
0.9932608,True,9,9,16.0
0.6573678,True,1,1,2.0
0.99223,True,0,0,12.0
0.9939302,True,5,5,12.0
0.9874637,True,8,8,6.0
0.992964,True,3,3,-2.0
0.41566086,True,0,0,-6.0
0.9883278,True,7,7,2.0
0.9926553,True,5,5,6.0
0.9915229,True,4,4,0.0
0.9925194,True,9,9,18.0
0.99006873,True,7,7,0.0
0.98809016,True,0,0,2.0
0.69763494,True,1,1,10.0
0.9930199,True,6,6,12.0
0.9943832,True,3,3,10.0
0.47585565,False,0,9,0.0
0.99248224,True,8,8,8.0
0.99152374,True,5,5,14.0
0.9941854,True,9,9,12.0
0.9932748,True,8,8,-2.0
0.9918839,True,6,6,16.0
0.89603335,True,7,7,-6.0
0.99253535,True,0,0,2.0
0.9571576,True,2,2,-6.0
0.5850821,True,1,1,4.0
0.9860508,True,7,7,-6.0
0.99075174,True,4,4,4.0
0.9903114,True,4,4,12.0
0.993294,True,0,0,8.0
0.9487108,True,4,4,-4.0
0.9907224,True,3,3,2.0
0.98944867,True,7,7,2.0
0.69220424,True,0,0,-2.0
0.9924804,True,3,3,6.0
0.95807517,True,2,2,-6.0
0.992478,True,4,4,2.0
0.9799936,True,0,0,2.0
0.9845749,True,9,9,0.0
0.9702773,False,8,7,-6.0
0.9524193,True,5,5,-6.0
0.9915639,True,8,8,0.0
0.9871328,True,7,7,0.0
0.574654,False,10,1,14.0
0.9905771,True,0,0,8.0
0.5611702,True,1,1,4.0
0.9928744,True,9,9,18.0
0.99103326,True,4,4,16.0
0.9931277,True,0,0,12.0
0.9685394,True,5,5,-4.0
0.9919986,True,9,9,12.0
0.9742512,True,2,2,14.0
0.9719926,True,4,4,-4.0
0.75331223,True,8,8,-6.0
0.9908215,True,9,9,12.0
0.99259347,True,9,9,0.0
0.991707,True,7,7,8.0
0.99226063,True,7,7,8.0
0.9908071,True,0,0,8.0
0.7330255,False,6,3,-6.0
0.9919911,True,4,4,0.0
0.99192107,True,5,5,10.0
0.9897746,True,4,4,-2.0
0.99240243,True,9,9,6.0
0.9923719,True,6,6,6.0
0.9926686,True,0,0,12.0
0.8037011,True,1,1,14.0
0.5650527,True,1,1,-2.0
0.99037105,True,7,7,6.0
0.68117815,True,1,1,4.0
0.9174761,True,2,2,14.0
0.99079484,True,4,4,18.0
0.9924136,True,8,8,16.0
0.99179137,True,9,9,4.0
0.30755875,False,0,9,-6.0
0.9923441,True,3,3,6.0
0.630961,True,1,1,6.0
0.92417234,False,8,2,-6.0
0.99255764,True,3,3,2.0
0.99261296,True,6,6,10.0
0.9912246,True,6,6,0.0
0.9919281,True,0,0,2.0
0.99243826,True,9,9,10.0
0.9154613,True,2,2,10.0
0.54206616,False,10,1,4.0
0.9898024,True,10,10,14.0
0.9920598,True,7,7,2.0
0.9920115,True,3,3,14.0
0.9593693,True,2,2,0.0
0.9931358,True,8,8,-4.0
0.701071,True,1,1,4.0
0.991265,True,8,8,12.0
0.98188883,True,3,3,-4.0
0.9909128,True,4,4,6.0
0.9928052,True,10,10,12.0
0.992698,True,0,0,2.0
0.7304132,False,10,1,16.0
0.5776037,True,1,1,4.0
0.9926064,True,3,3,8.0
0.97128636,True,3,3,-4.0
0.587591,True,1,1,14.0
0.9911034,True,6,6,2.0
0.994756,True,5,5,8.0
0.9925122,True,8,8,10.0
0.99244624,True,9,9,10.0
0.9689774,True,6,6,-4.0
0.84839624,True,2,2,8.0
0.99143094,True,8,8,2.0
0.99134606,True,6,6,12.0
0.9909146,True,7,7,4.0
0.99205244,True,6,6,16.0
0.99317193,True,6,6,-2.0
0.9938299,True,4,4,0.0
0.347943,False,0,4,-6.0
0.99230254,True,0,0,14.0
0.6483298,True,1,1,8.0
0.4963089,True,4,4,-6.0
0.5689814,True,1,1,16.0
0.9925659,True,5,5,16.0
0.5195773,True,10,10,-4.0
0.6320146,True,1,1,10.0
0.9936172,True,5,5,0.0
0.95746624,True,2,2,8.0
0.6032172,False,10,1,-6.0
0.98115987,True,9,9,-2.0
0.98748636,True,7,7,8.0
0.9895097,True,4,4,10.0
0.5641275,False,10,1,14.0
0.57877725,True,1,1,0.0
0.99276227,True,6,6,6.0
0.9918331,True,6,6,-2.0
0.9921348,True,5,5,18.0
0.9926755,True,9,9,12.0
0.9273125,True,2,2,16.0
0.56945413,True,1,1,8.0
0.99295795,True,10,10,8.0
0.9930829,True,4,4,6.0
0.56512415,False,10,1,6.0
0.9891555,True,8,8,6.0
0.9598536,True,6,6,-4.0
0.99202526,True,5,5,6.0
0.9919155,True,10,10,18.0
0.9919086,True,0,0,8.0
0.9915884,True,4,4,8.0
0.99244213,True,3,3,4.0
0.8863366,True,2,2,-2.0
0.99183923,True,9,9,18.0
0.9888694,True,6,6,-6.0
0.65600616,True,1,1,14.0
0.5123692,True,10,10,-2.0
0.6996186,True,1,1,6.0
0.5772213,True,1,1,16.0
0.98917246,True,0,0,0.0
0.9892287,True,5,5,-4.0
0.66846246,False,10,1,4.0
0.9945867,True,10,10,16.0
0.99029213,True,0,0,6.0
0.99215275,True,3,3,-2.0
0.5575421,False,7,8,4.0
0.9934344,True,5,5,-2.0
0.67686176,True,1,1,-6.0
0.8763477,False,3,2,-6.0
0.8871141,True,2,2,8.0
0.66667277,True,1,1,2.0
0.9918379,True,0,0,14.0
0.9785316,True,0,0,0.0
0.96231717,True,8,8,-4.0
0.977975,False,0,9,-2.0
0.99270755,True,8,8,16.0
0.9922327,True,5,5,8.0
0.99021614,True,6,6,12.0
0.98924506,True,0,0,8.0
0.9909108,True,3,3,14.0
0.9441417,True,2,2,14.0
0.57060945,False,10,1,18.0
0.99384993,True,4,4,-2.0
0.5894491,False,10,1,0.0
0.99333763,True,8,8,0.0
0.93932444,False,7,2,14.0
0.49049515,False,8,7,-6.0
0.9838727,False,8,7,4.0
0.99164987,True,4,4,6.0
0.95732826,True,2,2,2.0
0.8477946,True,2,2,8.0
0.98807037,True,5,5,6.0
0.9926927,True,8,8,-2.0
0.99245524,True,6,6,18.0
0.99002403,True,10,10,12.0
0.9939063,True,9,9,12.0
0.99113196,True,9,9,6.0
0.57278395,False,10,1,14.0
0.6005443,True,1,1,8.0
0.6320158,True,1,1,-6.0
0.99186254,True,4,4,10.0
0.70562387,True,1,1,2.0
0.993543,True,3,3,2.0
0.9924305,True,6,6,14.0
0.9930375,True,0,0,6.0
0.9920746,True,6,6,-2.0
0.5202928,False,4,5,-6.0
0.5667275,True,1,1,14.0
0.9937611,True,5,5,2.0
0.9544574,True,2,2,14.0
0.9925034,True,5,5,10.0
0.9916699,True,6,6,8.0
0.9535014,True,2,2,16.0
0.99172217,True,3,3,10.0
0.9944272,True,8,8,-4.0
0.9890598,True,7,7,16.0
0.9919343,True,7,7,14.0
0.991115,True,9,9,12.0
0.5929079,True,1,1,6.0
0.93126386,True,3,3,0.0
0.99154186,True,6,6,18.0
0.9921266,True,7,7,14.0
0.9924442,True,9,9,4.0
0.9887428,True,7,7,6.0
0.99274373,True,4,4,2.0
0.9932609,True,3,3,6.0
0.71292055,False,5,10,-6.0
0.9854137,True,3,3,16.0
0.98896235,True,4,4,2.0
0.99185044,True,9,9,8.0
0.40446866,False,9,0,-6.0
0.5995132,False,10,1,6.0
0.99101186,True,0,0,6.0
0.9915769,True,6,6,-6.0
0.6551465,True,1,1,18.0
0.99078584,True,6,6,14.0
0.72706056,True,1,1,-6.0
0.9913468,True,6,6,8.0
0.5920581,False,10,1,6.0
0.9735702,False,7,8,0.0
0.6463951,True,1,1,-6.0
0.9848466,True,9,9,-2.0
0.99196506,True,9,9,2.0
0.99294806,True,4,4,2.0
0.9892287,True,7,7,18.0
0.94064677,True,2,2,12.0
0.992059,True,0,0,12.0
0.9660305,True,2,2,0.0
0.9927937,True,8,8,16.0
0.9923361,True,7,7,16.0
0.99180955,True,5,5,0.0
0.5335359,False,0,9,-4.0
0.9907973,True,6,6,12.0
0.9918383,True,7,7,8.0
0.99261945,True,8,8,8.0
0.9400918,True,2,2,-4.0
0.6187204,False,10,1,0.0
0.96031797,True,2,2,18.0
0.6341476,True,1,1,-2.0
0.60075724,True,1,1,0.0
0.86155415,True,5,5,-4.0
0.99092394,True,8,8,18.0
0.65488136,False,10,1,0.0
0.98919195,True,7,7,14.0
0.9173952,True,9,9,-2.0
0.5606351,True,1,1,14.0
0.56496626,True,1,1,14.0
0.44542927,True,0,0,-6.0
0.58540356,False,10,1,16.0
0.9924009,True,4,4,8.0
0.9926407,True,6,6,2.0
0.9921216,True,0,0,8.0
0.9928665,True,0,0,8.0
0.99007905,True,4,4,2.0
0.9899547,True,6,6,4.0
0.9893568,True,0,0,4.0
0.71758294,True,5,5,2.0
0.5741596,False,10,1,14.0
0.49564558,False,0,9,-4.0
0.9912941,True,3,3,10.0
0.9911595,True,3,3,4.0
0.9913898,True,4,4,-4.0
0.98968947,True,5,5,4.0
0.89383906,True,2,2,-4.0
0.9902137,True,7,7,18.0
0.99184895,True,6,6,10.0
0.9940427,True,3,3,4.0
0.5675481,True,1,1,10.0
0.6816194,False,10,1,-4.0
0.9906669,True,7,7,12.0
0.9815844,True,5,5,0.0
0.9927228,True,9,9,18.0
0.7747763,True,5,5,2.0
0.93486696,False,7,8,0.0
0.6465134,True,0,0,-4.0
0.9517149,True,2,2,4.0
0.95594615,True,2,2,10.0
0.639498,False,10,1,2.0
0.99263483,True,5,5,6.0
0.9926197,True,7,7,14.0
0.99444616,True,10,10,10.0
0.9908471,True,6,6,6.0
0.9893572,True,4,4,14.0
0.5640127,False,9,0,-6.0
0.993009,True,6,6,0.0
0.9889066,True,7,7,14.0
0.99211484,True,4,4,-4.0
0.9931825,True,10,10,6.0
0.53996766,True,5,5,-6.0
0.67598283,True,1,1,2.0
0.9922578,True,0,0,4.0
0.7783687,True,5,5,4.0
0.95960426,True,2,2,2.0
0.59003353,False,10,1,6.0
0.9912178,True,3,3,10.0
0.8941608,True,4,4,-2.0
0.9894002,True,4,4,14.0
0.9609957,True,7,7,-2.0
0.9932294,True,0,0,4.0
0.9907549,True,4,4,6.0
0.9893902,True,4,4,14.0
0.9940823,True,10,10,18.0
0.98944867,True,7,7,18.0
0.9483883,True,2,2,16.0
0.99004024,True,7,7,16.0
0.63339156,False,10,4,-6.0
0.9617386,True,5,5,0.0
0.99163765,True,3,3,2.0
0.99030846,True,3,3,18.0
0.9926891,True,6,6,8.0
0.9906499,True,6,6,16.0
0.98673195,True,7,7,-6.0
0.9916966,True,4,4,-2.0
0.57833236,False,10,1,8.0
0.526447,False,5,10,-6.0
0.9647402,True,2,2,4.0
0.6293678,False,10,1,4.0
0.5980241,False,10,1,12.0
0.8065598,True,2,2,-4.0
0.99354607,True,4,4,4.0
0.99200845,True,0,0,16.0
0.99304986,True,8,8,0.0
0.99265337,True,3,3,8.0
0.94326186,True,5,5,16.0
0.99364364,True,4,4,4.0
0.5344564,True,1,1,2.0
0.99261004,True,7,7,-6.0
0.55447626,False,1,10,-6.0
0.62529725,False,1,10,-6.0
0.990854,True,3,3,8.0
0.9913805,True,0,0,4.0
0.99476165,True,10,10,16.0
0.81424457,True,2,2,0.0
0.5782532,False,10,1,-4.0
0.9898548,True,5,5,4.0
0.991052,True,0,0,12.0
0.9897279,True,8,8,6.0
0.991497,True,6,6,4.0
0.94552714,True,7,7,10.0
0.9643201,True,2,2,10.0
0.52745634,False,10,1,2.0
0.98536354,True,8,8,16.0
0.9909791,True,10,10,12.0
0.99158055,True,4,4,10.0
0.9899823,True,7,7,10.0
0.990257,True,0,0,18.0
0.50429964,False,4,0,-4.0
0.9924936,True,8,8,14.0
0.9910097,True,9,9,12.0
0.99125844,True,6,6,16.0
0.99119735,True,4,4,8.0
0.34878308,True,0,0,-6.0
0.9552659,True,2,2,2.0
0.9909197,True,3,3,10.0
0.9659295,True,2,2,10.0
0.86347127,False,4,5,-6.0
0.9928732,True,0,0,14.0
0.56199986,False,10,1,12.0
0.99244225,True,6,6,2.0
0.5669511,True,10,10,-4.0
0.9829927,True,7,7,-6.0
0.9920425,True,9,9,2.0
0.6411185,True,1,1,16.0
0.9909582,True,4,4,14.0
0.99266934,True,8,8,0.0
0.9406325,True,2,2,12.0
0.64038795,True,1,1,-4.0
0.99273103,True,3,3,0.0
0.567157,True,1,1,18.0
0.7093189,True,1,1,10.0
0.47867966,True,0,0,-4.0
0.9913254,True,7,7,-2.0
0.9561923,True,3,3,-2.0
0.991322,True,9,9,6.0
0.9586427,True,2,2,0.0
0.99334407,True,7,7,6.0
0.9913515,True,5,5,18.0
0.9892238,True,7,7,18.0
0.9890631,True,7,7,8.0
0.4271408,False,1,2,-6.0
0.99360037,True,5,5,0.0
0.98920363,True,7,7,14.0
0.91892046,True,2,2,6.0
0.56465024,True,1,1,10.0
0.99047804,True,8,8,12.0
0.97698,True,3,3,-4.0
0.9479283,True,10,10,0.0
0.98971283,True,7,7,16.0
0.99131703,True,5,5,18.0
0.82413524,False,8,7,10.0
0.9925972,True,5,5,4.0
0.992837,True,4,4,-2.0
0.9912936,True,6,6,10.0
0.9927066,True,3,3,16.0
0.56818,True,1,1,14.0
0.9913468,True,6,6,-6.0
0.99242073,True,6,6,2.0
0.6491895,False,9,0,-6.0
0.57398844,True,1,1,16.0
0.9871559,True,5,5,14.0
0.9940602,True,3,3,0.0
0.646975,True,1,1,4.0
0.984751,True,7,7,-4.0
0.94713145,True,9,9,-2.0
0.99456835,True,5,5,8.0
0.99054223,True,4,4,6.0
0.56823367,False,10,1,16.0
0.556262,True,1,1,8.0
0.7867236,False,0,3,-4.0
0.9897517,True,7,7,2.0
0.9915004,True,8,8,12.0
0.9873131,True,10,10,10.0
0.9919674,True,5,5,6.0
0.9901815,True,5,5,16.0
0.5555798,True,1,1,2.0
0.99110866,True,4,4,18.0
0.56619936,False,10,1,12.0
0.8248947,True,2,2,-2.0
0.99061245,True,3,3,12.0
0.9922808,True,3,3,0.0
0.99120367,True,8,8,8.0
0.73638016,True,2,2,16.0
0.5492372,True,1,1,4.0
0.97060513,True,2,2,4.0
0.9919674,True,3,3,4.0
0.9523902,True,3,3,2.0
0.9922833,True,9,9,12.0
0.9927356,True,0,0,16.0
0.9895616,True,6,6,8.0
0.6420855,False,10,1,-6.0
0.99417865,True,0,0,2.0
0.99290496,True,7,7,4.0
0.9528901,False,4,2,-6.0
0.7078194,True,0,0,4.0
0.5668897,True,9,9,-4.0
0.9889789,True,4,4,18.0
0.99108666,True,4,4,4.0
0.99056995,True,6,6,-2.0
0.99168617,True,5,5,4.0
0.98953795,True,0,0,8.0
0.6467682,True,1,1,8.0
0.941724,True,2,2,-2.0
0.9942948,True,5,5,4.0
0.99262047,True,5,5,2.0
0.64969134,False,10,1,14.0
0.9910727,True,7,7,18.0
0.94898117,True,2,2,-4.0
0.99106205,True,3,3,4.0
0.9926805,True,9,9,6.0
0.9918927,True,8,8,0.0
0.99151176,True,8,8,14.0
0.9896487,True,7,7,14.0
0.992591,True,9,9,4.0
0.9881809,True,4,4,10.0
0.99564856,True,5,5,2.0
0.9917251,True,6,6,6.0
0.570755,False,10,1,10.0
0.94344866,True,2,2,10.0
0.9926628,True,6,6,8.0
0.99137247,True,8,8,16.0
0.9617901,True,0,0,0.0
0.9912982,True,9,9,12.0
0.9928911,True,0,0,14.0
0.991771,True,6,6,4.0
0.9696455,True,2,2,14.0
0.5828803,True,1,1,10.0
0.9709452,False,3,2,-4.0
0.9904136,True,4,4,8.0
0.64866185,True,1,1,-2.0
0.9898572,True,0,0,10.0
0.9956392,True,10,10,12.0
0.9910919,True,7,7,10.0
0.99080265,True,4,4,2.0
0.99536407,True,5,5,10.0
0.95982724,True,2,2,4.0
0.530064,True,9,9,-4.0
0.98937446,True,8,8,-4.0
0.99275124,True,6,6,0.0
0.9925309,True,9,9,8.0
0.7909797,False,0,3,-4.0
0.99123126,True,4,4,16.0
0.9815027,True,4,4,-2.0
0.99160004,True,9,9,10.0
0.88237566,True,5,5,-6.0
0.99307394,True,6,6,16.0
0.6436673,False,10,1,-4.0
0.9910959,True,9,9,4.0
0.9939302,True,4,4,6.0
0.9911612,True,3,3,18.0
0.62750405,True,1,1,2.0
0.99083215,True,4,4,18.0
0.992979,True,0,0,16.0
0.9920074,True,3,3,16.0
0.99061066,True,3,3,10.0
0.9882012,True,8,8,8.0
0.9932278,True,6,6,6.0
0.9912539,True,8,8,4.0
0.62500495,True,1,1,8.0
0.9924981,True,9,9,2.0
0.99139005,True,6,6,10.0
0.9897654,True,7,7,8.0
0.99278,True,9,9,10.0
0.7369895,True,1,1,10.0
0.9910082,True,6,6,6.0
0.99310994,True,8,8,-2.0
0.9546873,True,5,5,-4.0
0.6773682,False,10,1,6.0
0.9912316,True,0,0,8.0
0.93297267,False,5,2,-6.0
0.9938152,True,6,6,-6.0
0.99113727,True,4,4,14.0
0.9898498,True,4,4,2.0
0.54147595,True,1,1,-4.0
0.99091643,True,10,10,18.0
0.9909621,True,8,8,4.0
0.56792146,True,1,1,18.0
0.98293877,True,2,2,2.0
0.4701993,False,9,0,-6.0
0.9918854,True,6,6,2.0
0.9880261,True,10,10,18.0
0.99161315,True,9,9,12.0
0.912013,True,9,9,-4.0
0.6231294,True,1,1,2.0
0.99184287,True,6,6,4.0
0.6892106,True,1,1,6.0
0.9926938,True,6,6,4.0
0.35401273,False,4,0,-6.0
0.919538,True,7,7,-4.0
0.5577212,True,4,4,-6.0
0.943264,True,2,2,-2.0
0.9940187,True,10,10,2.0
0.59553164,False,10,1,14.0
0.5338889,True,10,10,-6.0
0.99251974,True,4,4,6.0
0.9918664,True,6,6,18.0
0.9307395,True,2,2,-4.0
0.56170356,True,1,1,10.0
0.9329045,True,2,2,16.0
0.6074649,False,10,1,-6.0
0.99083567,True,5,5,8.0
0.9915447,True,3,3,8.0
0.9928658,True,5,5,14.0
0.9893365,True,7,7,10.0
0.9907646,True,8,8,-2.0
0.9898739,True,3,3,18.0
0.99293983,True,4,4,18.0
0.99235594,True,10,10,8.0
0.9961151,True,5,5,4.0
0.99094397,True,6,6,18.0
0.9854349,True,4,4,4.0
0.9923229,True,9,9,12.0
0.57043827,False,10,1,18.0
0.45218176,True,9,9,-6.0
0.9862477,True,5,5,18.0
0.99562377,True,5,5,8.0
0.61082274,False,0,3,-6.0
0.9720391,True,7,7,14.0
0.5799061,True,1,1,2.0
0.9916082,True,0,0,12.0
0.9810879,True,8,8,12.0
0.99181986,True,8,8,18.0
0.5824062,True,1,1,14.0
0.7231289,True,1,1,-2.0
0.99218595,True,0,0,18.0
0.9865043,True,7,7,10.0
0.93661577,True,2,2,16.0
0.99335665,True,6,6,-4.0
0.9450165,True,2,2,18.0
0.99042445,True,8,8,6.0
0.9909121,True,9,9,6.0
0.95517886,True,10,10,-2.0
0.92112356,True,0,0,-2.0
0.9908428,True,5,5,6.0
0.6625067,True,1,1,-6.0
0.9924878,True,3,3,4.0
0.9920197,True,5,5,6.0
0.4907285,False,0,9,-6.0
0.9893693,True,8,8,16.0
0.5513845,True,9,9,-6.0
0.52279925,True,1,1,0.0
0.993185,True,9,9,16.0
0.9915387,True,9,9,14.0
0.9873559,True,9,9,12.0
0.97066915,True,6,6,-6.0
0.9926398,True,9,9,18.0
0.9419651,True,8,8,-6.0
0.57660174,True,1,1,8.0
0.92448735,True,1,1,12.0
0.9913496,True,6,6,18.0
0.9921158,True,8,8,6.0
0.5861811,True,1,1,10.0
0.99357295,True,9,9,10.0
0.99234277,True,9,9,2.0
0.9630831,True,2,2,10.0
0.99190944,True,0,0,2.0
0.8497854,True,0,0,-4.0
0.99243355,True,9,9,18.0
0.99222565,True,6,6,16.0
0.989679,True,7,7,-4.0
0.9875814,True,4,4,0.0
0.54032344,False,9,3,-6.0
0.77454776,True,5,5,-6.0
0.8748072,True,7,7,12.0
0.99175304,True,5,5,18.0
0.9925701,True,0,0,4.0
0.84263283,True,2,2,14.0
0.9897103,True,10,10,8.0
0.9653678,True,2,2,2.0
0.9919031,True,8,8,2.0
0.55607563,True,2,2,-4.0
0.99158716,True,6,6,-4.0
0.99301505,True,9,9,18.0
0.98852813,True,6,6,-6.0
0.9923166,True,6,6,6.0
0.99329245,True,8,8,16.0
0.5934381,False,10,1,0.0
0.9917997,True,6,6,10.0
0.90725064,True,3,3,-6.0
0.6112146,True,1,1,-4.0
0.9958812,True,10,10,8.0
0.9913515,True,8,8,8.0
0.9908091,True,6,6,10.0
0.99358326,True,0,0,2.0
0.991568,True,4,4,4.0
0.9917937,True,4,4,18.0
0.9903662,True,3,3,14.0
0.6348199,False,9,0,-2.0
0.92153066,True,5,5,-4.0
0.99201584,True,8,8,-2.0
0.9912547,True,9,9,4.0
0.991625,True,5,5,4.0
0.7166693,True,1,1,-2.0
0.9915782,True,8,8,12.0
0.9889368,True,6,6,-4.0
0.83440286,True,6,6,-4.0
0.9919194,True,0,0,4.0
0.5620528,False,10,1,10.0
0.9909683,True,4,4,14.0
0.99192494,True,3,3,10.0
0.9900377,True,5,5,-4.0
0.9895132,True,5,5,10.0
0.99201137,True,0,0,16.0
0.9920232,True,0,0,2.0
0.9925426,True,5,5,-4.0
0.53845406,True,9,9,-4.0
0.9910415,True,9,9,18.0
0.9873986,True,4,4,-4.0
0.9931497,True,8,8,16.0
0.9920277,True,6,6,16.0
0.9450909,True,4,4,-2.0
0.99155843,True,5,5,16.0
0.9916039,True,7,7,8.0
0.9912314,True,8,8,-2.0
0.99290645,True,8,8,16.0
0.9912395,True,3,3,6.0
0.92425656,True,7,7,-2.0
0.6253989,True,1,1,-4.0
0.99119943,True,9,9,6.0
0.985979,True,5,5,-6.0
0.99202526,True,5,5,8.0
0.687005,True,1,1,2.0
0.98544717,True,7,7,2.0
0.99295866,True,3,3,10.0
0.81293464,True,7,7,2.0
0.93783075,True,6,6,-6.0
0.32095826,True,4,4,-6.0
0.99182034,True,7,7,12.0
0.6970656,True,1,1,2.0
0.97881913,True,3,3,-4.0
0.96976936,True,2,2,8.0
0.5640189,True,1,1,16.0
0.5680332,False,10,1,-4.0
0.9854879,True,7,7,16.0
0.990227,True,0,0,4.0
0.9879159,True,3,3,0.0
0.9881322,True,5,5,-4.0
0.9930352,True,8,8,18.0
0.9937198,True,3,3,0.0
0.99038506,True,6,6,-6.0
0.9848358,True,5,5,-6.0
0.98920584,True,3,3,12.0
0.5735097,False,10,1,16.0
0.98015183,True,7,7,-4.0
0.99119323,True,0,0,14.0
0.91759926,True,2,2,18.0
0.9435978,True,8,8,-6.0
0.98550814,True,7,7,0.0
0.98968595,True,3,3,-4.0
0.91718197,True,2,2,4.0
0.9604488,True,1,1,18.0
0.95202833,True,2,2,6.0
0.993565,True,8,8,-2.0
0.9648223,True,2,2,6.0
0.9921495,True,3,3,12.0
0.6508892,False,7,0,-6.0
0.7691417,True,8,8,12.0
0.9057982,True,7,7,-6.0
0.99579394,True,5,5,14.0
0.9927039,True,9,9,18.0
0.95537424,True,2,2,6.0
0.98939323,True,8,8,18.0
0.60736233,True,1,1,-6.0
0.9553256,True,2,2,6.0
0.9912401,True,3,3,12.0
0.99396944,True,0,0,6.0
0.9919658,True,5,5,4.0
0.99289095,True,5,5,12.0
0.6703402,False,10,1,-4.0
0.5735515,False,10,1,16.0
0.992058,True,8,8,18.0
0.5836248,False,10,1,12.0
0.99024254,True,7,7,0.0
0.88257164,True,2,2,-2.0
0.99310803,True,3,3,4.0
0.990732,True,5,5,0.0
0.99203426,True,8,8,4.0
0.9824786,True,5,5,-4.0
0.5440466,True,1,1,0.0
0.9933594,True,0,0,12.0
0.9941367,True,7,7,-6.0
0.99127823,True,3,3,6.0
0.9922226,True,3,3,8.0
0.86222273,True,2,2,0.0
0.9672936,True,2,2,0.0
0.993204,True,8,8,16.0
0.98924714,True,3,3,16.0
0.93200696,True,2,2,18.0
0.99207336,True,0,0,16.0
0.5730802,False,10,1,12.0
0.9925432,True,6,6,14.0
0.99021834,True,3,3,16.0
0.98515826,False,0,5,-6.0
0.99319905,True,9,9,4.0
0.9926736,True,6,6,-4.0
0.99073374,True,0,0,4.0
0.99093074,True,7,7,10.0
0.99093074,True,7,7,16.0
0.9435183,True,2,2,0.0
0.9923369,True,9,9,8.0
0.9911875,True,3,3,4.0
0.9912599,True,7,7,16.0
0.54682314,False,10,1,0.0
0.552582,True,1,1,4.0
0.56886333,True,10,10,-4.0
0.9310191,True,2,2,16.0
0.9904315,True,8,8,4.0
0.9910649,True,0,0,14.0
0.98966986,True,9,9,16.0
0.9909134,True,3,3,16.0
0.9928277,True,6,6,4.0
0.5698987,True,1,1,18.0
0.992569,True,9,9,10.0
0.99200714,True,9,9,14.0
0.89573306,False,7,0,-6.0
0.99143666,True,7,7,16.0
0.99000007,True,3,3,0.0
0.98949975,True,4,4,4.0
0.9929635,True,9,9,6.0
0.99157107,True,3,3,6.0
0.95334136,True,2,2,14.0
0.99097544,True,9,9,8.0
0.9914057,True,3,3,12.0
0.9890659,True,9,9,0.0
0.99225897,True,4,4,2.0
0.99269533,True,0,0,18.0
0.9895509,True,7,7,8.0
0.9915105,True,4,4,2.0
0.54633236,False,2,3,10.0
0.83471644,True,10,10,-6.0
0.9921325,True,9,9,16.0
0.99093634,True,4,4,8.0
0.9915411,True,6,6,18.0
0.4322458,True,0,0,-2.0
0.9759731,True,2,2,-4.0
0.9917075,True,8,8,-2.0
0.99217093,True,0,0,12.0
0.6831113,True,1,1,-4.0
0.99128586,True,8,8,12.0
0.9898873,True,9,9,16.0
0.598797,True,1,1,-2.0
0.9900761,True,10,10,16.0
0.6879806,True,1,1,6.0
0.99068904,True,5,5,18.0
0.9926077,True,5,5,16.0
0.99180543,True,4,4,8.0
0.9912038,True,5,5,10.0
0.98444366,True,7,7,14.0
0.9900686,True,7,7,16.0
0.9905912,True,7,7,14.0
0.99323314,True,3,3,4.0
0.57495165,True,1,1,18.0
0.99066025,True,8,8,18.0
0.9934496,True,8,8,-2.0
0.990257,True,4,4,10.0
0.95647126,True,0,0,-2.0
0.996031,True,10,10,2.0
0.99398756,True,6,6,-4.0
0.99293,True,5,5,0.0
0.9902863,True,5,5,12.0
0.99139506,True,6,6,10.0
0.96455663,False,7,2,8.0
0.6358097,True,1,1,18.0
0.5377118,False,1,10,-2.0
0.9855555,True,4,4,-4.0
0.9923677,True,0,0,16.0
0.99256426,True,6,6,4.0
0.9924286,True,7,7,14.0
0.91535,False,3,2,18.0
0.7849739,True,1,1,6.0
0.9930601,True,10,10,14.0
0.99115163,True,3,3,10.0
0.8872577,False,8,7,-6.0
0.95534486,True,2,2,10.0
0.61389834,False,10,1,4.0
0.991433,True,3,3,4.0
0.8686082,False,5,4,-4.0
0.9930588,True,5,5,8.0
0.9923947,True,0,0,14.0
0.940483,True,2,2,2.0
0.9927045,True,3,3,4.0
0.9877258,True,7,7,2.0
0.6070797,True,1,1,-2.0
0.94188905,True,10,10,18.0
0.52641094,True,3,3,-6.0
0.994495,True,5,5,16.0
0.9912661,True,5,5,10.0
0.97827893,True,2,2,-4.0
0.99184316,True,0,0,6.0
0.80888975,True,5,5,-6.0
0.84495056,True,8,8,-6.0
0.99253744,True,6,6,12.0
0.96364135,True,7,7,-6.0
0.99284464,True,9,9,14.0
0.99133134,True,7,7,4.0
0.99637634,True,4,4,-4.0
0.6245496,False,10,1,4.0
0.5995955,True,1,1,0.0
0.9927719,True,7,7,10.0
0.76515466,True,8,8,-4.0
0.587045,True,1,1,6.0
0.7001046,True,1,1,16.0
0.9920981,True,5,5,10.0
0.99295866,True,3,3,2.0
0.9923161,True,0,0,8.0
0.9923613,True,4,4,10.0
0.93837386,True,7,7,-4.0
0.6035041,True,1,1,4.0
0.9919944,True,9,9,8.0
0.9923475,True,7,7,-6.0
0.99264574,True,6,6,16.0
0.9909428,True,4,4,4.0
0.9576521,True,4,4,-6.0
0.9507334,True,2,2,16.0
0.9709542,True,5,5,2.0
0.99159765,True,3,3,10.0
0.9880095,True,7,7,2.0
0.99189585,True,6,6,12.0
0.99434704,True,8,8,-2.0
0.9401202,False,0,9,-2.0
0.99110657,True,3,3,16.0
0.7979378,True,10,10,6.0
0.9938319,True,5,5,10.0
0.99107474,True,8,8,4.0
0.7443458,True,10,10,-4.0
0.71698564,True,1,1,2.0
0.92263335,True,2,2,2.0
0.9914225,True,3,3,8.0
0.93308055,True,5,5,-6.0
0.995145,True,5,5,4.0
0.9920744,True,10,10,8.0
0.97943294,True,5,5,-6.0
0.9899233,True,3,3,8.0
0.99320024,True,5,5,18.0
0.9891388,True,4,4,10.0
0.9898073,True,7,7,18.0
0.91408026,True,4,4,-6.0
0.99057007,True,3,3,6.0
0.99140406,True,7,7,0.0
0.9919809,True,4,4,12.0
0.99068224,True,0,0,6.0
0.9746883,True,2,2,-6.0
0.99313873,True,9,9,10.0
0.99208236,True,0,0,4.0
0.55200624,False,10,1,0.0
0.99144757,True,6,6,2.0
0.44336253,False,0,7,0.0
0.9917549,True,8,8,10.0
0.70136493,True,1,1,-4.0
0.9903909,True,3,3,6.0
0.9904011,True,0,0,12.0
0.99442554,True,5,5,0.0
0.56799865,True,1,1,16.0
0.6276059,True,0,0,2.0
0.9924826,True,9,9,16.0
0.99252194,True,9,9,18.0
0.99208635,True,6,6,2.0
0.99235404,True,4,4,6.0
0.9932152,True,4,4,6.0
0.42250553,False,3,0,-6.0
0.9913651,True,6,6,-6.0
0.9918133,True,5,5,0.0
0.9925442,True,9,9,18.0
0.89864236,True,5,5,0.0
0.65307426,True,1,1,14.0
0.92987686,True,2,2,16.0
0.5011718,True,10,10,0.0
0.99091256,True,5,5,8.0
0.99193746,True,4,4,6.0
0.7686979,True,8,8,-4.0
0.9960877,True,4,4,-4.0
0.9922063,True,9,9,14.0
0.6483792,True,1,1,4.0
0.98992,True,4,4,14.0
0.9924959,True,5,5,6.0
0.8844952,True,7,7,2.0
0.99186486,True,9,9,16.0
0.9938438,True,9,9,12.0
0.9919081,True,3,3,6.0
0.99169356,True,9,9,16.0
0.9516344,True,5,5,-2.0
0.9908241,True,8,8,6.0
0.9916488,True,6,6,10.0
0.6200558,True,1,1,4.0
0.5740161,True,1,1,10.0
0.88245285,False,10,5,-4.0
0.58140874,True,1,1,10.0
0.44191843,False,2,5,4.0
0.9766024,True,3,3,-2.0
0.6100708,True,1,1,8.0
0.9929196,True,0,0,18.0
0.99229115,True,6,6,6.0
0.99011856,True,9,9,10.0
0.9912009,True,6,6,2.0
0.9928094,True,0,0,10.0
0.9540518,True,2,2,18.0
0.9901753,True,6,6,4.0
0.991719,True,4,4,6.0
0.99211967,True,9,9,16.0
0.5933024,True,1,1,-2.0
0.9876429,True,7,7,18.0
0.9588036,True,2,2,12.0
0.8680325,True,2,2,14.0
0.87819463,True,10,10,-4.0
0.9920643,True,9,9,8.0
0.9935976,True,6,6,6.0
0.9931778,True,6,6,-2.0
0.99115,True,0,0,14.0
0.99379444,True,5,5,6.0
0.9911191,True,4,4,12.0
0.98874646,True,6,6,-6.0
0.9918069,True,9,9,16.0
0.99151695,True,6,6,10.0
0.9929391,True,8,8,6.0
0.88785064,False,9,0,-2.0
0.99132526,True,3,3,16.0
0.6263518,True,1,1,14.0
0.99277735,True,6,6,8.0
0.99205774,True,6,6,-4.0
0.99253875,True,4,4,18.0
0.99172455,True,4,4,12.0
0.9930496,True,9,9,18.0
0.99062365,True,9,9,14.0
0.9922386,True,9,9,10.0
0.9950972,True,10,10,12.0
0.35507396,False,9,0,-4.0
0.873545,False,1,10,-4.0
0.96168256,False,0,9,-2.0
0.98827773,False,4,5,-6.0
0.98006094,True,3,3,-4.0
0.9934843,True,5,5,14.0
0.98978746,True,6,6,2.0
0.9919986,True,7,7,18.0
0.98988545,True,8,8,0.0
0.99104685,True,3,3,14.0
0.9940388,True,3,3,4.0
0.9930996,True,3,3,8.0
0.58437824,True,9,9,-4.0
0.9922638,True,0,0,16.0
0.9299937,True,2,2,10.0
0.99251634,True,9,9,18.0
0.9932921,True,9,9,14.0
0.53090596,False,2,9,12.0
0.99148655,True,4,4,4.0
0.9920357,True,9,9,12.0
0.91286427,True,2,2,18.0
0.99410456,True,8,8,-6.0
0.70511484,True,7,7,2.0
0.99066657,True,4,4,2.0
0.9930427,True,8,8,2.0
0.9902021,True,9,9,14.0
0.99229443,True,3,3,8.0
0.5297091,False,9,0,-4.0
0.99163955,True,3,3,2.0
0.99049324,True,6,6,10.0
0.99229807,True,9,9,4.0
0.59689134,False,1,10,-6.0
0.9923332,True,5,5,16.0
0.7079735,True,1,1,-2.0
0.99281293,True,0,0,4.0
0.5163991,True,7,7,16.0
0.9921482,True,7,7,2.0
0.57338065,False,10,1,8.0
0.96676004,False,8,7,-6.0
0.9911176,True,4,4,4.0
0.9898919,True,7,7,2.0
0.99257916,True,5,5,12.0
0.9916208,True,3,3,0.0
0.99161494,True,4,4,14.0
0.6760739,True,1,1,0.0
0.6884279,True,1,1,18.0
0.60089135,True,1,1,8.0
0.7260186,True,1,1,2.0
0.7487944,True,4,4,-6.0
0.5779995,False,9,3,-6.0
0.9921422,True,3,3,2.0
0.98805016,True,3,3,10.0
0.9900907,True,8,8,8.0
0.9905233,True,9,9,10.0
0.99039626,True,7,7,18.0
0.9902085,True,7,7,6.0
0.9446667,True,8,8,16.0
0.9919836,True,3,3,12.0
0.99233246,True,3,3,18.0
0.9916379,True,6,6,2.0
0.9860313,True,8,8,0.0
0.99174,True,5,5,8.0
0.6017724,True,1,1,10.0
0.65253216,False,1,10,-6.0
0.9900019,True,10,10,16.0
0.57432026,True,1,1,14.0
0.9921442,True,8,8,16.0
0.9942737,True,5,5,-4.0
0.9931096,True,6,6,-4.0
0.9928362,True,0,0,12.0
0.9900579,True,4,4,18.0
0.9918812,True,6,6,6.0
0.5779531,True,1,1,16.0
0.9935126,True,8,8,2.0
0.9832003,True,10,10,12.0
0.99274725,True,0,0,14.0
0.99108106,True,0,0,18.0
0.62471473,True,1,1,6.0
0.9895319,True,7,7,10.0
0.9937769,True,3,3,10.0
0.993277,True,9,9,8.0
0.8654183,True,8,8,4.0
0.5226022,False,1,10,-4.0
0.99211675,True,8,8,2.0
0.99122065,True,9,9,8.0
0.9926082,True,6,6,10.0
0.9920283,True,7,7,8.0
0.61637306,True,1,1,0.0
0.9297772,True,2,2,-2.0
0.98629016,True,5,5,6.0
0.9560189,True,2,2,6.0
0.99103266,True,0,0,10.0
0.6594895,True,1,1,12.0
0.6139197,True,0,0,0.0
0.99305856,True,4,4,2.0
0.9464304,True,2,2,12.0
0.9900613,True,7,7,14.0
0.99008584,True,4,4,18.0
0.99315155,True,6,6,12.0
0.99090147,True,7,7,14.0
0.9929202,True,3,3,4.0
0.9973037,True,5,5,4.0
0.9914932,True,6,6,16.0
0.9895425,True,0,0,18.0
0.9922948,True,9,9,14.0
0.99342066,True,6,6,2.0
0.5701933,False,10,1,10.0
0.99123716,True,4,4,14.0
0.9614223,True,5,5,-2.0
0.9938034,True,3,3,-2.0
0.7507309,False,7,8,-4.0
0.9913629,True,3,3,18.0
0.9957033,True,10,10,4.0
0.9912062,True,4,4,14.0
0.98959714,True,4,4,-2.0
0.9918435,True,0,0,16.0
0.9891417,True,8,8,10.0
0.9907103,True,7,7,6.0
0.83348763,True,5,5,-6.0
0.99165,True,0,0,8.0
0.99322295,True,0,0,16.0
0.8393486,True,9,9,-2.0
0.9893322,True,5,5,-4.0
0.99108946,True,7,7,14.0
0.99197197,True,5,5,16.0
0.99034685,True,3,3,16.0
0.5717496,True,1,1,16.0
0.9934489,True,6,6,-4.0
0.5991959,False,10,1,-6.0
0.97640073,True,2,2,-4.0
0.5070658,False,5,4,-2.0
0.9910268,True,3,3,10.0
0.6727659,True,1,1,6.0
0.99161714,True,9,9,2.0
0.5255981,True,10,10,-2.0
0.98584574,True,7,7,-6.0
0.99094594,True,4,4,8.0
0.5935607,False,9,0,-6.0
0.991667,True,8,8,18.0
0.99285877,True,6,6,2.0
0.9893406,True,4,4,18.0
0.5612547,False,10,1,14.0
0.9926165,True,4,4,2.0
0.699682,True,1,1,14.0
0.9936957,True,9,9,14.0
0.77102786,True,0,0,-4.0
0.9918938,True,9,9,4.0
0.9921556,True,3,3,10.0
0.9413294,True,2,2,16.0
0.9764297,False,7,8,-2.0
0.58366716,True,1,1,4.0
0.9576896,True,8,8,0.0
0.9397361,True,2,2,6.0
0.9044723,True,8,8,-6.0
0.5720129,False,10,1,18.0
0.9816442,True,0,0,0.0
0.9924717,True,3,3,0.0
0.9900171,True,3,3,16.0
0.6891509,True,0,0,-2.0
0.9909174,True,7,7,4.0
0.9901951,True,7,7,14.0
0.9901816,True,7,7,-4.0
0.9618204,True,7,7,-6.0
0.61637616,True,1,1,4.0
0.9888827,True,9,9,2.0
0.9924946,True,5,5,0.0
0.99218833,True,5,5,16.0
0.92298317,True,2,2,8.0
0.972807,True,2,2,10.0
0.9925211,True,8,8,-4.0
0.96191007,True,2,2,2.0
0.99177974,True,6,6,4.0
0.5520653,False,0,9,-4.0
0.99467295,True,8,8,-4.0
0.7151111,True,6,6,-6.0
0.6361101,False,10,1,10.0
0.9462524,True,2,2,-6.0
0.6307105,True,1,1,0.0
0.9903577,True,4,4,4.0
0.67909104,True,1,1,0.0
0.9906936,True,9,9,8.0
0.9887733,True,6,6,-4.0
0.9789755,True,5,5,-2.0
0.9906475,True,7,7,4.0
0.99335116,True,8,8,2.0
0.9276053,True,2,2,6.0
0.94354147,True,2,2,16.0
0.98851913,True,6,6,-6.0
0.99214256,True,8,8,8.0
0.99174106,True,3,3,12.0
0.5390541,False,0,3,-6.0
0.99036914,True,8,8,4.0
0.5106273,True,1,1,-6.0
0.7995827,True,5,5,-2.0
0.9944823,True,5,5,6.0
0.9912675,True,6,6,4.0
0.98509246,True,7,7,-2.0
0.56449497,True,3,3,-6.0
0.99088305,True,6,6,10.0
0.6239174,True,1,1,12.0
0.9878834,True,7,7,-4.0
0.99128705,True,7,7,2.0
0.9838688,True,0,0,0.0
0.5863329,True,1,1,0.0
0.9923293,True,10,10,8.0
0.99221355,True,6,6,10.0
0.60641253,True,1,1,2.0
0.99304867,True,10,10,12.0
0.9943305,True,8,8,-4.0
0.9917434,True,6,6,8.0
0.99342865,True,3,3,8.0
0.58995456,True,0,0,-2.0
0.95437294,True,2,2,14.0
0.9931972,True,4,4,2.0
0.9902486,True,3,3,2.0
0.71545917,True,10,10,2.0
0.9180902,True,5,5,6.0
0.9901445,True,3,3,0.0
0.8381469,False,0,2,-6.0
0.9903363,True,0,0,8.0
0.58836097,False,10,1,14.0
0.9920482,True,9,9,2.0
0.9908488,True,8,8,18.0
0.9908632,True,7,7,8.0
0.9804844,True,3,3,2.0
0.9908861,True,8,8,6.0
0.9899885,True,3,3,14.0
0.9050394,False,0,7,0.0
0.959074,True,5,5,-2.0
0.9900968,True,4,4,16.0
0.9910296,True,8,8,2.0
0.9604097,True,7,7,-6.0
0.65267354,True,1,1,10.0
0.38497487,False,4,0,-6.0
0.8637887,False,0,9,0.0
0.53005636,True,10,10,-2.0
0.9702335,True,5,5,-2.0
0.99244577,True,5,5,10.0
0.9922734,True,8,8,12.0
0.99233705,True,8,8,8.0
0.9137657,True,2,2,16.0
0.99133646,True,4,4,6.0
0.623965,False,10,5,-2.0
0.9913401,True,6,6,18.0
0.9910053,True,6,6,14.0
0.99073946,True,6,6,12.0
0.62942326,False,10,1,8.0
0.99201304,True,3,3,-4.0
0.9915523,True,7,7,2.0
0.9905199,True,4,4,14.0
0.58843195,True,1,1,12.0
0.99297684,True,6,6,14.0
0.59853673,True,1,1,10.0
0.9888854,True,8,8,4.0
0.9902958,True,8,8,8.0
0.9922099,True,4,4,12.0
0.9939027,True,9,9,2.0
0.99157214,True,4,4,8.0
0.9913896,True,6,6,14.0
0.5591355,True,1,1,6.0
0.65180904,True,1,1,6.0
0.9908289,True,9,9,4.0
0.9904143,True,6,6,10.0
0.9937675,True,3,3,14.0
0.85976857,True,8,8,2.0
0.9921084,True,5,5,14.0
0.6428689,True,1,1,6.0
0.33949178,False,3,9,-6.0
0.5590201,False,10,1,8.0
0.99135196,True,8,8,16.0
0.99331445,True,5,5,14.0
0.9940999,True,10,10,8.0
0.5463767,True,9,9,-2.0
0.6418579,False,0,9,-6.0
0.9158557,True,3,3,-4.0
0.9899913,True,7,7,6.0
0.98946255,True,3,3,8.0
0.93396443,True,2,2,2.0
0.79876775,True,9,9,2.0
0.5678857,True,1,1,14.0
0.7641254,True,4,4,-4.0
0.8904174,True,2,2,2.0
0.5724647,True,1,1,12.0
0.92452466,True,2,2,8.0
0.99274594,True,8,8,4.0
0.75038433,True,1,1,6.0
0.9432134,True,2,2,14.0
0.99303895,True,3,3,12.0
0.99232227,True,0,0,10.0
0.7829808,True,3,3,-6.0
0.9912491,True,0,0,16.0
0.5639885,True,1,1,16.0
0.93634856,True,8,8,14.0
0.96506053,False,7,2,14.0
0.6127792,True,1,1,14.0
0.5717556,False,10,1,18.0
0.9569502,True,2,2,-6.0
0.99025935,True,0,0,0.0
0.9922276,True,8,8,16.0
0.98290056,True,7,7,-2.0
0.68365633,True,1,1,-4.0
0.99242616,True,9,9,10.0
0.9920447,True,5,5,4.0
0.568978,False,10,1,6.0
0.9918119,True,4,4,16.0
0.99303097,True,8,8,10.0
0.99215525,True,5,5,10.0
0.99202174,True,4,4,4.0
0.9931965,True,4,4,18.0
0.9652042,True,5,5,4.0
0.42393225,True,0,0,-6.0
0.9383375,True,2,2,10.0
0.9923804,True,5,5,18.0
0.99138314,True,8,8,12.0
0.991213,True,7,7,16.0
0.9917311,True,3,3,16.0
0.9922654,True,0,0,16.0
0.97019076,True,5,5,-4.0
0.9930189,True,3,3,2.0
0.9930432,True,3,3,6.0
0.6112362,True,1,1,12.0
0.9916762,True,3,3,16.0
0.4126092,True,0,0,-6.0
0.9924759,True,8,8,18.0
0.99190336,True,0,0,10.0
0.974288,True,7,7,-2.0
0.99169946,True,6,6,18.0
0.9847578,True,10,10,4.0
0.68890804,True,7,7,-2.0
0.9918515,True,8,8,-2.0
0.93578553,True,2,2,10.0
0.9700188,True,5,5,-2.0
0.9706175,True,5,5,-2.0
0.9882748,True,5,5,16.0
0.5046579,True,1,1,-6.0
0.9908811,True,4,4,6.0
0.9893929,True,8,8,16.0
0.98964965,True,4,4,16.0
0.9906177,True,0,0,12.0
0.6215142,False,3,2,-6.0
0.93000066,True,2,2,-4.0
0.9921863,True,6,6,4.0
0.9904997,True,4,4,18.0
0.52388895,False,10,1,-2.0
0.9490885,True,2,2,12.0
0.99158525,True,6,6,16.0
0.9918806,True,6,6,8.0
0.9125018,False,8,7,-4.0
0.6451409,True,1,1,-4.0
0.99133027,True,8,8,14.0
0.995928,True,5,5,14.0
0.99411494,True,10,10,18.0
0.6096323,False,10,1,-4.0
0.99429506,True,3,3,8.0
0.9903425,True,0,0,6.0
0.8302322,True,7,7,10.0
0.99086165,True,7,7,12.0
0.9931924,True,4,4,8.0
0.9926571,True,10,10,12.0
0.9905504,True,7,7,16.0
0.9058263,True,8,8,-6.0
0.73511773,True,1,1,12.0
0.56650275,False,10,1,6.0
0.99182385,True,8,8,-4.0
0.6777587,True,1,1,6.0
0.9909348,True,5,5,2.0
0.58576345,True,1,1,16.0
0.9908833,True,6,6,16.0
0.9351499,True,2,2,18.0
0.9912117,True,7,7,12.0
0.71177185,True,1,1,6.0
0.49937648,False,1,10,-2.0
0.9917651,True,0,0,18.0
0.72213566,True,1,1,10.0
0.9929195,True,5,5,8.0
0.9910597,True,4,4,16.0
0.73488754,True,2,2,-6.0
0.4333706,True,3,3,-6.0
0.99126035,True,8,8,2.0
0.6198902,True,1,1,14.0
0.9920258,True,0,0,6.0
0.9377042,True,2,2,14.0
0.63498086,True,1,1,0.0
0.62864476,False,10,1,-6.0
0.5413848,False,10,1,-2.0
0.99293655,True,4,4,0.0
0.99199206,True,6,6,-4.0
0.9900809,True,6,6,14.0
0.9915354,True,7,7,12.0
0.9922311,True,0,0,16.0
0.98645115,True,10,10,2.0
0.98948157,False,8,7,-6.0
0.99119836,True,6,6,10.0
0.9898089,True,3,3,14.0
0.990008,True,10,10,10.0
0.94255316,True,2,2,12.0
0.98910415,True,6,6,-6.0
0.9914175,True,0,0,12.0
0.6063082,False,10,1,0.0
0.5464669,False,7,8,-2.0
0.6110071,True,1,1,8.0
0.7053186,True,1,1,2.0
0.9893287,True,3,3,-2.0
0.66206264,False,10,1,2.0
0.99250937,True,0,0,10.0
0.9923184,True,3,3,6.0
0.78014207,True,1,1,-2.0
0.9914814,True,8,8,2.0
0.98985136,True,4,4,16.0
0.99226874,True,0,0,18.0
0.9926622,True,6,6,2.0
0.9913612,True,4,4,8.0
0.9748395,True,7,7,-4.0
0.99148965,True,9,9,12.0
0.57252073,True,1,1,12.0
0.9886353,True,4,4,12.0
0.9911635,True,5,5,16.0
0.5676454,True,1,1,18.0
0.5428997,False,10,1,0.0
0.9944596,True,5,5,6.0
0.99298334,True,4,4,8.0
0.9918967,True,6,6,-4.0
0.98736995,True,7,7,6.0
0.9921828,True,6,6,8.0
0.99209857,True,4,4,0.0
0.9901882,True,8,8,12.0
0.99276394,True,4,4,0.0
0.9910801,True,4,4,4.0
0.9920844,True,8,8,-2.0
0.9913189,True,8,8,8.0
0.55772364,True,1,1,8.0
0.99294245,True,6,6,14.0
0.9917235,True,3,3,14.0
0.99018586,True,0,0,4.0
0.9928128,True,5,5,8.0
0.96869254,True,2,2,-6.0
0.9944405,True,5,5,16.0
0.9899094,True,4,4,16.0
0.9920259,True,6,6,-2.0
0.9942199,True,5,5,10.0
0.74663377,True,10,10,0.0
0.9912601,True,8,8,10.0
0.5672254,True,1,1,14.0
0.918791,True,2,2,-4.0
0.5988052,True,1,1,10.0
0.9967835,True,4,4,-2.0
0.9912333,True,5,5,-2.0
0.99194956,True,10,10,2.0
0.99003536,True,8,8,2.0
0.56453246,False,10,1,14.0
0.9900109,True,7,7,16.0
0.95392656,True,2,2,6.0
0.99333304,True,8,8,-4.0
0.5880658,False,10,1,-4.0
0.9918727,True,10,10,14.0
0.9836203,True,9,9,-2.0
0.99023354,True,7,7,4.0
0.9916971,True,0,0,2.0
0.9892663,True,3,3,18.0
0.99167174,True,3,3,2.0
0.9907844,True,6,6,18.0
0.64237636,False,10,1,0.0
0.734694,True,1,1,6.0
0.5801682,False,10,1,14.0
0.9919172,True,8,8,4.0
0.99182034,True,9,9,16.0
0.9937802,True,3,3,-2.0
0.7173937,True,1,1,14.0
0.51472855,True,1,1,-4.0
0.9544821,True,2,2,-4.0
0.9739578,True,7,7,10.0
0.99176383,True,8,8,0.0
0.6263799,True,1,1,-6.0
0.55438066,False,0,9,-2.0
0.34968397,False,0,2,-6.0
0.9915475,True,0,0,16.0
0.9916803,True,3,3,4.0
0.9896032,True,3,3,0.0
0.99224925,True,6,6,0.0
0.66352916,False,7,8,-2.0
0.9908208,True,6,6,4.0
0.98315996,True,5,5,4.0
0.6583696,True,0,0,6.0
0.98157525,True,5,5,-4.0
0.56651103,False,10,1,12.0
0.9930621,True,0,0,16.0
0.9912634,True,6,6,10.0
0.992886,True,6,6,10.0
0.9921908,True,8,8,6.0
0.9917277,True,0,0,14.0
0.99182945,True,6,6,4.0
0.99153215,True,6,6,12.0
0.9914282,True,9,9,6.0
0.9713471,True,7,7,10.0
0.98939663,True,4,4,8.0
0.99102575,True,6,6,12.0
0.92706954,False,8,2,8.0
0.99272597,True,9,9,2.0
0.99400383,True,0,0,4.0
0.99226177,True,4,4,18.0
0.9827943,True,5,5,-4.0
0.9922571,True,8,8,2.0
0.99210525,True,7,7,18.0
0.7064379,True,1,1,-4.0
0.9918262,True,9,9,10.0
0.9955277,True,5,5,0.0
0.9892567,True,0,0,6.0
0.98929465,True,0,0,10.0
0.5737695,False,10,1,14.0
0.990703,True,4,4,2.0
0.94865113,True,2,2,10.0
0.99046457,True,7,7,18.0
0.990379,True,8,8,12.0
0.9819629,True,6,6,-6.0
0.9917299,True,8,8,0.0
0.9923644,True,6,6,12.0
0.99270344,True,0,0,12.0
0.9932326,True,0,0,4.0
0.5602694,False,10,1,6.0
0.9910704,True,4,4,18.0
0.9931641,True,8,8,6.0
0.9905538,True,4,4,16.0
0.6331043,False,9,0,-4.0
0.94593763,True,2,2,6.0
0.9916549,True,9,9,10.0
0.8880357,True,2,2,2.0
0.9276707,True,2,2,0.0
0.9883963,True,8,8,-6.0
0.9916147,True,9,9,6.0
0.7266379,True,1,1,18.0
0.9900913,True,7,7,4.0
0.798158,False,1,10,-6.0
0.9916038,True,4,4,6.0
0.9944351,True,5,5,12.0
0.8590791,True,5,5,-2.0
0.60275495,True,1,1,12.0
0.9913846,True,6,6,6.0
0.991268,True,8,8,18.0
0.9926196,True,8,8,2.0
0.9930369,True,5,5,16.0
0.9939971,True,4,4,-2.0
0.9748897,True,7,7,6.0
0.8010329,True,4,4,-6.0
0.98970675,True,5,5,4.0
0.9941303,True,10,10,6.0
0.938079,True,2,2,18.0
0.9930375,True,8,8,2.0
0.98661554,True,7,7,10.0
0.9910781,True,6,6,4.0
0.9911642,True,8,8,-4.0
0.99245197,True,5,5,0.0
0.720617,False,8,7,-6.0
0.55138266,True,1,1,6.0
0.6606162,True,1,1,6.0
0.9909378,True,3,3,8.0
0.99034506,True,4,4,6.0
0.86118674,True,6,6,16.0
0.991504,True,8,8,8.0
0.6337616,False,10,1,2.0
0.9888947,True,7,7,-6.0
0.9727045,True,2,2,-2.0
0.9915565,True,6,6,10.0
0.9914588,True,6,6,8.0
0.99174446,True,8,8,0.0
0.992863,True,10,10,18.0
0.9389737,True,2,2,6.0
0.9354078,True,2,2,12.0
0.9949752,True,5,5,2.0
0.9917604,True,7,7,0.0
0.62362725,False,10,1,6.0
0.9927084,True,8,8,12.0
0.9952384,True,5,5,12.0
0.99240375,True,8,8,4.0
0.9944981,True,5,5,-2.0
0.99190134,True,8,8,-6.0
0.9947017,True,10,10,4.0
0.9918181,True,4,4,12.0
0.55979025,False,10,1,10.0
0.9921812,True,0,0,4.0
0.99107224,True,6,6,16.0
0.5329359,True,9,9,-4.0
0.5715477,True,1,1,12.0
0.6885022,True,1,1,-6.0
0.992428,True,8,8,-4.0
0.6304616,False,10,1,18.0
0.9746035,True,2,2,12.0
0.990042,True,7,7,6.0
0.9932422,True,5,5,16.0
0.91734,True,9,9,18.0
0.99110085,True,9,9,2.0
0.45675415,False,3,0,-6.0
0.99224395,True,6,6,16.0
0.99186677,True,7,7,4.0
0.56913555,True,1,1,18.0
0.98968995,True,4,4,14.0
0.98571324,False,0,9,2.0
0.9910121,True,9,9,2.0
0.4971898,False,10,1,0.0
0.9479131,True,2,2,4.0
0.99087757,True,3,3,2.0
0.9925011,True,8,8,8.0
0.99081343,True,8,8,4.0
0.9926853,True,6,6,14.0
0.99235713,True,7,7,6.0
0.9927564,True,9,9,12.0
0.99177855,True,6,6,16.0
0.99040025,True,4,4,0.0
0.7612828,True,7,7,-2.0
0.9365297,True,2,2,12.0
0.9902383,True,4,4,0.0
0.62024474,False,10,1,4.0
0.8695234,True,4,4,-4.0
0.9914209,True,6,6,18.0
0.9927537,True,10,10,18.0
0.9435235,True,0,0,-2.0
0.9916963,True,9,9,6.0
0.99218106,True,9,9,18.0
0.991405,True,4,4,10.0
0.991288,True,3,3,8.0
0.99185187,True,8,8,8.0
0.9926756,True,5,5,8.0
0.99148834,True,0,0,2.0
0.5968531,True,10,10,-4.0
0.9893153,True,7,7,10.0
0.99116814,True,7,7,0.0
0.9916467,True,5,5,18.0
0.99231976,True,5,5,14.0
0.58803123,True,1,1,10.0
0.99058694,True,4,4,12.0
0.9673327,True,2,2,14.0
0.993129,True,6,6,6.0
0.9910063,True,7,7,-4.0
0.9904625,True,4,4,0.0
0.7455801,True,8,8,10.0
0.9941281,True,5,5,4.0
0.92731446,True,2,2,16.0
0.9204336,True,5,5,-4.0
0.9905005,True,6,6,6.0
0.9911917,True,9,9,8.0
0.98888576,True,5,5,-2.0
0.9920717,True,6,6,4.0
0.60612833,True,1,1,18.0
0.65724915,True,2,2,-4.0
0.59856564,True,1,1,10.0
0.9902396,True,7,7,10.0
0.983206,True,0,0,0.0
0.86286694,True,0,0,0.0
0.9915177,True,8,8,8.0
0.99368954,True,5,5,10.0
0.97202694,True,2,2,10.0
0.99145997,True,4,4,4.0
0.66885865,False,1,10,-6.0
0.8472711,True,1,1,16.0
0.7533402,True,7,7,-2.0
0.9891167,True,8,8,16.0
0.99219054,True,9,9,12.0
0.28972977,True,5,5,-6.0
0.9358304,True,7,7,-2.0
0.992446,True,9,9,4.0
0.994352,True,5,5,2.0
0.9899721,True,3,3,12.0
0.9911213,True,4,4,0.0
0.98667437,True,8,8,8.0
0.992894,True,8,8,10.0
0.9397412,False,7,4,-6.0
0.62764233,False,10,1,10.0
0.99305564,True,6,6,18.0
0.9904206,True,3,3,2.0
0.9929923,True,6,6,-4.0
0.63267064,False,10,1,8.0
0.993089,True,7,7,6.0
0.9907556,True,3,3,0.0
0.98432297,True,9,9,16.0
0.91140497,False,3,5,-4.0
0.9922954,True,4,4,16.0
0.99087685,True,6,6,0.0
0.51088095,True,4,4,-4.0
0.9922227,True,8,8,6.0
0.9925895,True,0,0,6.0
0.9915417,True,4,4,0.0
0.9939605,True,5,5,10.0
0.99128914,True,6,6,8.0
0.96755564,True,2,2,18.0
0.8966616,False,3,6,-4.0
0.99058867,True,6,6,-4.0
0.99027175,True,7,7,6.0
0.99333984,True,9,9,8.0
0.9928703,True,8,8,2.0
0.9933211,True,4,4,0.0
0.9927274,True,3,3,4.0
0.9895236,True,8,8,8.0
0.9917394,True,8,8,4.0
0.8802755,True,2,2,14.0
0.8094022,True,1,1,14.0
0.96194977,True,2,2,16.0
0.48927152,False,0,9,-4.0
0.9901419,True,3,3,14.0
0.99045277,True,4,4,12.0
0.99228185,True,4,4,6.0
0.6786426,False,1,10,-6.0
0.9926438,True,3,3,2.0
0.991071,True,8,8,16.0
0.82666576,True,1,1,18.0
0.98945767,True,0,0,0.0
0.9902458,True,0,0,18.0
0.99229574,True,8,8,4.0
0.98519784,True,7,7,18.0
0.5910068,False,10,1,2.0
0.91793936,False,3,5,-6.0
0.95687824,True,2,2,6.0
0.99102074,True,0,0,12.0
0.99291307,True,6,6,4.0
0.9889232,True,7,7,0.0
0.99326515,True,3,3,18.0
0.5674417,False,10,1,18.0
0.5732905,True,1,1,12.0
0.94852024,True,7,7,10.0
0.9926294,True,4,4,6.0
0.61295414,False,10,1,-6.0
0.9918304,True,4,4,-2.0
0.9929143,True,9,9,16.0
0.38121203,True,0,0,-4.0
0.98442185,True,8,8,4.0
0.99103266,True,7,7,10.0
0.9920216,True,4,4,12.0
0.99080616,True,4,4,10.0
0.56499344,False,10,1,12.0
0.99461126,True,5,5,8.0
0.98918927,True,10,10,6.0
0.99696094,True,10,10,4.0
0.9905991,True,4,4,16.0
0.82021636,False,8,7,-6.0
0.99604803,True,5,5,-2.0
0.9877906,True,6,6,-4.0
0.94974065,True,2,2,14.0
0.99019593,True,4,4,18.0
0.6238888,False,10,1,2.0
0.9265967,True,2,2,12.0
0.98875636,True,4,4,18.0
0.56567687,False,10,1,10.0
0.9871765,True,8,8,10.0
0.9906894,True,6,6,-4.0
0.99331564,True,9,9,0.0
0.9930005,True,0,0,6.0
0.99188626,True,3,3,16.0
0.608756,True,1,1,-6.0
0.9925823,True,7,7,16.0
0.7519585,True,1,1,18.0
0.9896772,True,10,10,8.0
0.9903336,True,3,3,8.0
0.99117696,True,6,6,12.0
0.6011542,False,10,1,18.0
0.57913,False,10,1,12.0
0.989979,True,4,4,8.0
0.6571862,True,1,1,14.0
0.9341868,True,2,2,-6.0
0.99211943,True,8,8,18.0
0.5275924,False,9,0,-4.0
0.99167496,True,6,6,16.0
0.99158186,True,7,7,12.0
0.9669302,True,8,8,-2.0
0.9923515,True,7,7,6.0
0.6085792,False,4,9,-6.0
0.6808973,True,1,1,4.0
0.98982495,True,7,7,10.0
0.990529,True,6,6,0.0
0.99116325,True,5,5,14.0
0.9525085,True,2,2,4.0
0.5881733,True,4,4,-4.0
0.56942576,True,10,10,-4.0
0.9904199,True,9,9,2.0
0.5819033,True,1,1,2.0
0.97889555,True,4,4,0.0
0.52834564,True,1,1,-4.0
0.99243647,True,9,9,6.0
0.5635639,True,10,10,0.0
0.99159837,True,8,8,6.0
0.5189835,False,0,9,-2.0
0.98940265,True,0,0,4.0
0.503943,True,10,10,-2.0
0.5032029,False,10,1,-4.0
0.96081394,True,2,2,-2.0
0.7016175,False,10,1,16.0
0.65853506,True,1,1,-2.0
0.61127186,True,7,7,-2.0
0.9572603,True,0,0,0.0
0.9905889,True,10,10,18.0
0.9906908,True,10,10,12.0
0.99457365,True,5,5,18.0
0.6003444,False,10,1,14.0
0.71562576,False,5,10,0.0
0.9898319,True,4,4,10.0
0.86495394,True,4,4,-6.0
0.66287553,True,1,1,12.0
0.87471265,True,3,3,-6.0
0.6646986,False,10,1,-4.0
0.9918148,True,9,9,2.0
0.9932539,True,8,8,10.0
0.99060035,True,8,8,4.0
0.69343805,False,10,1,2.0
0.9931377,True,4,4,12.0
0.9897466,True,9,9,0.0
0.99231875,True,10,10,18.0
0.99215865,True,7,7,18.0
0.99025506,True,3,3,6.0
0.99085706,True,9,9,12.0
0.9942644,True,3,3,2.0
0.9927469,True,5,5,10.0
0.9918888,True,0,0,16.0
0.8519856,True,9,9,-2.0
0.99303824,True,5,5,2.0
0.99212533,True,4,4,10.0
0.9826734,True,9,9,0.0
0.98205894,True,2,2,4.0
0.9796403,True,4,4,-4.0
0.9952041,True,5,5,4.0
0.98883677,True,8,8,2.0
0.84564406,True,10,10,2.0
0.9908539,True,3,3,18.0
0.9909314,True,6,6,8.0
0.819286,True,4,4,-4.0
0.9908346,True,4,4,14.0
0.8675418,True,0,0,6.0
0.99417263,True,9,9,16.0
0.993001,True,0,0,14.0
0.98359054,True,7,7,-6.0
0.35275584,False,3,9,-6.0
0.99146605,True,0,0,16.0
0.9909719,True,3,3,12.0
0.99028206,True,8,8,-6.0
0.99109954,True,7,7,12.0
0.9926696,True,6,6,2.0
0.98758066,True,7,7,18.0
0.5566161,False,10,1,-2.0
0.5682674,True,1,1,14.0
0.98905724,True,7,7,4.0
0.99154997,True,3,3,18.0
0.8401081,True,2,2,12.0
0.9679826,True,2,2,16.0
0.99088883,True,4,4,12.0
0.993913,True,9,9,18.0
0.91900754,True,1,1,18.0
0.99112576,True,4,4,10.0
0.5697439,False,10,1,16.0
0.9924206,True,5,5,14.0
0.5436413,True,1,1,-4.0
0.9922523,True,0,0,8.0
0.9902913,True,5,5,6.0
0.96658653,True,5,5,0.0
0.9930912,True,4,4,4.0
0.99060553,True,0,0,14.0
0.9902982,True,4,4,6.0
0.9904695,True,4,4,10.0
0.9918527,True,4,4,14.0
0.9371604,True,7,7,4.0
0.57867044,True,1,1,6.0
0.9058438,True,2,2,0.0
0.581747,True,1,1,4.0
0.99227434,True,10,10,8.0
0.9610865,True,7,7,-4.0
0.577048,False,10,1,18.0
0.9905998,True,7,7,16.0
0.9933862,True,7,7,14.0
0.9920923,True,8,8,2.0
0.7182347,True,1,1,6.0
0.58713996,False,10,1,-6.0
0.9624199,True,2,2,8.0
0.99215263,True,0,0,18.0
0.99248546,True,8,8,4.0
0.9918029,True,3,3,0.0
0.865804,False,9,4,-4.0
0.5628495,True,1,1,-2.0
0.91654503,True,10,10,0.0
0.99300754,True,5,5,8.0
0.5667142,True,3,3,-6.0
0.9580002,True,5,5,-4.0
0.94170994,True,2,2,10.0
0.992432,True,9,9,14.0
0.94868803,True,2,2,18.0
0.9927245,True,6,6,-2.0
0.9920443,True,6,6,6.0
0.9949916,True,5,5,18.0
0.6333513,True,1,1,0.0
0.9921123,True,0,0,4.0
0.99550533,True,6,6,8.0
0.62832314,True,1,1,4.0
0.9934708,True,8,8,2.0
0.93998516,True,2,2,6.0
0.6125286,False,3,9,-6.0
0.99407035,True,6,6,4.0
0.99168384,True,9,9,6.0
0.6024123,True,1,1,4.0
0.99017686,True,7,7,14.0
0.99122494,True,9,9,6.0
0.99291044,True,6,6,-2.0
0.9919546,True,9,9,2.0
0.9928926,True,4,4,18.0
0.99200237,True,9,9,8.0
0.99112976,True,5,5,8.0
0.989963,True,3,3,10.0
0.99365604,True,9,9,16.0
0.99228716,True,6,6,18.0
0.9212689,True,2,2,-2.0
0.9273814,True,5,5,-2.0
0.9912992,True,8,8,8.0
0.9881918,True,8,8,18.0
0.57667905,False,10,1,-2.0
0.9912929,True,5,5,10.0
0.9924549,True,0,0,10.0
0.9887782,True,5,5,-4.0
0.99092835,True,4,4,12.0
0.9914057,True,0,0,12.0
0.6056235,False,10,1,0.0
0.9916951,True,8,8,0.0
0.9928548,True,6,6,6.0
0.9916992,True,6,6,2.0
0.99148834,True,3,3,12.0
0.99059075,True,6,6,-2.0
0.9935382,True,5,5,8.0
0.98952407,True,4,4,10.0
0.5126039,True,0,0,-4.0
0.95430106,True,2,2,-6.0
0.9916088,True,0,0,16.0
0.99139565,True,0,0,6.0
0.99220043,True,5,5,0.0
0.5588839,True,1,1,12.0
0.90845186,True,10,10,2.0
0.86435074,False,0,2,-6.0
0.99369377,True,3,3,6.0
0.9917441,True,6,6,10.0
0.9922661,True,9,9,2.0
0.99021155,True,7,7,10.0
0.97205406,True,2,2,18.0
0.9271923,True,7,7,18.0
0.9349862,True,2,2,2.0
0.75989425,True,1,1,10.0
0.5922487,False,10,1,12.0
0.9916802,True,9,9,14.0
0.9923152,True,4,4,10.0
0.99276555,True,6,6,2.0
0.9925055,True,4,4,2.0
0.88154197,True,10,10,4.0
0.9599832,True,0,0,0.0
0.988472,True,4,4,18.0
0.8040619,True,2,2,4.0
0.9924281,True,6,6,0.0
0.6080092,True,9,9,-4.0
0.99032265,True,4,4,8.0
0.991614,True,3,3,4.0
0.9941392,True,8,8,0.0
0.9915541,True,4,4,12.0
0.99346864,True,9,9,14.0
0.9861433,True,9,9,4.0
0.99395,True,9,9,14.0
0.96796775,True,2,2,8.0
0.9919121,True,5,5,2.0
0.9917923,True,0,0,10.0
0.29545498,False,5,10,-6.0
0.99368733,True,6,6,-4.0
0.99070203,True,4,4,6.0
0.6040174,True,1,1,-2.0
0.8233962,True,3,3,-4.0
0.9905709,True,0,0,14.0
0.72310954,True,1,1,10.0
0.6004379,False,0,3,-6.0
0.9923678,True,3,3,-2.0
0.9912623,True,10,10,10.0
0.5697731,False,10,1,14.0
0.60524887,False,1,10,0.0
0.9899682,True,7,7,6.0
0.9922925,True,0,0,4.0
0.6826211,True,1,1,14.0
0.99233305,True,4,4,2.0
0.6608417,True,1,1,-2.0
0.9925538,True,8,8,10.0
0.9914761,True,9,9,0.0
0.9896297,False,0,9,0.0
0.99030966,True,8,8,-4.0
0.9907693,True,3,3,10.0
0.992493,True,6,6,4.0
0.6860324,False,10,1,-2.0
0.9930769,True,3,3,2.0
0.9849497,True,7,7,8.0
0.4935421,False,5,0,-4.0
0.96199906,True,7,7,10.0
0.9950027,True,5,5,6.0
0.99203074,True,6,6,2.0
0.98967767,True,4,4,16.0
0.9913914,True,7,7,16.0
0.99309045,True,9,9,14.0
0.9906109,True,6,6,4.0
0.9942128,True,3,3,0.0
0.9170773,False,3,2,-4.0
0.82304054,False,1,10,0.0
0.9903886,True,0,0,4.0
0.9917235,True,0,0,4.0
0.555286,True,1,1,0.0
0.552012,True,1,1,0.0
0.9250477,True,0,0,0.0
0.5890756,False,10,1,-6.0
0.9909412,True,0,0,6.0
0.99191576,True,6,6,2.0
0.8459769,True,2,2,12.0
0.9926663,True,6,6,-2.0
0.62637997,True,1,1,12.0
0.99196047,True,8,8,14.0
0.82497674,True,4,4,-4.0
0.9918934,True,0,0,4.0
0.99341065,True,0,0,2.0
0.99177504,True,8,8,2.0
0.5456194,False,4,5,-4.0
0.99191964,True,4,4,-2.0
0.9923706,True,0,0,4.0
0.99221754,True,3,3,12.0
0.5746913,False,10,1,12.0
0.6128725,True,1,1,0.0
0.9919016,True,0,0,16.0
0.6446894,False,10,1,-4.0
0.99126995,True,5,5,8.0
0.9591025,False,6,2,12.0
0.99166954,True,6,6,12.0
0.73486125,False,10,5,-4.0
0.9905646,True,5,5,6.0
0.99209374,True,8,8,10.0
0.5443654,False,10,1,-2.0
0.9919703,True,0,0,4.0
0.98831624,True,8,8,0.0
0.50003487,True,2,2,-4.0
0.98801976,True,3,3,-4.0
0.97577673,True,0,0,2.0
0.36720997,False,3,0,-4.0
0.90717614,True,2,2,10.0
0.991267,True,7,7,18.0
0.6013221,True,0,0,-6.0
0.99197924,True,4,4,2.0
0.98938364,True,8,8,10.0
0.8421275,True,2,2,-2.0
0.99122065,True,4,4,4.0
0.9901827,True,0,0,14.0
0.9832991,True,3,3,-2.0
0.57057595,False,10,1,0.0
0.9923333,True,6,6,-2.0
0.9914642,True,6,6,16.0
0.9512833,True,2,2,16.0
0.9285426,True,2,2,6.0
0.9517964,True,2,2,-4.0
0.99232835,True,8,8,16.0
0.9946672,True,5,5,10.0
0.97096133,True,5,5,2.0
0.9957255,True,4,4,-2.0
0.9964515,True,5,5,12.0
0.9927084,True,9,9,18.0
0.99041206,True,8,8,14.0
0.98538244,True,7,7,6.0
0.79102504,True,2,2,16.0
0.9908664,True,6,6,10.0
0.89925534,True,5,5,0.0
0.9929327,True,10,10,6.0
0.99330246,True,6,6,16.0
0.96736455,True,2,2,14.0
0.9902018,True,5,5,0.0
0.99221545,True,9,9,4.0
0.9932459,True,5,5,12.0
0.80900043,False,7,8,-4.0
0.9917454,True,9,9,2.0
0.9864942,True,0,0,0.0
0.89414525,True,5,5,6.0
0.9907911,True,3,3,2.0
0.9544744,False,6,2,-6.0
0.9918928,True,8,8,16.0
0.5659048,True,1,1,18.0
0.85470873,True,8,8,16.0
0.9921221,True,9,9,14.0
0.82641745,False,9,3,-6.0
0.991553,True,7,7,16.0
0.98953503,True,7,7,8.0
0.9916933,True,8,8,6.0
0.99155265,True,3,3,6.0
0.9912641,True,7,7,0.0
0.9941415,True,9,9,10.0
0.9918051,True,8,8,14.0
0.9623154,True,2,2,2.0
0.9484797,True,2,2,2.0
0.97964704,True,8,8,-2.0
0.9921888,True,7,7,16.0
0.9928437,True,8,8,6.0
0.9928576,True,3,3,16.0
0.67946,False,2,3,-2.0
0.58145076,True,1,1,18.0
0.99052835,True,6,6,14.0
0.9889359,True,7,7,16.0
0.97627515,True,4,4,-6.0
0.99141747,True,3,3,8.0
0.6769737,False,0,4,2.0
0.98052657,True,4,4,-4.0
0.9913906,True,9,9,0.0
0.9862386,True,7,7,0.0
0.992902,True,8,8,0.0
0.9909093,True,4,4,12.0
0.991389,True,9,9,10.0
0.98993915,True,7,7,16.0
0.98494303,True,7,7,-6.0
0.9934163,True,9,9,0.0
0.99041617,True,3,3,6.0
0.9915366,True,6,6,14.0
0.9928646,True,8,8,16.0
0.9692271,True,2,2,2.0
0.92760575,True,2,2,18.0
0.6480749,True,1,1,-4.0
0.99408937,True,5,5,6.0
0.99061626,True,5,5,12.0
0.99349797,True,4,4,2.0
0.5680924,True,1,1,12.0
0.994255,True,5,5,6.0
0.9658898,True,2,2,4.0
0.97990155,True,5,5,-2.0
0.99178606,True,9,9,18.0
0.58660686,True,1,1,12.0
0.990739,True,9,9,-2.0
0.81528425,True,10,10,10.0
0.95869255,True,2,2,6.0
0.99154717,True,6,6,6.0
0.4918297,True,10,10,-4.0
0.990008,True,7,7,10.0
0.98781127,True,4,4,12.0
0.9919775,True,0,0,0.0
0.99264705,True,0,0,8.0
0.9918671,True,7,7,8.0
0.99547476,True,3,3,-4.0
0.9912685,True,0,0,18.0
0.9903302,True,4,4,2.0
0.9828266,True,5,5,-2.0
0.9923597,True,3,3,4.0
0.7330946,True,1,1,0.0
0.99123245,True,8,8,10.0
0.9910774,True,7,7,14.0
0.5807445,False,10,1,6.0
0.9934488,True,9,9,12.0
0.9921618,True,6,6,16.0
0.99329656,True,6,6,0.0
0.6098335,False,0,4,-2.0
0.9885384,True,3,3,14.0
0.9900289,True,4,4,18.0
0.95953304,True,2,2,-6.0
0.5864984,True,1,1,4.0
0.99238026,True,8,8,2.0
0.9923465,True,0,0,16.0
0.9943599,True,10,10,10.0
0.887023,True,3,3,-6.0
0.99044704,True,3,3,16.0
0.9925333,True,9,9,8.0
0.9797484,True,7,7,6.0
0.5198442,False,0,9,-2.0
0.99126786,True,7,7,0.0
0.61576766,True,1,1,6.0
0.993558,True,4,4,-2.0
0.98976725,True,0,0,16.0
0.99263704,True,5,5,4.0
0.99348587,True,8,8,-2.0
0.9694453,True,7,7,-4.0
0.9895834,True,3,3,14.0
0.6790326,False,9,4,-6.0
0.99059314,True,4,4,18.0
0.99251294,True,4,4,4.0
0.99048996,True,4,4,10.0
0.9893008,True,6,6,-2.0
0.973827,True,2,2,14.0
0.99142236,True,0,0,14.0
0.9933476,True,6,6,2.0
0.9927868,True,4,4,10.0
0.93719304,True,5,5,-4.0
0.9899963,True,4,4,10.0
0.36224616,True,2,2,14.0
0.9923947,True,6,6,6.0
0.9865964,True,7,7,14.0
0.9901196,True,4,4,2.0
0.9927193,True,6,6,8.0
0.98498166,True,7,7,2.0
0.9933537,True,5,5,0.0
0.6546469,True,1,1,8.0
0.9932435,True,3,3,4.0
0.7206252,False,10,1,0.0
0.993053,True,5,5,12.0
0.99286896,True,5,5,14.0
0.99201787,True,3,3,16.0
0.72529787,True,1,1,8.0
0.99261355,True,3,3,6.0
0.9953655,True,10,10,16.0
0.99209666,True,0,0,6.0
0.84137964,True,2,2,-4.0
0.99100566,True,4,4,6.0
0.9059774,True,6,6,-6.0
0.9924092,True,9,9,4.0
0.6715141,True,1,1,-6.0
0.9889305,True,9,9,0.0
0.9928362,True,5,5,12.0
0.8947665,True,0,0,-2.0
0.9931978,True,4,4,2.0
0.9893471,True,0,0,12.0
0.99084234,True,9,9,8.0
0.6132576,True,1,1,2.0
0.9901894,True,6,6,-2.0
0.99328643,True,6,6,14.0
0.9413145,True,7,7,-2.0
0.98919404,True,4,4,16.0
0.9891705,True,8,8,0.0
0.98570794,True,8,8,-2.0
0.7406868,True,1,1,6.0
0.56640357,False,9,0,-4.0
0.9913709,True,4,4,10.0
0.9867828,True,8,8,10.0
0.9631137,True,2,2,4.0
0.99134725,True,0,0,6.0
0.99060506,True,4,4,12.0
0.58125937,False,10,1,18.0
0.99098855,True,8,8,2.0
0.99167997,True,9,9,6.0
0.9926635,True,8,8,12.0
0.9932388,True,0,0,2.0
0.62130165,True,1,1,16.0
0.9911129,True,7,7,16.0
0.55843824,True,1,1,-6.0
0.9915802,True,3,3,16.0
0.99042374,True,3,3,12.0
0.9914597,True,3,3,0.0
0.9468981,True,2,2,2.0
0.9955379,True,10,10,8.0
0.9891255,True,3,3,14.0
0.99217224,True,9,9,14.0
0.42077014,False,9,0,-2.0
0.99183285,True,0,0,16.0
0.98979694,True,6,6,-4.0
0.99304116,True,8,8,18.0
0.98553896,True,5,5,-4.0
0.99163216,True,8,8,12.0
0.5729967,True,10,10,-6.0
0.95934635,True,2,2,4.0
0.99218667,True,7,7,4.0
0.98907834,True,7,7,8.0
0.9401688,True,2,2,6.0
0.6351704,True,1,1,14.0
0.9912491,True,6,6,0.0
0.99051195,True,6,6,-2.0
0.99099964,True,7,7,6.0
0.990207,True,6,6,14.0
0.9360959,True,2,2,8.0
0.98993134,True,7,7,-6.0
0.6973873,True,6,6,-6.0
0.9904074,True,8,8,6.0
0.9926044,True,3,3,16.0
0.52412444,True,1,1,-2.0
0.9911383,True,5,5,0.0
0.9915623,True,3,3,18.0
0.99198395,True,3,3,10.0
0.99323684,True,0,0,8.0
0.98059434,True,5,5,-4.0
0.9917693,True,6,6,8.0
0.9891221,True,0,0,4.0
0.99179333,True,3,3,2.0
0.9559301,True,2,2,12.0
0.9913639,True,6,6,16.0
0.99089736,True,3,3,16.0
0.58726275,True,1,1,12.0
0.9814548,True,7,7,8.0
0.99183136,True,8,8,8.0
0.57356256,True,1,1,16.0
0.99173623,True,7,7,-6.0
0.9917875,True,8,8,12.0
0.9930468,True,8,8,-2.0
0.9918933,True,6,6,6.0
0.9918041,True,3,3,0.0
0.58935666,False,10,1,0.0
0.9902563,True,4,4,6.0
0.92575485,True,2,2,6.0
0.9915161,True,3,3,4.0
0.93016845,True,7,7,0.0
0.99182206,True,7,7,18.0
0.896221,True,2,2,-4.0
0.9937171,True,3,3,2.0
0.90494585,True,7,7,0.0
0.9799064,True,7,7,16.0
0.9902928,True,4,4,4.0
0.8692221,True,2,2,10.0
0.7154177,True,0,0,-2.0
0.9830095,True,0,0,0.0
0.99306726,True,9,9,2.0
0.5763487,False,10,1,4.0
0.99221635,True,8,8,2.0
0.6034474,False,10,1,-2.0
0.9859701,True,10,10,12.0
0.99109966,True,8,8,10.0
0.9960651,True,10,10,2.0
0.5935174,False,10,1,0.0
0.9413156,True,2,2,-4.0
0.9474388,True,8,8,0.0
0.9712607,True,0,0,-2.0
0.9888187,True,5,5,4.0
0.9920459,True,9,9,8.0
0.9934295,True,6,6,6.0
0.2597413,False,9,3,-6.0
0.61543024,True,1,1,-6.0
0.63175523,True,10,10,-2.0
0.65744716,False,7,8,6.0
0.9298814,True,2,2,18.0
0.5041247,False,10,1,-4.0
0.99237144,True,6,6,-4.0
0.9562176,False,4,2,-6.0
0.56487375,False,10,1,2.0
0.9916443,True,8,8,14.0
0.9911574,True,0,0,4.0
0.9923469,True,4,4,2.0
0.99026054,True,7,7,4.0
0.99006945,True,7,7,2.0
0.98948985,True,3,3,14.0
0.9585985,True,2,2,12.0
0.92936116,True,2,2,16.0
0.56449735,True,9,9,-6.0
0.9908697,True,6,6,16.0
0.98986953,True,6,6,-2.0
0.6414513,False,10,1,-4.0
0.5442015,False,7,8,16.0
0.9951574,True,3,3,0.0
0.9922814,True,4,4,-2.0
0.99422365,True,3,3,-2.0
0.9913083,True,8,8,10.0
0.9940398,True,5,5,0.0
0.7129458,True,10,10,18.0
0.7672146,True,1,1,12.0
0.9927263,True,5,5,6.0
0.99184626,True,6,6,8.0
0.9920101,True,6,6,8.0
0.9925869,True,0,0,8.0
0.992289,True,0,0,12.0
0.924839,True,7,7,0.0
0.9918921,True,0,0,2.0
0.99268675,True,3,3,10.0
0.9931623,True,8,8,-2.0
0.9913259,True,4,4,0.0
0.9945093,True,3,3,0.0
0.9903127,True,0,0,14.0
0.945354,True,2,2,2.0
0.65488327,True,1,1,6.0
0.99051356,True,7,7,2.0
0.5641529,True,1,1,18.0
0.6039678,False,10,1,14.0
0.93683827,True,2,2,14.0
0.9366769,True,2,2,8.0
0.9934228,True,5,5,0.0
0.9878143,True,7,7,8.0
0.99230206,True,4,4,2.0
0.9929259,True,3,3,14.0
0.98696184,True,7,7,8.0
0.9599775,True,7,7,-2.0
0.9918676,True,4,4,2.0
0.9911294,True,8,8,10.0
0.99112755,True,3,3,14.0
0.990054,True,3,3,6.0
0.7064626,True,10,10,4.0
0.59965146,True,1,1,8.0
0.99155617,True,9,9,12.0
0.9877022,True,9,9,-2.0
0.9914267,True,9,9,6.0
0.9698174,True,2,2,16.0
0.66496634,False,0,2,-6.0
0.8527509,True,0,0,-2.0
0.8536191,True,2,2,12.0
0.9928617,True,6,6,6.0
0.9923282,True,8,8,-2.0
0.9931512,True,10,10,6.0
0.9754742,True,3,3,-4.0
0.9918595,True,4,4,8.0
0.9926922,True,9,9,18.0
0.98920983,True,5,5,2.0
0.99152803,True,7,7,-6.0
0.99109155,True,9,9,12.0
0.99185693,True,8,8,14.0
0.9916517,True,3,3,2.0
0.80269605,True,2,2,18.0
0.98973733,True,7,7,16.0
0.9908675,True,10,10,18.0
0.5662099,True,1,1,14.0
0.9881458,True,10,10,18.0
0.98630965,True,7,7,0.0
0.564211,True,1,1,-2.0
0.96128285,True,2,2,6.0
0.700385,False,8,7,12.0
0.99267584,True,0,0,10.0
0.99312407,True,5,5,16.0
0.5907136,False,10,1,4.0
0.57619804,True,10,10,14.0
0.9890537,True,7,7,4.0
0.98911417,True,0,0,8.0
0.99251974,True,6,6,18.0
0.9936108,True,4,4,4.0
0.6810126,True,1,1,6.0
0.99170965,True,3,3,10.0
0.99306595,True,4,4,18.0
0.6162428,True,1,1,8.0
0.6945484,True,1,1,4.0
0.99151707,True,4,4,12.0
0.99610245,True,5,5,14.0
0.96365756,True,2,2,18.0
0.9916928,True,6,6,2.0
0.7885538,True,1,1,12.0
0.98848444,True,8,8,18.0
0.99283594,True,0,0,6.0
0.6489629,True,1,1,8.0
0.93931645,True,2,2,0.0
0.96177936,True,2,2,14.0
0.99170965,True,7,7,10.0
0.9919552,True,9,9,18.0
0.9914408,True,4,4,14.0
0.9917705,True,4,4,2.0
0.9452364,True,2,2,12.0
0.9843918,True,7,7,-4.0
0.9247659,True,2,2,10.0
0.99253464,True,0,0,4.0
0.9940036,True,10,10,2.0
0.9914635,True,9,9,6.0
0.9576581,True,2,2,0.0
0.9883978,True,7,7,-4.0
0.567402,False,10,1,18.0
0.7032894,False,0,9,4.0
0.99207217,True,6,6,14.0
0.99221283,True,4,4,6.0
0.9885194,True,7,7,8.0
0.99168944,True,6,6,-6.0
0.5610269,True,1,1,0.0
0.99011457,True,4,4,10.0
0.9875836,True,7,7,-2.0
0.99246407,True,9,9,14.0
0.8943651,True,2,2,-4.0
0.892159,False,4,0,-2.0
0.976034,True,5,5,-6.0
0.7369943,True,1,1,12.0
0.517217,True,10,10,-2.0
0.9909065,True,0,0,6.0
0.9904749,True,3,3,16.0
0.94862884,True,2,2,-6.0
0.99184763,True,8,8,12.0
0.522279,False,9,0,-4.0
0.54664373,False,1,10,2.0
0.9916877,True,8,8,-4.0
0.9902458,True,0,0,16.0
0.9818986,True,3,3,-2.0
0.25383034,False,3,0,-6.0
0.99186057,True,3,3,0.0
0.9913897,True,0,0,16.0
0.993262,True,8,8,16.0
0.98804104,True,4,4,12.0
0.57610184,True,1,1,18.0
0.99046797,True,4,4,4.0
0.99125224,True,3,3,6.0
0.5307424,False,10,1,-2.0
0.9925575,True,3,3,2.0
0.992015,True,3,3,14.0
0.983111,True,0,0,-2.0
0.993075,True,9,9,16.0
0.9324673,True,2,2,12.0
0.68249685,False,10,1,-4.0
0.990648,True,4,4,12.0
0.9895942,True,3,3,10.0
0.94442314,True,2,2,18.0
0.9903516,True,6,6,2.0
0.9909842,True,3,3,6.0
0.99166334,True,6,6,8.0
0.91551864,True,2,2,2.0
0.99182546,True,9,9,2.0
0.7074982,False,10,1,4.0
0.99164784,True,9,9,2.0
0.82850826,True,2,2,6.0
0.9925755,True,9,9,14.0
0.9919777,True,0,0,4.0
0.6011203,True,1,1,10.0
0.99394614,True,3,3,14.0
0.9698855,True,2,2,4.0
0.5320956,True,1,1,-4.0
0.99387735,True,3,3,8.0
0.991899,True,8,8,10.0
0.9907979,True,9,9,6.0
0.989345,True,5,5,8.0
0.99171233,True,0,0,6.0
0.9700301,True,8,8,-4.0
0.5698382,False,10,1,18.0
0.99184316,True,0,0,8.0
0.99043417,True,3,3,18.0
0.5686549,False,10,1,18.0
0.5743027,False,10,1,12.0
0.9821764,True,4,4,-4.0
0.9251578,False,8,2,12.0
0.9375382,True,2,2,6.0
0.9905289,True,7,7,10.0
0.99274045,True,7,7,18.0
0.569161,True,1,1,18.0
0.55105335,True,1,1,-2.0
0.51261586,True,2,2,10.0
0.74350667,True,1,1,18.0
0.99280715,True,8,8,2.0
0.99210393,True,8,8,4.0
0.9918744,True,0,0,14.0
0.98991793,True,4,4,18.0
0.6292815,False,0,4,-4.0
0.9238429,True,2,2,10.0
0.9888621,True,3,3,14.0
0.78411055,True,0,0,-2.0
0.9932954,True,9,9,2.0
0.5656665,True,1,1,18.0
0.6857731,False,0,7,-2.0
0.7177211,True,1,1,12.0
0.6474418,True,1,1,0.0
0.9887876,True,7,7,0.0
0.99428314,True,6,6,-6.0
0.99002165,True,4,4,14.0
0.95895725,True,2,2,6.0
0.9923598,True,7,7,12.0
0.99121815,True,0,0,12.0
0.65763766,False,9,0,-6.0
0.49801037,True,1,1,-6.0
0.99039584,True,9,9,4.0
0.99367756,True,5,5,18.0
0.74390775,True,7,7,-2.0
0.9892124,True,7,7,12.0
0.98981434,True,7,7,4.0
0.98954076,True,8,8,14.0
0.55168086,True,10,10,-6.0
0.995073,True,4,4,-4.0
0.9374424,True,7,7,-4.0
0.9913663,True,3,3,10.0
0.32339802,False,4,0,-6.0
0.9927489,True,6,6,2.0
0.56753635,True,1,1,10.0
0.93903065,True,2,2,8.0
0.9897469,True,7,7,0.0
0.60596395,False,0,9,-4.0
0.9558943,True,7,7,-6.0
0.98468727,True,5,5,18.0
0.88419,True,2,2,18.0
0.9926212,True,9,9,2.0
0.98865104,True,4,4,16.0
0.67881346,True,1,1,2.0
0.99254274,True,0,0,8.0
0.49105862,True,0,0,-2.0
0.9926725,True,6,6,0.0
0.9151544,True,2,2,14.0
0.99025285,True,8,8,16.0
0.5586863,False,10,1,8.0
0.56424123,True,1,1,8.0
0.9931987,True,4,4,6.0
0.9555287,True,3,3,-4.0
0.55109924,True,1,1,2.0
0.82539386,False,7,2,16.0
0.991394,True,4,4,18.0
0.99146795,True,4,4,0.0
0.99005973,True,5,5,14.0
0.58745027,False,10,1,4.0
0.65489453,True,1,1,14.0
0.57076985,False,10,1,10.0
0.99105084,True,5,5,16.0
0.9917774,True,6,6,2.0
0.99174154,True,0,0,12.0
0.99054015,True,7,7,14.0
0.9924232,True,8,8,6.0
0.9909156,True,8,8,4.0
0.8079888,True,1,1,14.0
0.9903791,True,4,4,4.0
0.9924213,True,0,0,0.0
0.93755925,True,7,7,18.0
0.8396704,True,5,5,-2.0
0.45663995,True,0,0,-4.0
0.9655177,True,7,7,12.0
0.5342745,True,3,3,-4.0
0.9934378,True,5,5,4.0
0.9495262,True,10,10,12.0
0.990694,True,4,4,12.0
0.65865946,True,1,1,8.0
0.98875916,True,0,0,2.0
0.9895587,True,7,7,10.0
0.99277765,True,9,9,12.0
0.9616314,True,2,2,12.0
0.9924005,True,3,3,-4.0
0.9916289,True,9,9,18.0
0.938065,True,2,2,6.0
0.9899065,True,8,8,16.0
0.99096537,True,3,3,4.0
0.96749026,True,2,2,-4.0
0.99208117,True,4,4,6.0
0.6302327,True,8,8,8.0
0.6082135,True,1,1,10.0
0.99138355,True,6,6,-2.0
0.5231775,False,1,10,-4.0
0.99207133,True,5,5,6.0
0.99115634,True,9,9,10.0
0.992774,True,0,0,12.0
0.96098155,True,2,2,6.0
0.50277984,False,4,9,-4.0
0.63348037,True,1,1,10.0
0.9922408,True,8,8,0.0
0.9920529,True,7,7,18.0
0.57501864,True,1,1,14.0
0.9917846,True,6,6,12.0
0.9887298,True,8,8,-2.0
0.99130625,True,4,4,8.0
0.9915623,True,4,4,6.0
0.99365884,True,6,6,18.0
0.5272888,True,10,10,-6.0
0.992963,True,6,6,18.0
0.9894247,True,10,10,12.0
0.75960654,False,10,1,-6.0
0.97540206,True,7,7,2.0
0.99108243,True,5,5,10.0
0.94483525,True,0,0,0.0
0.49653485,True,9,9,-6.0
0.99164796,True,7,7,16.0
0.9897899,True,3,3,12.0
0.99261546,True,0,0,10.0
0.5712202,True,1,1,18.0
0.95143473,True,2,2,6.0
0.6288427,True,1,1,14.0
0.9920134,True,0,0,10.0
0.786736,True,4,4,-6.0
0.991783,True,7,7,16.0
0.9065969,True,8,8,6.0
0.9895712,True,3,3,16.0
0.98942965,True,8,8,16.0
0.9920535,True,9,9,2.0
0.9903234,True,8,8,0.0
0.3876553,False,9,0,-4.0
0.99037665,True,9,9,4.0
0.99135923,True,6,6,8.0
0.9915275,True,0,0,12.0
0.9935028,True,10,10,14.0
0.9916534,True,6,6,0.0
0.5476434,True,9,9,-4.0
0.41977292,False,5,10,-6.0
0.5851287,False,10,1,-2.0
0.9926939,True,5,5,16.0
0.99199075,True,9,9,18.0
0.99096394,True,6,6,0.0
0.9919125,True,9,9,6.0
0.99069756,True,0,0,4.0
0.57150537,True,1,1,16.0
0.99308634,True,4,4,0.0
0.9677008,True,4,4,-4.0
0.9526969,True,2,2,-4.0
0.5660012,True,1,1,8.0
0.9917182,True,3,3,6.0
0.59855646,True,1,1,4.0
0.9917563,True,5,5,10.0
0.96434927,True,7,7,10.0
0.98649466,True,4,4,-4.0
0.9488836,True,2,2,-4.0
0.99140465,True,6,6,2.0
0.99064773,True,5,5,4.0
0.59419346,True,1,1,-4.0
0.7852091,False,7,0,-6.0
0.5740029,False,0,9,-4.0
0.989427,True,0,0,16.0
0.9885669,True,7,7,16.0
0.47352415,False,2,3,8.0
0.9934109,True,4,4,0.0
0.99434763,True,3,3,6.0
0.9924976,True,4,4,6.0
0.9916224,True,3,3,10.0
0.9919109,True,3,3,12.0
0.9916897,True,0,0,14.0
0.9810503,True,3,3,-4.0
0.95331514,True,2,2,4.0
0.9848713,True,10,10,16.0
0.99205184,True,5,5,6.0
0.9931559,True,10,10,8.0
0.9900446,True,5,5,6.0
0.95584035,True,2,2,16.0
0.64672834,True,1,1,4.0
0.6032679,True,1,1,6.0
0.99355423,True,0,0,2.0
0.7955331,True,5,5,-6.0
0.6491899,True,1,1,4.0
0.98943275,True,6,6,2.0
0.9889791,True,7,7,10.0
0.99099886,True,3,3,12.0
0.9623527,True,2,2,12.0
0.99089664,True,6,6,18.0
0.98995066,True,4,4,2.0
0.99132603,True,6,6,4.0
0.63702106,True,1,1,-4.0
0.99116033,True,8,8,8.0
0.8606239,False,7,8,-4.0
0.99135804,True,3,3,10.0
0.5698925,False,10,5,0.0
0.5633417,False,10,1,-4.0
0.9905346,True,7,7,6.0
0.95125294,True,2,2,4.0
0.9842232,True,7,7,18.0
0.99484515,True,10,10,8.0
0.99282634,True,6,6,-6.0
0.9915587,True,4,4,8.0
0.98893225,True,4,4,14.0
0.9872793,True,7,7,14.0
0.99195576,True,6,6,2.0
0.9344066,True,7,7,-4.0
0.9910874,True,7,7,8.0
0.99164903,True,6,6,6.0
0.89684105,False,10,5,-6.0
0.99197453,True,8,8,14.0
0.959084,False,8,7,8.0
0.5923713,True,1,1,-4.0
0.5477435,True,1,1,0.0
0.9923739,True,6,6,-2.0
0.96033394,True,2,2,-4.0
0.5640374,True,1,1,-2.0
0.9919144,True,9,9,12.0
0.99101275,True,4,4,14.0
0.99181587,True,5,5,10.0
0.9922339,True,6,6,4.0
0.9910348,True,8,8,18.0
0.71866864,True,3,3,-6.0
0.9856894,True,0,0,8.0
0.59916925,True,1,1,10.0
0.5154685,True,1,1,-6.0
0.98990846,True,3,3,8.0
0.99054986,True,4,4,8.0
0.992351,True,4,4,6.0
0.9925155,True,9,9,10.0
0.99288005,True,3,3,2.0
0.9925845,True,5,5,18.0
0.99211264,True,0,0,18.0
0.99175805,True,5,5,12.0
0.99249744,True,3,3,16.0
0.99405897,True,5,5,18.0
0.99105144,True,3,3,14.0
0.9914129,True,9,9,12.0
0.708694,True,0,0,-4.0
0.5778198,True,1,1,16.0
0.9938101,True,4,4,2.0
0.6943095,True,1,1,8.0
0.9924118,True,6,6,16.0
0.94321775,False,7,2,2.0
0.97550213,True,10,10,6.0
0.6388764,True,1,1,12.0
0.9921171,True,3,3,16.0
0.93169725,True,2,2,0.0
0.99117893,True,8,8,16.0
0.99270755,True,0,0,6.0
0.99126023,True,8,8,18.0
0.99242425,True,3,3,4.0
0.58053756,True,1,1,12.0
0.5749892,True,1,1,16.0
0.991888,True,9,9,18.0
0.9470056,True,8,8,8.0
0.5664283,False,10,1,10.0
0.99287707,True,5,5,8.0
0.5437498,False,10,1,-2.0
0.99201596,True,4,4,10.0
0.9949108,True,4,4,-2.0
0.9932012,True,6,6,6.0
0.99184966,True,8,8,18.0
0.5813163,True,1,1,16.0
0.64074904,True,1,1,16.0
0.9876496,True,7,7,2.0
0.99320894,True,6,6,0.0
0.99089456,True,7,7,2.0
0.98383015,True,3,3,4.0
0.99397063,True,3,3,0.0
0.95688426,True,2,2,-6.0
0.60439616,True,1,1,-4.0
0.45254955,False,0,4,-6.0
0.6927778,False,10,1,-2.0
0.95662135,False,9,2,4.0
0.9046914,True,2,2,16.0
0.6043786,False,10,1,4.0
0.5533609,False,1,10,2.0
0.7075831,True,1,1,18.0
0.9921802,True,9,9,16.0
0.9925511,True,9,9,2.0
0.99067503,True,8,8,18.0
0.9925142,True,8,8,4.0
0.97301537,True,5,5,-6.0
0.99347806,True,3,3,0.0
0.99266195,True,5,5,16.0
0.9939527,True,4,4,0.0
0.99161,True,0,0,6.0
0.9926523,True,4,4,6.0
0.9919962,True,6,6,2.0
0.9925706,True,6,6,12.0
0.94600827,True,2,2,16.0
0.9109822,True,2,2,10.0
0.9910471,True,7,7,8.0
0.9905973,True,4,4,12.0
0.99244714,True,8,8,2.0
0.95248353,True,2,2,10.0
0.9933831,True,5,5,18.0
0.6076572,True,1,1,4.0
0.9792813,True,7,7,-2.0
0.9920257,True,6,6,18.0
0.60718256,False,10,1,-6.0
0.6123995,True,1,1,-6.0
0.9615843,False,8,2,14.0
0.99253404,True,0,0,6.0
0.591952,False,10,1,2.0
0.9906555,True,4,4,10.0
0.9888066,True,7,7,18.0
0.99254483,True,5,5,18.0
0.99298346,True,9,9,8.0
0.9900968,True,3,3,10.0
0.91382027,True,3,3,-4.0
0.99389124,True,3,3,0.0
0.9898492,True,6,6,4.0
0.7145585,True,1,1,12.0
0.99187684,True,8,8,8.0
0.57170004,True,1,1,8.0
0.9919687,True,9,9,8.0
0.8683238,True,4,4,-6.0
0.9843838,True,8,8,6.0
0.98210126,False,7,8,-2.0
0.9911684,True,8,8,6.0
0.99106216,True,3,3,18.0
0.5752916,True,1,1,10.0
0.9923724,True,5,5,14.0
0.9704368,True,8,8,14.0
0.9920259,True,8,8,8.0
0.6038859,True,1,1,-2.0
0.98995495,True,7,7,16.0
0.9894359,True,5,5,-6.0
0.5801602,True,1,1,6.0
0.7113253,True,1,1,6.0
0.991689,True,8,8,8.0
0.9928115,True,6,6,8.0
0.9920792,True,5,5,10.0
0.9913846,True,4,4,14.0
0.6070468,False,10,1,-6.0
0.5853474,True,1,1,14.0
0.9914657,True,3,3,12.0
0.9921787,True,3,3,2.0
0.7592322,False,8,7,-6.0
0.984404,True,8,8,-6.0
0.9044798,True,2,2,2.0
0.99011374,True,0,0,4.0
0.5308587,True,10,10,-2.0
0.99214137,True,9,9,8.0
0.5365601,False,10,1,0.0
0.9902304,True,7,7,12.0
0.80274385,True,1,1,16.0
0.9917271,True,4,4,6.0
0.5689105,False,10,1,2.0
0.99274784,True,0,0,18.0
0.99355316,True,9,9,2.0
0.64072776,False,10,1,10.0
0.9934463,True,5,5,16.0
0.9915521,True,4,4,14.0
0.48949713,False,5,1,-6.0
0.5750052,True,1,1,16.0
0.99286884,True,4,4,18.0
0.9907912,True,8,8,16.0
0.91567403,True,2,2,18.0
0.95607394,True,8,8,-6.0
0.8933239,False,0,2,-6.0
0.9908048,True,0,0,2.0
0.99278015,True,4,4,4.0
0.9906103,True,0,0,10.0
0.9630718,True,2,2,8.0
0.9929311,True,10,10,10.0
0.9875459,True,3,3,-2.0
0.9610483,True,2,2,4.0
0.59794366,False,10,1,-6.0
0.6591308,False,0,9,0.0
0.9921508,True,0,0,8.0
0.5831689,True,1,1,-4.0
0.99193305,True,8,8,10.0
0.97922415,True,7,7,4.0
0.99175596,True,8,8,2.0
0.5694429,True,1,1,6.0
0.84530073,True,0,0,-2.0
0.5728778,True,1,1,16.0
0.99205244,True,9,9,16.0
0.9897719,True,3,3,18.0
0.9900547,True,3,3,14.0
0.9919744,True,3,3,2.0
0.9938287,True,8,8,-4.0
0.9172214,False,3,2,6.0
0.60607606,False,10,1,2.0
0.95582056,False,9,2,12.0
0.98744804,True,7,7,-2.0
0.9909213,True,8,8,18.0
0.99151796,True,3,3,10.0
0.99070275,True,8,8,4.0
0.99205196,True,6,6,12.0
0.99009854,True,5,5,0.0
0.9925891,True,8,8,-4.0
0.98999655,True,3,3,12.0
0.99341714,True,9,9,8.0
0.9908001,True,3,3,-4.0
0.99327105,True,5,5,6.0
0.9903689,True,4,4,10.0
0.9152752,True,2,2,2.0
0.86975646,True,2,2,2.0
0.97125185,True,2,2,12.0
0.9898241,True,4,4,18.0
0.9914977,True,8,8,18.0
0.9861688,True,7,7,-6.0
0.9905193,True,10,10,18.0
0.9834499,True,7,7,2.0
0.98995703,True,0,0,6.0
0.99128145,True,9,9,6.0
0.67785776,True,1,1,6.0
0.65566814,True,1,1,10.0
0.98958874,True,7,7,18.0
0.5639828,False,10,1,4.0
0.9909576,True,5,5,14.0
0.96919775,True,7,7,-6.0
0.99142694,True,6,6,10.0
0.99146324,True,0,0,10.0
0.99165314,True,9,9,0.0
0.925159,True,7,7,-4.0
0.62959725,False,10,1,-2.0
0.9658571,True,2,2,0.0
0.99160814,True,3,3,12.0
0.9917549,True,10,10,10.0
0.9922161,True,0,0,10.0
0.9925178,True,0,0,18.0
0.56407344,True,1,1,8.0
0.9914625,True,7,7,4.0
0.99033433,True,8,8,14.0
0.9905376,True,4,4,16.0
0.93623096,True,2,2,16.0
0.98987716,True,7,7,10.0
0.9419034,True,1,1,14.0
0.5268039,True,1,1,-2.0
0.98782736,True,10,10,14.0
0.990415,True,3,3,8.0
0.88645303,True,2,2,14.0
0.9920806,True,8,8,12.0
0.60989004,False,10,1,18.0
0.9301787,False,1,10,-4.0
0.9903342,True,0,0,6.0
0.99095386,True,7,7,8.0
0.9922742,True,9,9,2.0
0.99081355,True,6,6,6.0
0.9885662,True,0,0,18.0
0.9919688,True,6,6,14.0
0.96919864,True,7,7,-4.0
0.5674081,True,1,1,-4.0
0.99164635,True,6,6,14.0
0.99206793,True,3,3,14.0
0.99160683,True,6,6,18.0
0.9921882,True,8,8,4.0
0.9918643,True,4,4,4.0
0.94688857,True,7,7,-6.0
0.5672121,False,10,1,8.0
0.99124205,True,7,7,16.0
0.9885882,True,9,9,10.0
0.9922626,True,6,6,6.0
0.9557121,False,5,4,-4.0
0.9912738,True,3,3,18.0
0.99302614,True,9,9,4.0
0.99308336,True,9,9,10.0
0.9782865,True,5,5,-6.0
0.9921842,True,8,8,6.0
0.99247605,True,0,0,14.0
0.9925597,True,4,4,2.0
0.98870254,True,3,3,10.0
0.9913385,True,5,5,16.0
0.9031358,True,2,2,2.0
0.9923071,True,4,4,16.0
0.99074113,True,3,3,16.0
0.35732302,True,3,3,-6.0
0.5267866,False,7,8,-2.0
0.57358396,False,10,1,12.0
0.99125564,True,3,3,8.0
0.99235743,True,8,8,4.0
0.7108909,True,0,0,-4.0
0.9915108,True,6,6,12.0
0.99190897,True,9,9,8.0
0.99203473,True,0,0,16.0
0.5325518,True,1,1,-2.0
0.8687708,True,0,0,-4.0
0.9932707,True,9,9,10.0
0.99226075,True,0,0,10.0
0.9902716,True,8,8,4.0
0.75854385,True,0,0,0.0
0.9926097,True,0,0,12.0
0.45581928,True,3,3,-6.0
0.8716264,True,6,6,-6.0
0.5874483,True,1,1,10.0
0.99443144,True,5,5,18.0
0.9944147,True,5,5,2.0
0.9931092,True,6,6,16.0
0.6808781,True,1,1,6.0
0.9920587,True,6,6,-2.0
0.58691794,False,10,1,18.0
0.9915662,True,0,0,2.0
0.9712224,True,2,2,12.0
0.9929502,True,3,3,16.0
0.99072146,True,7,7,6.0
0.9885055,True,7,7,8.0
0.97622573,True,2,2,18.0
0.99139506,True,0,0,10.0
0.99358046,True,5,5,4.0
0.9929403,True,9,9,18.0
0.3800145,False,3,0,-6.0
0.9575049,True,5,5,-4.0
0.9894707,True,6,6,16.0
0.9917468,True,5,5,14.0
0.9921554,True,3,3,12.0
0.57458866,False,10,1,10.0
0.6664579,True,1,1,6.0
0.9198116,True,2,2,10.0
0.9909999,True,8,8,-2.0
0.5888241,True,1,1,2.0
0.99257153,True,4,4,12.0
0.948466,True,2,2,18.0
0.99305505,True,5,5,18.0
0.9890702,True,7,7,4.0
0.9901245,True,5,5,16.0
0.5499385,True,1,1,4.0
0.99300224,True,6,6,2.0
0.5453939,True,1,1,10.0
0.99260664,True,8,8,16.0
0.5886607,True,1,1,16.0
0.38606757,False,0,9,-6.0
0.91142666,True,0,0,-2.0
0.9912847,True,3,3,4.0
0.9894142,True,5,5,8.0
0.6598675,True,10,10,4.0
0.98421466,True,8,8,-4.0
0.9926783,True,8,8,18.0
0.9921095,True,6,6,10.0
0.9874166,True,7,7,4.0
0.9933888,True,8,8,-2.0
0.5736735,True,1,1,14.0
0.7549432,False,8,7,12.0
0.9933761,True,3,3,8.0
0.9917407,True,6,6,10.0
0.99059135,True,0,0,12.0
0.99078125,True,8,8,10.0
0.6163112,True,1,1,-2.0
0.99323916,True,5,5,16.0
0.9911703,True,6,6,4.0
0.97687143,True,3,3,-2.0
0.98811275,True,5,5,2.0
0.99209154,True,3,3,2.0
0.99310935,True,9,9,8.0
0.9531907,True,2,2,6.0
0.98755974,True,0,0,2.0
0.99121475,True,4,4,18.0
0.6218961,False,10,1,16.0
0.9933963,True,5,5,12.0
0.99063206,True,3,3,12.0
0.99354315,True,5,5,12.0
0.990604,True,10,10,12.0
0.9918132,True,5,5,14.0
0.9926831,True,5,5,10.0
0.8517284,False,10,5,-4.0
0.99265975,True,8,8,2.0
0.9905744,True,7,7,18.0
0.9915302,True,8,8,8.0
0.9888791,True,7,7,8.0
0.99459004,True,9,9,0.0
0.9925829,True,6,6,18.0
0.6540542,False,10,1,8.0
0.5827965,True,1,1,2.0
0.4283177,False,3,5,-6.0
0.99364233,True,6,6,2.0
0.91894644,True,7,7,-4.0
0.9943538,True,5,5,4.0
0.98368084,True,7,7,8.0
0.9931339,True,9,9,16.0
0.9918174,True,9,9,0.0
0.55541277,False,10,1,10.0
0.6924303,False,10,1,-2.0
0.991331,True,9,9,10.0
0.9923361,True,0,0,12.0
0.99193364,True,7,7,-2.0
0.99163604,True,3,3,4.0
0.99160683,True,0,0,14.0
0.46742222,True,9,9,-4.0
0.9890359,True,0,0,10.0
0.9934191,True,10,10,6.0
0.99081844,True,0,0,6.0
0.89955926,True,6,6,-6.0
0.99197984,True,0,0,12.0
0.99102414,True,4,4,16.0
0.56084925,False,10,1,12.0
0.9748863,True,7,7,2.0
0.991956,True,6,6,12.0
0.6533068,False,0,4,-4.0
0.88269454,True,2,2,-6.0
0.9963582,True,5,5,-2.0
0.96766794,True,2,2,0.0
0.75413007,False,0,3,2.0
0.9889234,True,8,8,8.0
0.9497215,True,2,2,4.0
0.9918502,True,6,6,6.0
0.99094933,True,7,7,8.0
0.9932219,True,0,0,4.0
0.99120075,True,6,6,8.0
0.9907923,False,0,9,0.0
0.5945101,False,10,1,6.0
0.99349123,True,8,8,4.0
0.9532335,False,0,4,-4.0
0.9925079,True,5,5,16.0
0.9744309,True,2,2,12.0
0.99160707,True,4,4,0.0
0.7533776,True,10,10,-2.0
0.99213153,True,6,6,6.0
0.98998266,True,7,7,2.0
0.97030634,True,5,5,-4.0
0.93924916,True,0,0,0.0
0.98347294,True,0,0,12.0
0.527639,False,1,10,-4.0
0.9907987,True,7,7,12.0
0.9914995,True,4,4,4.0
0.99308676,True,6,6,18.0
0.9914902,True,6,6,-2.0
0.99244267,True,3,3,0.0
0.95419294,True,2,2,4.0
0.5961075,False,10,1,8.0
0.9664846,True,9,9,-2.0
0.9430501,True,2,2,18.0
0.99140394,True,3,3,2.0
0.5800855,False,10,1,0.0
0.992046,True,6,6,0.0
0.99172556,True,3,3,2.0
0.99307245,True,3,3,0.0
0.99120355,True,6,6,-2.0
0.99175054,True,9,9,14.0
0.49395812,True,10,10,-2.0
0.49649483,False,5,10,-2.0
0.9461286,True,10,10,-2.0
0.8989982,True,4,4,-2.0
0.9343978,True,3,3,-4.0
0.9927745,True,0,0,4.0
0.9578705,True,2,2,14.0
0.99279153,True,9,9,14.0
0.992409,True,6,6,2.0
0.9899559,True,7,7,8.0
0.8968419,True,2,2,-6.0
0.99170685,True,6,6,-2.0
0.93949383,True,2,2,10.0
0.98975545,True,7,7,10.0
0.96639043,True,2,2,12.0
0.99179006,True,4,4,-2.0
0.9919727,True,3,3,16.0
0.9916501,True,0,0,10.0
0.9905928,True,8,8,0.0
0.9903223,True,8,8,16.0
0.992262,True,4,4,8.0
0.9906193,True,5,5,16.0
0.5709576,False,10,1,10.0
0.8570701,True,2,2,16.0
0.9910555,True,6,6,-4.0
0.9621582,True,2,2,10.0
0.9592329,True,2,2,10.0
0.99196494,True,9,9,2.0
0.9922725,True,3,3,10.0
0.92880857,True,2,2,6.0
0.9928647,True,9,9,16.0
0.9927819,True,4,4,0.0
0.6297061,False,10,1,-2.0
0.67062867,False,10,1,-6.0
0.9915125,True,6,6,8.0
0.8677242,False,7,0,-6.0
0.9914334,True,0,0,6.0
0.698134,True,1,1,-6.0
0.9936054,True,6,6,10.0
0.9949291,True,5,5,-2.0
0.9912691,True,4,4,8.0
0.9906634,True,3,3,18.0
0.9917997,True,6,6,18.0
0.58805305,False,10,1,-2.0
0.9900954,True,6,6,10.0
0.90975124,True,2,2,-4.0
0.99302167,True,5,5,14.0
0.99182785,True,7,7,0.0
0.9900157,True,5,5,10.0
0.9923185,True,8,8,8.0
0.99233454,True,3,3,12.0
0.92329216,True,2,2,8.0
0.9948657,True,5,5,2.0
0.9908642,True,0,0,16.0
0.69170976,True,1,1,0.0
0.89895695,True,2,2,2.0
0.6042263,False,5,10,-4.0
0.99239445,True,9,9,16.0
0.9929721,True,8,8,-6.0
0.9931486,True,8,8,6.0
0.99219704,True,10,10,12.0
0.9545665,True,2,2,8.0
0.99133813,True,6,6,-4.0
0.9932963,True,8,8,6.0
0.5890955,False,0,9,-4.0
0.9923653,True,3,3,10.0
0.99255145,True,3,3,0.0
0.9959608,True,3,3,-2.0
0.9923422,True,3,3,2.0
0.99246067,True,3,3,12.0
0.99255717,True,9,9,18.0
0.6526389,False,10,1,-2.0
0.99135524,True,9,9,4.0
0.99021906,True,3,3,2.0
0.99311227,True,9,9,18.0
0.7302634,True,5,5,-6.0
0.99349,True,0,0,14.0
0.88975495,False,3,2,-6.0
0.9920294,True,0,0,16.0
0.9911227,True,5,5,4.0
0.94975954,True,10,10,8.0
0.9533737,True,7,7,2.0
0.91172755,True,5,5,-2.0
0.9941339,True,3,3,12.0
0.8955057,True,2,2,8.0
0.5722752,False,10,1,18.0
0.99183756,True,9,9,2.0
0.8390078,True,1,1,16.0
0.99149305,True,9,9,6.0
0.56341946,False,10,1,12.0
0.9906697,True,3,3,12.0
0.9555541,True,2,2,8.0
0.9931331,True,5,5,14.0
0.6298303,True,1,1,4.0
0.9914532,True,7,7,0.0
0.8889269,False,0,9,-4.0
0.98954636,True,7,7,2.0
0.5587175,False,10,1,2.0
0.8151733,True,3,3,-4.0
0.6029158,True,1,1,-2.0
0.99240535,True,5,5,16.0
0.9902828,True,0,0,6.0
0.99093515,True,7,7,6.0
0.9892029,True,0,0,2.0
0.99327624,True,9,9,16.0
0.9949057,True,5,5,2.0
0.99181527,True,4,4,2.0
0.58636314,True,1,1,6.0
0.95056295,True,2,2,8.0
0.9935122,True,6,6,6.0
0.98696625,True,0,0,0.0
0.5766381,False,10,1,6.0
0.98736286,True,8,8,10.0
0.99136156,True,8,8,18.0
0.6631939,False,10,1,2.0
0.9524492,True,2,2,0.0
0.8695444,True,10,10,-2.0
0.9905229,True,6,6,0.0
0.99188143,True,7,7,8.0
0.73173505,True,0,0,-4.0
0.9282352,True,10,10,2.0
0.508239,True,1,1,-2.0
0.9890352,True,8,8,18.0
0.9923241,True,5,5,10.0
0.9931049,True,5,5,16.0
0.9904038,True,7,7,0.0
0.9936068,True,0,0,8.0
0.9924154,True,6,6,10.0
0.35502014,False,9,0,-4.0
0.9919797,True,9,9,6.0
0.98238844,True,9,9,-2.0
0.9904668,True,4,4,18.0
0.9895635,True,4,4,12.0
0.87219584,True,5,5,-6.0
0.99186033,True,8,8,0.0
0.99095005,True,0,0,18.0
0.9024156,True,2,2,10.0
0.56766516,False,10,1,18.0
0.99112433,True,4,4,6.0
0.9665637,True,7,7,-4.0
0.9051633,True,7,7,-6.0
0.9922691,True,8,8,16.0
0.989804,True,8,8,14.0
0.9862651,True,0,0,0.0
0.99146104,True,0,0,6.0
0.9925263,True,8,8,-2.0
0.9924602,True,10,10,8.0
0.9916716,True,0,0,12.0
0.9922863,True,5,5,6.0
0.9918876,True,6,6,-2.0
0.9906551,True,3,3,18.0
0.82273424,False,8,7,16.0
0.991764,True,0,0,16.0
0.9250172,True,2,2,14.0
0.96767396,True,2,2,16.0
0.9926621,True,6,6,-4.0
0.9917019,True,5,5,16.0
0.99160576,True,9,9,6.0
0.99327785,True,6,6,16.0
0.99271095,True,6,6,4.0
0.992786,True,6,6,0.0
0.99304765,True,6,6,4.0
0.96292526,False,10,5,-4.0
0.9919966,True,9,9,4.0
0.5681461,False,10,1,10.0
0.99163616,True,0,0,10.0
0.97074336,True,4,4,-4.0
0.594844,True,1,1,6.0
0.99206734,True,5,5,4.0
0.62871456,True,1,1,4.0
0.9320957,True,2,2,12.0
0.6793385,True,1,1,10.0
0.993461,True,4,4,0.0
0.9921292,True,6,6,-4.0
0.9886645,True,8,8,14.0
0.9783887,True,4,4,-4.0
0.65048915,True,1,1,8.0
0.99143267,True,6,6,-6.0
0.9912902,True,3,3,14.0
0.91736925,True,2,2,8.0
0.98676866,True,7,7,-4.0
0.63831866,True,1,1,4.0
0.991299,True,3,3,0.0
0.9907768,True,6,6,16.0
0.99291784,True,6,6,-4.0
0.99263036,True,5,5,6.0
0.99163604,True,4,4,-2.0
0.9919727,True,0,0,6.0
0.9928988,True,6,6,12.0
0.6937826,False,10,1,-6.0
0.99324024,True,8,8,-4.0
0.99079984,True,0,0,6.0
0.5840886,True,1,1,2.0
0.99347115,True,3,3,8.0
0.9959609,True,5,5,6.0
0.5869398,True,9,9,-2.0
0.9308124,True,2,2,-2.0
0.78323096,True,5,5,-6.0
0.994866,True,5,5,2.0
0.99351174,True,5,5,14.0
0.55901605,False,10,1,10.0
0.9915001,True,6,6,6.0
0.8961252,True,0,0,0.0
0.9922168,True,4,4,2.0
0.993944,True,5,5,16.0
0.8760996,True,8,8,-4.0
0.9935649,True,8,8,16.0
0.9909479,True,3,3,18.0
0.9933183,True,8,8,-4.0
0.5567598,False,10,1,12.0
0.9929917,True,8,8,8.0
0.9908212,True,6,6,14.0
0.99219173,True,10,10,10.0
0.9922293,True,6,6,0.0
0.57154685,True,8,8,14.0
0.9920803,True,10,10,8.0
0.9895648,False,0,7,-2.0
0.5717309,False,10,1,16.0
0.99061114,True,5,5,0.0
0.739863,True,1,1,12.0
0.99157166,True,0,0,14.0
0.9904799,True,6,6,2.0
0.9929824,True,9,9,4.0
0.57974654,False,0,9,-6.0
0.9623815,True,5,5,8.0
0.9082804,True,10,10,-2.0
0.39143768,False,9,4,-6.0
0.99025494,True,3,3,0.0
0.99281573,True,10,10,6.0
0.68785495,False,4,0,-6.0
0.99202603,True,8,8,-4.0
0.9002606,True,10,10,-4.0
0.9920954,True,6,6,16.0
0.9386768,True,5,5,-6.0
0.64548737,False,1,10,-6.0
0.9928797,True,8,8,6.0
0.99092066,True,6,6,14.0
0.9518631,True,2,2,4.0
0.9903921,True,3,3,18.0
0.67726964,True,5,5,-6.0
0.6556441,True,0,0,-6.0
0.99107414,True,4,4,2.0
0.9922767,True,6,6,10.0
0.9958513,True,4,4,-2.0
0.99218255,True,9,9,18.0
0.9127627,True,2,2,8.0
0.9878379,True,4,4,16.0
0.9950572,True,4,4,-2.0
0.9878544,True,8,8,2.0
0.9929322,True,3,3,-2.0
0.63771814,False,0,9,4.0
0.84461915,True,9,9,-2.0
0.78263915,False,5,3,-6.0
0.56713957,False,8,7,-6.0
0.6550157,True,1,1,8.0
0.57941294,False,10,1,14.0
0.5654423,False,10,1,-2.0
0.58070666,True,9,9,-4.0
0.99212813,True,5,5,4.0
0.99177283,True,6,6,10.0
0.9904227,True,7,7,8.0
0.6362063,False,10,1,-2.0
0.9925943,True,6,6,14.0
0.9913976,True,0,0,4.0
0.9915896,True,10,10,10.0
0.9934238,True,7,7,-6.0
0.40545776,True,0,0,-4.0
0.96417147,True,8,8,18.0
0.99103045,True,7,7,16.0
0.99127614,True,5,5,14.0
0.99217176,True,9,9,12.0
0.9930167,True,5,5,16.0
0.9935341,True,8,8,-2.0
0.94860846,True,2,2,14.0
0.9920868,True,10,10,8.0
0.9855251,True,8,8,-4.0
0.9904095,True,3,3,6.0
0.98994046,True,4,4,12.0
0.5739546,True,1,1,14.0
0.9518196,True,2,2,14.0
0.93021697,True,2,2,0.0
0.99277836,True,9,9,8.0
0.99588555,True,5,5,2.0
0.9908592,True,6,6,-2.0
0.62735665,True,1,1,2.0
0.9924528,True,6,6,-6.0
0.9935129,True,9,9,14.0
0.65478265,True,1,1,-4.0
0.9891502,True,0,0,10.0
0.99149114,True,6,6,10.0
0.5460981,True,1,1,2.0
0.9247909,True,2,2,16.0
0.99150133,True,3,3,0.0
0.9693663,True,7,7,2.0
0.87566334,True,8,8,-6.0
0.9928852,True,9,9,8.0
0.9899262,True,0,0,0.0
0.8602932,False,9,4,-6.0
0.99014366,True,8,8,16.0
0.9932382,True,9,9,16.0
0.99408877,True,9,9,18.0
0.5571273,False,10,1,18.0
0.401927,False,4,9,-4.0
0.85953045,True,2,2,2.0
0.9946075,True,3,3,6.0
0.9921908,True,8,8,-4.0
0.71886975,True,1,1,14.0
0.7944407,True,5,5,2.0
0.9907991,True,8,8,8.0
0.51171887,True,9,9,-6.0
0.6319521,True,1,1,16.0
0.95278436,True,1,1,14.0
0.9333715,True,3,3,-4.0
0.9916557,True,7,7,0.0
0.79582196,True,1,1,12.0
0.6355659,False,0,5,-6.0
0.76816195,True,1,1,12.0
0.69566905,True,1,1,6.0
0.40707865,False,9,0,-6.0
0.99228454,True,6,6,8.0
0.99061793,True,3,3,18.0
0.99314463,True,4,4,-2.0
0.9889703,True,7,7,2.0
0.53393984,True,1,1,-2.0
0.9163333,True,2,2,-6.0
0.9909814,True,6,6,14.0
0.9895331,True,0,0,4.0
0.994692,True,4,4,-2.0
0.96825075,True,2,2,10.0
0.9916168,True,8,8,8.0
0.7211537,True,10,10,2.0
0.99414355,True,3,3,0.0
0.9930315,True,9,9,12.0
0.5407592,True,0,0,0.0
0.55637693,True,1,1,2.0
0.990622,True,4,4,18.0
0.99007154,True,6,6,-4.0
0.92453486,True,2,2,18.0
0.9946067,True,5,5,18.0
0.9932927,True,9,9,0.0
0.9930582,True,9,9,6.0
0.99007285,True,6,6,-6.0
0.36045334,False,4,2,-6.0
0.9493913,True,2,2,8.0
0.9959644,True,10,10,6.0
0.99177086,True,5,5,10.0
0.9693876,True,2,2,-2.0
0.7107648,True,1,1,-2.0
0.9942879,True,3,3,0.0
0.9494376,True,2,2,-4.0
0.98397255,True,0,0,2.0
0.9916409,True,6,6,10.0
0.99274457,True,3,3,8.0
0.99153066,True,4,4,18.0
0.9884222,True,8,8,16.0
0.9906825,True,3,3,2.0
0.9908646,True,3,3,6.0
0.99175173,True,9,9,4.0
0.99141157,True,8,8,12.0
0.5421915,True,1,1,-6.0
0.99261355,True,3,3,10.0
0.9902575,True,3,3,0.0
0.992769,True,0,0,16.0
0.7177607,True,1,1,16.0
0.98918146,True,4,4,18.0
0.99325365,True,9,9,10.0
0.9914044,True,7,7,-6.0
0.9933836,True,9,9,18.0
0.9916992,True,3,3,6.0
0.56852424,True,1,1,6.0
0.99335396,True,9,9,8.0
0.99178547,True,5,5,6.0
0.7042563,True,9,9,-4.0
0.9912515,True,6,6,16.0
0.63509244,True,10,10,-6.0
0.99099964,True,7,7,16.0
0.990497,True,3,3,18.0
0.9739851,True,2,2,12.0
0.9923274,True,6,6,18.0
0.744262,True,1,1,12.0
0.99443465,True,10,10,6.0
0.99111557,True,3,3,12.0
0.993192,True,3,3,2.0
0.38204947,False,9,3,-6.0
0.9924826,True,8,8,14.0
0.99098116,True,4,4,18.0
0.973963,True,3,3,-4.0
0.8063908,False,0,4,-6.0
0.8189456,True,7,7,-4.0
0.9932868,True,5,5,2.0
0.99188083,True,4,4,10.0
0.951135,True,2,2,-2.0
0.9915946,True,7,7,6.0
0.99088764,True,7,7,2.0
0.9837233,True,7,7,-4.0
0.99124134,True,9,9,18.0
0.990961,True,3,3,16.0
0.9905979,True,9,9,6.0
0.93337524,True,2,2,16.0
0.5955052,False,3,9,-2.0
0.56696486,True,1,1,14.0
0.99087924,True,4,4,16.0
0.42534322,False,9,0,-6.0
0.9914643,True,5,5,12.0
0.97558117,True,7,7,-2.0
0.9639914,True,7,7,-2.0
0.9912656,True,4,4,10.0
0.4368817,False,0,3,-4.0
0.9860723,True,7,7,6.0
0.8384042,True,9,9,-6.0
0.97460294,True,7,7,-6.0
0.9253206,True,2,2,14.0
0.5725597,False,10,1,10.0
0.97712713,True,2,2,2.0
0.9915529,True,0,0,16.0
0.6775299,True,1,1,8.0
0.9660819,True,10,10,4.0
0.9913385,True,9,9,16.0
0.9801645,True,7,7,18.0
0.9924803,True,0,0,6.0
0.9929012,True,0,0,18.0
0.99120164,True,5,5,12.0
0.9924414,True,6,6,18.0
0.9344798,True,5,5,-2.0
0.976226,True,3,3,-4.0
0.99151915,True,5,5,18.0
0.9920533,True,0,0,0.0
0.9943441,True,4,4,-2.0
0.6468931,True,1,1,18.0
0.9922059,True,4,4,0.0
0.99203146,True,0,0,14.0
0.99025154,True,0,0,4.0
0.5781893,True,1,1,16.0
0.9917286,True,8,8,12.0
0.99147296,True,5,5,6.0
0.9903222,True,5,5,12.0
0.68618727,True,8,8,-2.0
0.9911328,True,6,6,14.0
0.9925418,True,9,9,8.0
0.97087955,False,5,2,-6.0
0.9893579,True,8,8,8.0
0.59835726,True,1,1,6.0
0.9901754,True,3,3,14.0
0.99206245,True,0,0,14.0
0.69219357,False,10,1,8.0
0.99232304,True,6,6,2.0
0.99170625,True,3,3,12.0
0.6405032,True,1,1,-2.0
0.9929051,True,5,5,14.0
0.59385175,True,1,1,-2.0
0.990655,True,8,8,2.0
0.5695141,False,10,1,6.0
0.9156138,True,2,2,-4.0
0.937355,True,2,2,2.0
0.6108257,True,6,6,-6.0
0.99073833,True,4,4,8.0
0.6248943,True,0,0,-4.0
0.96858627,False,6,3,10.0
0.41196024,False,0,9,-4.0
0.992566,True,5,5,14.0
0.99001265,True,0,0,12.0
0.97311944,True,4,4,-4.0
0.9934145,True,3,3,2.0
0.9631604,True,2,2,0.0
0.5552695,False,10,1,0.0
0.9900782,True,4,4,18.0
0.99219245,True,8,8,10.0
0.985551,True,6,6,16.0
0.99229324,True,7,7,10.0
0.9933349,True,5,5,16.0
0.9453977,True,7,7,2.0
0.57083416,False,10,1,8.0
0.9235495,False,0,2,4.0
0.9904891,True,0,0,12.0
0.9924353,True,8,8,2.0
0.99148977,True,4,4,12.0
0.9600174,True,10,10,0.0
0.98730844,True,7,7,16.0
0.990862,True,0,0,8.0
0.9917611,True,6,6,-4.0
0.6124758,False,10,1,18.0
0.9909321,True,6,6,16.0
0.9934517,True,8,8,18.0
0.9274137,True,2,2,12.0
0.6809026,False,0,9,-4.0
0.99443805,True,3,3,-4.0
0.5675846,False,6,3,-6.0
0.56948954,False,10,1,18.0
0.9919704,True,6,6,-2.0
0.99185365,True,3,3,6.0
0.86036766,False,1,2,-6.0
0.99129546,True,7,7,14.0
0.9655117,True,2,2,12.0
0.99221236,True,8,8,0.0
0.98757917,True,5,5,0.0
0.99294406,True,5,5,18.0
0.9887326,True,7,7,0.0
0.9909033,True,3,3,18.0
0.9918317,True,9,9,14.0
0.9905551,True,4,4,10.0
0.9554172,True,2,2,18.0
0.99323046,True,8,8,4.0
0.6323851,True,1,1,-4.0
0.86157113,True,7,7,-2.0
0.9943018,True,6,6,4.0
0.9713434,True,5,5,-2.0
0.9934481,True,10,10,6.0
0.6515332,True,1,1,0.0
0.40321475,False,0,4,-4.0
0.9940347,True,10,10,6.0
0.9925605,True,9,9,16.0
0.72636276,False,0,9,-4.0
0.9902851,True,4,4,10.0
0.9917293,True,8,8,8.0
0.9026705,True,5,5,0.0
0.9911985,True,3,3,12.0
0.94669795,True,2,2,18.0
0.6795498,False,10,5,-4.0
0.9910658,True,8,8,6.0
0.95949197,True,0,0,0.0
0.99139905,True,7,7,4.0
0.8809611,True,10,10,4.0
0.9919133,True,5,5,18.0
0.9867286,True,10,10,16.0
0.9882726,True,10,10,18.0
0.9919911,True,6,6,0.0
0.6635389,True,1,1,-6.0
0.9950546,True,3,3,-2.0
0.991947,True,3,3,0.0
0.989815,True,3,3,0.0
0.9926928,True,9,9,12.0
0.99134994,True,7,7,12.0
0.9902418,True,4,4,16.0
0.9906998,True,7,7,18.0
0.99252677,True,5,5,8.0
0.97075707,True,8,8,0.0
0.9908965,True,3,3,10.0
0.9907555,True,7,7,4.0
0.9905081,True,8,8,10.0
0.98694485,True,5,5,2.0
0.99127793,True,7,7,18.0
0.9907963,True,0,0,8.0
0.9906658,True,4,4,6.0
0.3228566,False,9,8,4.0
0.6867899,True,0,0,-4.0
0.9617248,False,3,2,14.0
0.7472822,True,4,4,-6.0
0.99167186,True,5,5,12.0
0.57623416,False,10,1,16.0
0.9913966,True,8,8,2.0
0.9926432,True,7,7,-6.0
0.9874029,True,3,3,-4.0
0.9922084,True,8,8,10.0
0.9909416,True,3,3,16.0
0.98823315,True,5,5,8.0
0.993331,True,8,8,0.0
0.9918059,True,9,9,16.0
0.9918181,True,7,7,16.0
0.9895628,True,6,6,-4.0
0.97035235,True,4,4,-4.0
0.9913406,True,9,9,18.0
0.9900468,True,7,7,16.0
0.9892106,True,7,7,0.0
0.3918293,False,2,9,12.0
0.9781552,True,7,7,0.0
0.9913653,True,7,7,12.0
0.9482414,True,2,2,18.0
0.99069995,True,4,4,2.0
0.99181515,True,5,5,4.0
0.9909729,True,7,7,0.0
0.9912909,True,6,6,12.0
0.991915,True,3,3,18.0
0.8375886,True,3,3,-2.0
0.4920203,True,1,1,-4.0
0.9918544,True,0,0,14.0
0.990337,True,7,7,12.0
0.9910396,True,6,6,14.0
0.990531,True,4,4,6.0
0.6156919,True,0,0,-6.0
0.52629197,True,0,0,-4.0
0.9915434,True,6,6,8.0
0.991401,True,8,8,14.0
0.99323326,True,5,5,16.0
0.9914643,True,0,0,18.0
0.98450214,True,7,7,-6.0
0.9873554,True,7,7,-2.0
0.9922382,True,4,4,6.0
0.9949137,True,5,5,0.0
0.97359097,True,8,8,8.0
0.9914375,True,8,8,4.0
0.9906998,True,8,8,16.0
0.99027526,True,6,6,0.0
0.9629046,True,2,2,-6.0
0.9907019,True,4,4,6.0
0.5214056,True,9,9,0.0
0.99290574,True,3,3,6.0
0.9928033,True,4,4,8.0
0.9927464,True,0,0,10.0
0.99267393,True,8,8,2.0
0.9919767,True,6,6,8.0
0.8910384,False,1,10,-4.0
0.9806661,True,8,8,18.0
0.99192375,True,5,5,8.0
0.9960253,True,3,3,8.0
0.9251049,True,7,7,-4.0
0.5635009,True,1,1,16.0
0.9918401,True,3,3,8.0
0.9932192,True,5,5,12.0
0.9921462,True,9,9,8.0
0.98882127,True,8,8,-4.0
0.96105015,True,3,3,-4.0
0.9723626,True,2,2,-2.0
0.99351996,True,9,9,18.0
0.9926818,True,7,7,6.0
0.98485917,True,10,10,12.0
0.99222857,True,8,8,12.0
0.99244225,True,9,9,2.0
0.994073,True,9,9,16.0
0.9918772,True,7,7,2.0
0.9930801,True,4,4,12.0
0.99216354,True,8,8,18.0
0.9925746,True,9,9,0.0
0.9910745,True,9,9,2.0
0.9895858,True,8,8,4.0
0.9931179,True,6,6,-2.0
0.99102634,True,9,9,2.0
0.9920787,True,0,0,10.0
0.95671064,True,2,2,2.0
0.97070193,True,2,2,-6.0
0.58326,False,10,1,10.0
0.9916014,True,6,6,6.0
0.9947983,True,5,5,16.0
0.9908173,True,6,6,4.0
0.9922678,True,6,6,14.0
0.98388207,True,7,7,4.0
0.99117416,True,6,6,10.0
0.9505609,True,2,2,16.0
0.9914334,True,6,6,0.0
0.95814025,True,1,1,14.0
0.9720124,True,5,5,2.0
0.99383116,True,3,3,6.0
0.54602385,False,10,1,8.0
0.5818654,True,9,9,-2.0
0.9435806,True,2,2,0.0
0.9929461,True,4,4,8.0
0.9127038,True,2,2,0.0
0.99377173,True,10,10,8.0
0.98889446,True,4,4,18.0
0.8479525,True,5,5,0.0
0.9682008,False,6,3,-6.0
0.9948855,True,5,5,14.0
0.9946616,True,10,10,12.0
0.99185526,True,3,3,6.0
0.9918784,True,8,8,18.0
0.9815414,True,8,8,-6.0
0.9925978,True,7,7,14.0
0.57135206,True,1,1,12.0
0.9914726,True,5,5,18.0
0.5618905,True,1,1,4.0
0.99078184,True,5,5,8.0
0.5699596,False,10,1,16.0
0.9480593,True,2,2,6.0
0.9901517,True,3,3,14.0
0.99142087,True,9,9,0.0
0.44736055,True,0,0,-4.0
0.98428476,True,7,7,6.0
0.99075705,True,8,8,12.0
0.9379494,True,2,2,6.0
0.9913988,True,8,8,4.0
0.5674062,True,1,1,18.0
0.36952412,False,4,9,-6.0
0.5805842,False,10,1,14.0
0.5936363,False,10,1,12.0
0.9261242,True,2,2,10.0
0.9911293,True,0,0,6.0
0.54393274,True,1,1,-6.0
0.9596218,False,7,8,14.0
0.9908584,True,9,9,16.0
0.9933143,True,10,10,8.0
0.89002854,True,2,2,2.0
0.68010056,True,6,6,-6.0
0.99096465,True,9,9,4.0
0.9065713,True,2,2,-6.0
0.99345464,True,9,9,14.0
0.99153554,True,8,8,8.0
0.5402623,False,10,1,0.0
0.8555959,True,3,3,-6.0
0.9622672,True,2,2,6.0
0.99100167,True,3,3,2.0
0.7187419,False,10,1,4.0
0.9911945,True,3,3,6.0
0.989972,True,0,0,10.0
0.9900546,True,3,3,14.0
0.9902596,True,0,0,12.0
0.9889042,False,8,7,-6.0
0.9153199,True,2,2,12.0
0.9933022,True,6,6,12.0
0.9351747,True,7,7,14.0
0.98012584,True,9,9,-2.0
0.9887199,True,4,4,16.0
0.9952572,True,4,4,-2.0
0.9922322,True,6,6,4.0
0.99189395,True,5,5,12.0
0.76706135,False,0,7,0.0
0.88065696,True,5,5,4.0
0.99211055,True,3,3,6.0
0.98457676,True,0,0,10.0
0.979884,True,9,9,-2.0
0.73852897,False,10,1,-2.0
0.9908405,True,9,9,4.0
0.9926576,True,3,3,2.0
0.99197257,True,4,4,8.0
0.6987414,False,10,1,-4.0
0.992955,True,8,8,14.0
0.99266595,True,6,6,-2.0
0.9913147,True,8,8,14.0
0.9902914,True,7,7,6.0
0.763969,True,1,1,18.0
0.5865132,False,10,1,4.0
0.8655339,False,8,2,-4.0
0.9904242,True,4,4,12.0
0.9921582,True,9,9,8.0
0.99227446,True,8,8,2.0
0.9948901,True,10,10,6.0
0.6562016,True,3,3,-4.0
0.5868172,False,10,1,10.0
0.21467307,False,5,2,-6.0
0.9595428,True,2,2,18.0
0.9925103,True,0,0,14.0
0.60270953,True,1,1,4.0
0.9912442,True,6,6,14.0
0.5638147,True,1,1,12.0
0.9909418,True,4,4,12.0
0.99359256,True,4,4,6.0
0.9925263,True,9,9,6.0
0.5521241,False,10,1,12.0
0.7213798,True,1,1,10.0
0.99127823,True,6,6,16.0
0.99246323,True,6,6,6.0
0.99134725,True,3,3,0.0
0.99089724,True,6,6,4.0
0.9909444,True,9,9,8.0
0.96984005,True,5,5,-6.0
0.9926764,True,4,4,0.0
0.46373662,False,0,9,-4.0
0.9761218,True,2,2,18.0
0.9928768,True,3,3,10.0
0.9008025,True,8,8,10.0
0.64751077,True,1,1,4.0
0.96809065,True,2,2,0.0
0.9900838,True,4,4,14.0
0.990413,True,4,4,16.0
0.56985044,True,1,1,12.0
0.98959243,True,8,8,0.0
0.99163145,True,4,4,2.0
0.9919704,True,7,7,14.0
0.99305737,True,5,5,16.0
0.9768844,True,2,2,10.0
0.9894385,True,4,4,12.0
0.99331737,True,4,4,12.0
0.82888156,True,0,0,-2.0
0.9891187,True,8,8,12.0
0.6528759,True,1,1,16.0
0.99367964,True,5,5,10.0
0.9924043,True,8,8,0.0
0.9450941,True,9,9,-2.0
0.5687747,False,10,1,2.0
0.991137,True,7,7,14.0
0.94651175,True,3,3,10.0
0.98946756,True,3,3,4.0
0.99166507,True,5,5,10.0
0.99284416,True,0,0,8.0
0.9417762,True,2,2,-2.0
0.99290097,True,9,9,8.0
0.6313673,False,10,1,2.0
0.6002874,True,1,1,2.0
0.8958174,True,2,2,4.0
0.8205696,True,0,0,-2.0
0.66608644,False,10,1,16.0
0.99127835,True,4,4,16.0
0.9889254,True,4,4,12.0
0.9924005,True,7,7,0.0
0.6029453,False,10,1,-2.0
0.987633,True,0,0,6.0
0.95540327,True,2,2,10.0
0.9913583,True,0,0,16.0
0.5556418,True,0,0,-6.0
0.51370263,False,9,0,-2.0
0.61282146,True,10,10,-6.0
0.99026555,True,4,4,8.0
0.99119145,True,3,3,18.0
0.95229495,True,2,2,16.0
0.99296427,True,9,9,18.0
0.41977102,False,9,0,-4.0
0.99386966,True,6,6,14.0
0.5887204,False,10,1,-4.0
0.98786247,True,7,7,4.0
0.65054524,True,1,1,12.0
0.9910585,True,0,0,12.0
0.99254084,True,6,6,14.0
0.990337,True,4,4,18.0
0.9910443,True,4,4,16.0
0.9915352,True,3,3,2.0
0.99113,True,7,7,12.0
0.849803,True,2,2,6.0
0.9480902,True,2,2,-4.0
0.6284351,False,10,1,-2.0
0.9934842,True,6,6,2.0
0.59865147,False,1,10,-6.0
0.9903454,True,8,8,8.0
0.6267109,True,1,1,-4.0
0.5882201,True,1,1,-6.0
0.57220185,False,10,1,16.0
0.7441481,False,9,0,-2.0
0.5922593,False,10,1,16.0
0.9915211,True,0,0,10.0
0.58187425,True,1,1,-4.0
0.9926757,True,0,0,8.0
0.99129033,True,4,4,6.0
0.9798519,True,10,10,0.0
0.99423695,True,8,8,-6.0
0.9686346,True,9,9,-4.0
0.740648,True,9,9,-4.0
0.99120516,True,9,9,2.0
0.9901661,True,4,4,4.0
0.6756836,True,1,1,10.0
0.986857,True,3,3,-4.0
0.9922678,True,8,8,2.0
0.99230266,True,0,0,4.0
0.84599817,True,1,1,-2.0
0.9896674,True,3,3,18.0
0.6143782,True,1,1,6.0
0.9916843,True,9,9,16.0
0.9940019,True,10,10,12.0
0.5749738,False,10,1,2.0
0.98954135,True,4,4,18.0
0.9946603,True,3,3,-2.0
0.990408,True,4,4,12.0
0.9926576,True,3,3,6.0
0.99435353,True,5,5,4.0
0.992529,True,6,6,-2.0
0.9933856,True,5,5,16.0
0.99085486,True,0,0,12.0
0.9906059,True,7,7,16.0
0.97580314,True,7,7,-4.0
0.8673555,True,2,2,4.0
0.9918777,True,8,8,0.0
0.70228016,True,1,1,8.0
0.9886331,True,7,7,2.0
0.9904557,True,0,0,4.0
0.99096465,True,6,6,16.0
0.9926173,True,6,6,2.0
0.9909251,True,4,4,14.0
0.9895398,True,8,8,-4.0
0.988509,True,8,8,12.0
0.9531442,True,2,2,-4.0
0.6324603,True,1,1,2.0
0.9938432,True,5,5,10.0
0.99302965,True,4,4,2.0
0.99123913,True,0,0,18.0
0.9952815,True,3,3,8.0
0.9913053,True,9,9,18.0
0.9870302,True,5,5,2.0
0.99097323,True,4,4,8.0
0.60874623,False,10,1,16.0
0.9383243,True,2,2,4.0
0.992023,True,4,4,2.0
0.85496604,False,7,0,-6.0
0.9906859,True,6,6,14.0
0.56790566,True,1,1,18.0
0.9920893,True,9,9,6.0
0.8074955,True,5,5,-2.0
0.9920901,True,5,5,14.0
0.991446,True,8,8,6.0
0.98800534,True,9,9,6.0
0.9914623,True,5,5,8.0
0.989589,True,0,0,18.0
0.98999816,True,4,4,16.0
0.99149925,True,0,0,16.0
0.9937065,True,9,9,18.0
0.990168,True,4,4,14.0
0.99233115,True,9,9,8.0
0.99067444,True,3,3,16.0
0.9913935,True,0,0,12.0
0.9913942,True,3,3,16.0
0.9923401,True,9,9,8.0
0.9468332,True,10,10,-2.0
0.9910124,True,9,9,6.0
0.9895438,True,4,4,8.0
0.87328655,True,3,3,-4.0
0.99124724,True,5,5,12.0
0.9938215,True,3,3,0.0
0.9938075,True,3,3,0.0
0.98698866,True,6,6,0.0
0.73331016,False,7,8,0.0
0.9898419,True,5,5,4.0
0.41844195,True,3,3,-6.0
0.9928179,True,5,5,2.0
0.9912617,True,4,4,12.0
0.9928685,True,0,0,10.0
0.99143654,True,4,4,18.0
0.99276567,True,4,4,4.0
0.94444335,True,2,2,-6.0
0.7744131,False,1,10,-6.0
0.5968813,True,7,7,0.0
0.9553698,True,2,2,4.0
0.99047405,True,3,3,12.0
0.9919293,True,9,9,8.0
0.9909685,True,0,0,18.0
0.9507804,True,2,2,18.0
0.99425054,True,8,8,-4.0
0.9224658,True,2,2,0.0
0.9919922,True,0,0,4.0
0.9933221,True,10,10,14.0
0.9914197,True,7,7,18.0
0.9764925,False,8,7,-4.0
0.99695456,True,5,5,18.0
0.99223,True,0,0,12.0
0.99165416,True,6,6,6.0
0.9929259,True,9,9,2.0
0.60545516,False,10,1,4.0
0.97214645,False,6,2,0.0
0.6504829,True,1,1,6.0
0.975726,True,0,0,-2.0
0.99082726,True,8,8,16.0
0.990892,True,4,4,16.0
0.7909287,False,9,0,-6.0
0.99336857,True,4,4,16.0
0.98494154,True,3,3,-2.0
0.59914446,True,1,1,14.0
0.9913599,True,0,0,18.0
0.98983455,True,3,3,6.0
0.9933503,True,8,8,0.0
0.98797077,True,5,5,0.0
0.98936695,True,7,7,14.0
0.89055115,True,2,2,-2.0
0.74009,True,10,10,0.0
0.579105,False,10,1,8.0
0.9919991,True,6,6,16.0
0.99330914,True,6,6,18.0
0.9912915,True,8,8,0.0
0.988943,True,3,3,0.0
0.7639779,True,9,9,-4.0
0.523427,False,9,0,-4.0
0.9928934,True,3,3,-2.0
0.8835401,True,1,1,16.0
0.99150074,True,0,0,10.0
0.8936984,True,2,2,-2.0
0.9933715,True,5,5,2.0
0.98856527,True,7,7,12.0
0.8812371,False,7,8,-4.0
0.99119383,True,6,6,0.0
0.9267097,True,2,2,2.0
0.9924118,True,6,6,18.0
0.9727773,True,5,5,-4.0
0.9939414,True,9,9,12.0
0.9913748,True,5,5,10.0
0.9908607,True,6,6,18.0
0.61413306,True,1,1,6.0
0.7196256,False,4,0,-2.0
0.99179864,True,7,7,0.0
0.99147975,True,6,6,6.0
0.9433655,True,2,2,4.0
0.590552,True,1,1,0.0
0.95252514,True,3,3,-6.0
0.63821864,False,10,1,-6.0
0.99101603,True,6,6,12.0
0.99313337,True,5,5,2.0
0.5705723,True,1,1,8.0
0.9919823,True,0,0,16.0
0.94394565,True,2,2,4.0
0.9915249,True,4,4,4.0
0.9408172,True,2,2,16.0
0.34460926,False,0,8,16.0
0.905124,True,2,2,8.0
0.5870907,True,0,0,-2.0
0.98889613,True,0,0,0.0
0.97138107,True,2,2,-6.0
0.99069864,True,7,7,10.0
0.9924468,True,0,0,8.0
0.99054456,True,4,4,12.0
0.98993415,True,0,0,2.0
0.99199766,True,7,7,4.0
0.59430087,True,0,0,-4.0
0.5779986,False,10,1,14.0
0.9906142,True,5,5,2.0
0.59334385,True,1,1,0.0
0.990568,True,6,6,-6.0
0.99139917,True,0,0,2.0
0.9953158,True,4,4,-2.0
0.9918513,True,7,7,12.0
0.9603031,True,5,5,-4.0
0.57196456,False,10,1,16.0
0.75861675,False,8,7,-6.0
0.99348056,True,8,8,-2.0
0.98984957,True,3,3,4.0
0.8247187,True,7,7,-4.0
0.9496814,True,5,5,-2.0
0.9936487,True,3,3,-2.0
0.9906605,True,7,7,8.0
0.7079374,False,10,1,-6.0
0.9912593,True,4,4,2.0
0.74598956,False,1,5,-6.0
0.99310935,True,6,6,0.0
0.9377378,True,2,2,14.0
0.96301633,True,2,2,-4.0
0.6050589,True,1,1,10.0
0.990476,True,7,7,4.0
0.9893,True,10,10,16.0
0.99192774,True,5,5,8.0
0.9917835,True,6,6,8.0
0.99145633,True,6,6,10.0
0.9840149,True,5,5,8.0
0.9927208,True,6,6,10.0
0.95869994,True,2,2,0.0
0.96237564,True,4,4,-2.0
0.98107713,True,10,10,4.0
0.99169534,True,0,0,12.0
0.54479843,True,1,1,0.0
0.9922923,True,8,8,6.0
0.5010878,True,9,9,-4.0
0.54671025,True,1,1,4.0
0.9902486,True,0,0,12.0
0.5676844,False,10,1,18.0
0.7010086,True,1,1,2.0
0.99127847,True,0,0,0.0
0.9614598,True,2,2,18.0
0.652631,False,10,1,0.0
0.8850667,False,0,7,-2.0
0.9937365,True,5,5,12.0
0.9299543,True,2,2,18.0
0.64202213,False,10,1,6.0
0.9937844,True,8,8,-4.0
0.65843004,True,1,1,0.0
0.48990667,False,3,0,-6.0
0.91762894,True,2,2,18.0
0.990422,True,6,6,4.0
0.9847921,True,6,6,-6.0
0.9936795,True,6,6,2.0
0.8161588,True,2,2,-2.0
0.99112684,True,8,8,-2.0
0.9912957,True,8,8,16.0
0.5892112,True,1,1,8.0
0.99212426,True,6,6,16.0
0.97553784,True,0,0,0.0
0.9828042,True,9,9,0.0
0.9900123,True,4,4,12.0
0.93168724,True,2,2,14.0
0.9932579,True,8,8,-2.0
0.9911116,True,10,10,6.0
0.7576359,True,1,1,-2.0
0.9899692,True,5,5,-4.0
0.8923998,True,2,2,18.0
0.952806,True,9,9,12.0
0.5196447,True,7,7,18.0
0.8603296,True,7,7,10.0
0.97108227,True,5,5,-6.0
0.99483407,True,7,7,-6.0
0.990914,True,3,3,12.0
0.648248,True,5,5,-6.0
0.9928243,True,10,10,16.0
0.993056,True,9,9,8.0
0.98913866,True,10,10,16.0
0.6950237,True,1,1,6.0
0.99215186,True,8,8,4.0
0.99214864,True,6,6,8.0
0.99245304,True,9,9,2.0
0.9499524,True,2,2,12.0
0.950407,True,2,2,16.0
0.9915844,True,6,6,2.0
0.9905928,True,8,8,8.0
0.94066197,True,3,3,2.0
0.6141039,False,10,1,2.0
0.89874554,True,2,2,-2.0
0.9924784,True,4,4,6.0
0.9916204,True,4,4,0.0
0.9915916,True,5,5,16.0
0.9919952,True,6,6,0.0
0.8455065,True,0,0,-2.0
0.9542861,True,7,7,-4.0
0.6383489,True,1,1,6.0
0.9737456,True,7,7,16.0
0.99220616,True,3,3,12.0
0.99104136,True,3,3,16.0
0.9917537,True,6,6,4.0
0.9678209,True,2,2,16.0
0.99208516,True,8,8,0.0
0.9931885,True,0,0,8.0
0.9388597,False,0,2,2.0
0.9926472,True,9,9,18.0
0.992529,True,9,9,16.0
0.99255604,True,6,6,16.0
0.99184895,True,3,3,4.0
0.9596228,True,4,4,-6.0
0.68254304,True,7,7,-2.0
0.5872953,True,1,1,8.0
0.9023556,True,0,0,-2.0
0.7512985,True,7,7,0.0
0.97748876,True,7,7,-2.0
0.708516,True,9,9,-4.0
0.9927483,True,9,9,12.0
0.9867958,True,7,7,-4.0
0.9915985,True,0,0,16.0
0.9909864,True,3,3,14.0
0.99289894,True,8,8,0.0
0.9465572,True,2,2,-6.0
0.9923281,True,9,9,4.0
0.6769428,False,9,0,-4.0
0.99104804,True,0,0,18.0
0.95353764,True,2,2,-6.0
0.9922287,True,0,0,14.0
0.9925137,True,9,9,10.0
0.6251532,True,1,1,-4.0
0.8302403,True,4,4,-6.0
0.9561245,True,2,2,2.0
0.99056643,True,4,4,4.0
0.9900662,True,9,9,0.0
0.63106334,True,1,1,10.0
0.60916483,False,10,1,4.0
0.41357118,True,9,9,-6.0
0.63900286,False,0,9,-4.0
0.99133205,True,6,6,18.0
0.9868107,True,3,3,-2.0
0.987363,True,7,7,0.0
0.59943616,True,1,1,10.0
0.9926388,True,9,9,10.0
0.9932848,True,9,9,10.0
0.9811063,True,5,5,0.0
0.99079907,True,0,0,8.0
0.62462556,True,1,1,18.0
0.99181443,True,8,8,0.0
0.9913884,True,9,9,6.0
0.99048364,True,9,9,2.0
0.9896652,True,7,7,6.0
0.9937354,True,3,3,16.0
0.9913061,True,3,3,18.0
0.99042964,True,3,3,16.0
0.5260016,False,1,10,0.0
0.9890247,True,3,3,10.0
0.990666,True,5,5,18.0
0.9415458,True,2,2,4.0
