dimension_1,dimension_2,class_index,class,snr_db
-60.767597,9.297595,10,WBFM,16.0
18.35502,-49.649025,7,QAM16,4.0
15.915289,-13.158168,9,QPSK,2.0
5.7780395,-17.69272,9,QPSK,10.0
26.852245,-35.69903,7,QAM16,-6.0
-29.59785,44.742485,10,WBFM,16.0
-58.053505,12.001034,10,WBFM,14.0
-39.38572,-13.433916,4,CPFSK,14.0
20.993153,-58.77194,7,QAM16,10.0
-13.649152,-12.219839,3,BPSK,12.0
44.07808,-20.464582,8,QAM64,14.0
-36.95749,-10.810632,4,CPFSK,14.0
-46.396095,14.786438,1,AM-DSB,8.0
26.043962,36.22025,2,AM-SSB,-4.0
32.51783,2.7892764,0,8PSK,0.0
-1.7792344,58.359905,5,GFSK,10.0
37.32659,6.0898623,7,QAM16,-4.0
51.86126,-24.018784,8,QAM64,16.0
-9.9922285,-2.1594696,3,BPSK,2.0
16.309519,-53.803654,7,QAM16,4.0
-45.369602,-11.564529,4,CPFSK,12.0
-5.4392576,5.2062593,3,BPSK,0.0
-32.136395,31.917353,10,WBFM,0.0
-52.46279,9.803244,1,AM-DSB,10.0
21.64396,27.158266,2,AM-SSB,14.0
37.728863,3.2336693,0,8PSK,2.0
38.678036,-22.867006,8,QAM64,-4.0
-6.255841,45.061195,5,GFSK,-2.0
-9.788049,-5.850188,3,BPSK,10.0
37.550854,-21.769749,8,QAM64,-6.0
-22.38966,-49.825397,6,PAM4,14.0
50.7885,-23.49431,8,QAM64,4.0
-17.89977,-51.162342,6,PAM4,8.0
-11.841649,-46.570404,6,PAM4,10.0
-9.589095,-34.9371,6,PAM4,-6.0
-13.803436,-2.3936398,3,BPSK,2.0
13.51275,-8.306223,9,QPSK,2.0
37.575287,-22.763954,8,QAM64,-6.0
33.08199,31.797205,2,AM-SSB,8.0
8.570631,-15.891135,9,QPSK,10.0
-44.921394,-10.607335,4,CPFSK,8.0
19.339493,-46.15579,7,QAM16,14.0
-44.342033,-16.77341,4,CPFSK,16.0
15.823441,3.0880883,9,QPSK,-2.0
-67.498566,2.2382603,10,WBFM,16.0
-22.071894,-44.721603,6,PAM4,8.0
-47.555668,12.8990135,10,WBFM,8.0
15.695155,-53.484722,7,QAM16,6.0
-10.49152,-33.674507,6,PAM4,-4.0
40.216793,-31.383524,8,QAM64,14.0
-28.722586,45.674232,10,WBFM,18.0
45.757812,-23.178957,8,QAM64,14.0
-25.985424,21.31223,1,AM-DSB,-4.0
-7.164185,58.599705,5,GFSK,8.0
17.24044,-54.38626,7,QAM16,10.0
-48.86795,25.730265,1,AM-DSB,10.0
-9.7022505,-5.3530626,3,BPSK,10.0
-53.452347,30.762331,1,AM-DSB,16.0
1.4458255,57.060467,5,GFSK,14.0
-11.51146,-33.70566,6,PAM4,-6.0
-3.8327234,41.496384,5,GFSK,-2.0
-20.92565,-55.179012,6,PAM4,4.0
-44.208046,-20.013788,4,CPFSK,16.0
-6.0463934,39.78559,0,8PSK,-4.0
-7.6917205,-5.623325,3,BPSK,10.0
-34.48975,20.121607,1,AM-DSB,0.0
-9.595126,-11.870867,3,BPSK,16.0
30.56262,30.02995,2,AM-SSB,-6.0
-5.2671566,57.602367,5,GFSK,2.0
-15.906974,-40.51358,6,PAM4,2.0
53.80094,-23.472742,8,QAM64,-2.0
29.12247,32.90474,2,AM-SSB,2.0
26.146574,-42.39912,7,QAM16,-4.0
-1.4850658,53.63834,5,GFSK,10.0
15.88256,23.715317,2,AM-SSB,12.0
-28.792778,-49.53803,6,PAM4,12.0
-25.956884,-48.799618,6,PAM4,14.0
-67.01923,2.8142605,10,WBFM,16.0
22.676195,-39.209904,7,QAM16,12.0
-41.937893,20.691946,1,AM-DSB,4.0
-6.7095,6.676389,3,BPSK,-2.0
-40.116844,-11.947475,4,CPFSK,4.0
-17.33554,-7.8902493,3,BPSK,2.0
-19.833614,-46.92875,6,PAM4,2.0
-30.059181,45.919376,10,WBFM,16.0
34.697544,-30.611315,8,QAM64,-4.0
-23.287327,-50.168453,6,PAM4,10.0
4.5211196,18.21721,4,CPFSK,-4.0
-61.269672,8.992915,10,WBFM,16.0
14.364988,-49.38173,7,QAM16,6.0
-4.0608177,4.697132,3,BPSK,-2.0
-47.794353,-15.095873,4,CPFSK,10.0
7.2187014,7.7736063,3,BPSK,-6.0
-26.649025,39.930855,5,GFSK,0.0
2.9578226,49.496212,5,GFSK,18.0
50.15824,3.877397,0,8PSK,18.0
1.2315689,16.586517,4,CPFSK,-4.0
-47.65179,19.962015,1,AM-DSB,8.0
-38.920425,-8.658271,4,CPFSK,14.0
-36.689518,-8.433384,4,CPFSK,14.0
-6.7875304,38.13993,5,GFSK,-4.0
-16.994236,-3.008735,3,BPSK,14.0
-48.944794,25.691282,1,AM-DSB,10.0
-39.438187,-9.312575,4,CPFSK,16.0
-6.8528533,-11.601274,3,BPSK,18.0
-0.25983816,18.196802,4,CPFSK,-4.0
-27.053234,46.675014,10,WBFM,12.0
19.947453,-54.997505,7,QAM16,12.0
-3.6625035,48.34629,5,GFSK,-2.0
-41.683872,-5.805136,4,CPFSK,4.0
52.160255,-26.113165,8,QAM64,2.0
19.102207,-56.674572,7,QAM16,18.0
-39.022053,27.817543,10,WBFM,0.0
9.926823,10.0346775,0,8PSK,-6.0
44.038525,5.4326015,0,8PSK,6.0
-42.35364,-17.557816,4,CPFSK,10.0
-25.13215,23.651527,10,WBFM,-4.0
34.292507,36.33458,2,AM-SSB,10.0
-3.5227494,39.788284,5,GFSK,-2.0
-40.434547,18.17029,1,AM-DSB,4.0
-31.706177,22.513489,1,AM-DSB,-2.0
-38.721542,-18.255966,4,CPFSK,18.0
-38.37482,16.454638,10,WBFM,2.0
-29.618832,39.060806,10,WBFM,4.0
-8.387701,-7.817048,3,BPSK,8.0
50.840263,-26.289993,8,QAM64,16.0
18.236929,30.464376,2,AM-SSB,-2.0
0.2507635,8.698783,3,BPSK,-6.0
-21.628166,24.987562,1,AM-DSB,-6.0
11.069457,9.968658,0,8PSK,-4.0
-0.82242835,48.67901,5,GFSK,4.0
25.821287,-48.57055,7,QAM16,-6.0
33.892597,37.9544,2,AM-SSB,6.0
49.137142,-22.456469,8,QAM64,12.0
-21.248545,-53.135098,6,PAM4,10.0
4.1426196,16.289787,9,QPSK,-6.0
6.6682534,-16.954275,9,QPSK,14.0
43.49265,-22.475195,8,QAM64,0.0
17.877264,-8.502348,0,8PSK,0.0
5.435182,54.8659,5,GFSK,6.0
46.8977,10.669478,0,8PSK,18.0
-55.182613,9.227244,1,AM-DSB,12.0
-39.125385,-11.310084,4,CPFSK,8.0
5.146426,49.727245,5,GFSK,12.0
-34.84918,-1.9151832,4,CPFSK,-2.0
-52.59271,29.814829,1,AM-DSB,14.0
-39.252995,-9.493233,4,CPFSK,14.0
27.856112,41.294884,2,AM-SSB,0.0
21.794088,-58.04401,7,QAM16,0.0
-42.808365,-12.05584,4,CPFSK,12.0
41.561802,4.295945,0,8PSK,6.0
16.266,-21.306639,9,QPSK,4.0
-46.74252,-11.71134,4,CPFSK,6.0
-11.6572895,-35.541573,6,PAM4,-4.0
-7.6716986,-3.6394386,3,BPSK,2.0
-41.65013,21.269897,1,AM-DSB,4.0
44.244083,-20.71426,8,QAM64,12.0
44.29268,-23.531725,8,QAM64,16.0
-9.029876,-8.981742,3,BPSK,18.0
-16.722612,-55.08257,6,PAM4,8.0
19.407087,-38.75715,7,QAM16,0.0
9.800584,-23.94703,9,QPSK,8.0
-38.953583,-17.173052,4,CPFSK,6.0
-21.031054,-45.513817,6,PAM4,12.0
-67.95518,3.112052,10,WBFM,18.0
6.7546067,51.21137,5,GFSK,12.0
36.274548,1.004845,0,8PSK,2.0
46.655384,3.9221895,0,8PSK,12.0
3.8580248,19.233137,4,CPFSK,-6.0
20.325771,28.43278,2,AM-SSB,2.0
4.832184,50.426178,5,GFSK,14.0
5.288799,10.190801,9,QPSK,-6.0
26.11865,-40.35161,7,QAM16,6.0
-1.9641911,2.5254376,3,BPSK,0.0
15.798554,-48.123497,7,QAM16,16.0
29.692383,37.54626,2,AM-SSB,8.0
-15.066937,-49.208405,6,PAM4,12.0
53.807564,-26.674677,8,QAM64,0.0
29.351097,28.052507,2,AM-SSB,12.0
-33.711697,19.905516,1,AM-DSB,2.0
16.649914,-18.346004,9,QPSK,4.0
-23.192867,-56.069637,6,PAM4,12.0
24.023699,30.524427,2,AM-SSB,2.0
3.225691,17.105408,2,AM-SSB,2.0
33.16169,4.075894,0,8PSK,0.0
20.383793,-57.483315,7,QAM16,0.0
-8.532438,-10.457016,3,BPSK,8.0
-42.482258,-3.0516932,4,CPFSK,2.0
50.732304,2.5106504,0,8PSK,8.0
49.813084,-26.206293,8,QAM64,12.0
5.8791084,17.342873,4,CPFSK,-6.0
-11.654366,36.776855,10,WBFM,-4.0
21.528688,-40.10132,7,QAM16,10.0
-13.464329,-37.593063,6,PAM4,-2.0
-11.425966,-4.304777,3,BPSK,4.0
15.375712,-48.439808,7,QAM16,16.0
-58.43502,8.842832,10,WBFM,14.0
-39.902443,-8.720977,4,CPFSK,10.0
-39.467815,-9.160561,4,CPFSK,12.0
-19.73537,-49.80544,6,PAM4,18.0
-31.597149,37.658146,10,WBFM,6.0
42.497696,-21.442024,8,QAM64,4.0
37.95235,3.2506058,0,8PSK,2.0
-10.464207,-32.748207,6,PAM4,-6.0
54.25885,9.160394,0,8PSK,18.0
21.233196,-41.576786,7,QAM16,2.0
26.089571,26.153137,2,AM-SSB,-6.0
21.033205,-40.06619,7,QAM16,14.0
-24.996994,49.97774,10,WBFM,6.0
-21.710945,-48.136948,6,PAM4,10.0
-57.756947,9.094413,1,AM-DSB,14.0
17.45785,32.801956,2,AM-SSB,4.0
-30.063105,38.63019,10,WBFM,4.0
-13.045167,-13.458781,3,BPSK,6.0
-29.394537,39.305492,10,WBFM,4.0
15.205109,-8.394398,9,QPSK,2.0
30.679749,-39.979137,8,QAM64,-6.0
22.633821,33.734467,2,AM-SSB,18.0
33.64719,-36.134804,8,QAM64,-6.0
-49.635567,27.769999,1,AM-DSB,12.0
16.013721,-1.7618893,9,QPSK,-2.0
28.179647,32.158978,2,AM-SSB,-4.0
-59.861443,9.848912,1,AM-DSB,14.0
-6.5063596,48.289528,5,GFSK,4.0
21.41967,-42.582493,7,QAM16,8.0
-22.98304,-45.291893,6,PAM4,8.0
-20.349155,-50.26298,6,PAM4,12.0
28.399073,-45.432198,7,QAM16,-6.0
47.397144,-20.15659,8,QAM64,18.0
48.946865,-27.800823,8,QAM64,12.0
27.604948,39.577793,2,AM-SSB,18.0
32.605587,-35.920578,7,QAM16,-4.0
53.513504,-24.10074,8,QAM64,14.0
-12.534967,-46.288242,6,PAM4,14.0
38.48267,-24.006073,8,QAM64,-4.0
29.714975,37.69532,2,AM-SSB,-4.0
-23.615679,-50.088894,6,PAM4,12.0
-11.9768505,-1.4206725,3,BPSK,2.0
41.99609,-26.897276,8,QAM64,12.0
40.718105,-29.89004,8,QAM64,6.0
-4.936578,15.793615,4,CPFSK,-4.0
-28.72707,20.438044,1,AM-DSB,-2.0
-5.079321,46.946762,5,GFSK,4.0
-33.818916,-1.9828281,4,CPFSK,-2.0
-13.062976,-40.042072,6,PAM4,0.0
-65.88166,5.386869,1,AM-DSB,18.0
30.238039,38.768677,2,AM-SSB,0.0
-46.26597,13.939341,1,AM-DSB,8.0
50.19207,-24.981043,8,QAM64,2.0
2.0783532,55.27228,5,GFSK,16.0
-8.771594,54.98558,5,GFSK,14.0
-43.030296,-5.622467,4,CPFSK,6.0
-23.219385,-46.098087,6,PAM4,10.0
-40.209682,19.587706,10,WBFM,4.0
43.45138,-25.995188,8,QAM64,-2.0
-8.090884,46.80194,5,GFSK,2.0
44.557487,-21.952278,8,QAM64,6.0
10.830488,4.3888774,6,PAM4,-6.0
-14.449837,-11.670701,3,BPSK,18.0
-25.69716,-47.071808,6,PAM4,10.0
-11.414406,-8.936801,3,BPSK,18.0
45.9423,12.768392,0,8PSK,16.0
8.818555,-12.703354,9,QPSK,6.0
19.555159,-38.733356,7,QAM16,8.0
-25.38026,-49.242165,6,PAM4,16.0
-0.21550307,59.55038,5,GFSK,18.0
-7.007651,41.54738,5,GFSK,-6.0
-48.175644,20.55535,1,AM-DSB,8.0
13.503765,-19.5247,9,QPSK,10.0
44.50633,-19.838593,8,QAM64,8.0
-13.815089,-40.710144,6,PAM4,0.0
-19.135565,-46.871597,6,PAM4,16.0
-50.24162,19.398907,1,AM-DSB,10.0
22.56816,41.504986,2,AM-SSB,4.0
-14.30515,-13.879141,3,BPSK,10.0
25.30112,-54.47315,7,QAM16,18.0
-12.68721,-14.287147,3,BPSK,10.0
25.63932,27.467152,2,AM-SSB,4.0
-31.952639,28.904472,1,AM-DSB,-2.0
54.18144,-26.827698,8,QAM64,4.0
13.387957,-13.251096,9,QPSK,8.0
4.154868,14.578515,0,8PSK,-4.0
-32.810524,-5.9896054,4,CPFSK,-2.0
52.595802,-22.434744,8,QAM64,14.0
-28.380062,20.491905,1,AM-DSB,-2.0
25.910803,-40.7546,7,QAM16,-2.0
-9.1115465,-4.311087,3,BPSK,4.0
-17.081038,-53.496845,6,PAM4,14.0
-1.6417489,49.872215,5,GFSK,6.0
-37.507973,-2.8528862,4,CPFSK,4.0
-41.55838,24.669178,1,AM-DSB,6.0
-18.330782,-43.934525,6,PAM4,10.0
29.050907,42.089184,2,AM-SSB,4.0
-46.886753,13.367192,10,WBFM,8.0
21.79703,-43.742313,7,QAM16,6.0
-24.494349,49.255623,10,WBFM,6.0
-32.80351,-14.712522,4,CPFSK,-4.0
-49.4839,22.719501,1,AM-DSB,10.0
-59.437756,8.272606,10,WBFM,14.0
23.567173,38.83064,2,AM-SSB,-6.0
14.411624,-19.688704,9,QPSK,10.0
49.857525,6.540294,0,8PSK,16.0
-0.14191598,1.055918,3,BPSK,-6.0
51.565403,-27.42465,8,QAM64,2.0
-3.5056477,47.953453,5,GFSK,0.0
3.219552,62.108376,5,GFSK,-4.0
50.927643,7.2770867,0,8PSK,18.0
-5.835905,-4.6214476,3,BPSK,0.0
-34.751873,18.68906,10,WBFM,0.0
-38.70658,-15.420346,4,CPFSK,10.0
-39.884235,15.56427,1,AM-DSB,4.0
37.94838,-32.841396,8,QAM64,16.0
24.023796,41.904034,2,AM-SSB,6.0
17.969576,-47.245407,7,QAM16,8.0
-8.676798,38.312134,5,GFSK,-6.0
-6.8089433,50.350338,5,GFSK,8.0
46.650066,6.2722483,0,8PSK,18.0
-42.920532,-13.359814,4,CPFSK,10.0
2.2936597,6.107688,3,BPSK,-6.0
54.580368,-21.183619,8,QAM64,-2.0
-7.089369,51.30912,5,GFSK,14.0
-52.359196,14.554644,10,WBFM,10.0
21.008978,30.802458,2,AM-SSB,0.0
21.386244,40.511158,2,AM-SSB,-4.0
-22.156082,-39.516613,6,PAM4,-2.0
-43.849358,-11.34841,4,CPFSK,10.0
-2.8043256,43.61093,5,GFSK,-2.0
-5.8091826,2.4489257,3,BPSK,-2.0
31.921207,32.22586,2,AM-SSB,12.0
16.452028,-44.892387,7,QAM16,14.0
-5.194647,-11.54407,3,BPSK,2.0
9.959161,-16.981743,9,QPSK,10.0
29.641472,-39.931755,8,QAM64,18.0
31.774912,36.365597,2,AM-SSB,-6.0
54.696125,-24.85311,8,QAM64,4.0
-23.857185,-48.323044,6,PAM4,10.0
47.562283,1.7777399,0,8PSK,14.0
13.935194,-15.901489,9,QPSK,10.0
-16.667305,-2.6787755,3,BPSK,4.0
2.0061517,61.4441,5,GFSK,4.0
2.1180067,11.161446,3,BPSK,-6.0
-54.707756,9.24131,1,AM-DSB,12.0
-54.2758,19.672705,10,WBFM,14.0
-59.38175,11.416125,1,AM-DSB,16.0
40.47476,2.7987618,0,8PSK,4.0
-15.821662,-11.878893,3,BPSK,6.0
16.402853,5.8250933,0,8PSK,-2.0
44.694317,-22.21238,8,QAM64,4.0
-60.312286,15.134318,1,AM-DSB,18.0
31.077164,32.574917,2,AM-SSB,8.0
49.746872,9.31652,0,8PSK,14.0
10.832985,-17.711557,9,QPSK,10.0
-16.943357,-46.347992,6,PAM4,12.0
-24.179525,-47.735214,6,PAM4,18.0
43.72819,-24.411901,8,QAM64,12.0
22.447718,30.221354,2,AM-SSB,-2.0
14.01189,-6.72589,9,QPSK,2.0
1.6140317,50.203186,5,GFSK,12.0
-41.845802,27.043846,1,AM-DSB,4.0
-37.554222,-10.573348,4,CPFSK,14.0
-33.03194,-6.568128,4,CPFSK,-2.0
5.3910055,19.24837,0,8PSK,-6.0
21.73822,35.53017,2,AM-SSB,12.0
-40.021038,16.919918,10,WBFM,4.0
-32.847057,-2.3824377,4,CPFSK,-2.0
-6.3879943,56.097168,5,GFSK,4.0
10.598921,-23.76346,9,QPSK,10.0
-39.966404,-16.529583,4,CPFSK,6.0
17.08176,5.947308,7,QAM16,-6.0
-33.22712,-6.8539968,4,CPFSK,0.0
26.300114,-46.624702,7,QAM16,-6.0
-4.6494813,1.2947819,3,BPSK,-2.0
31.664536,31.519836,0,8PSK,-6.0
-14.530494,-48.902225,6,PAM4,16.0
-10.557328,-13.086027,3,BPSK,8.0
-9.982492,-8.730572,3,BPSK,12.0
-53.87782,12.417722,1,AM-DSB,12.0
5.7312126,16.295168,4,CPFSK,-6.0
-37.68954,-19.743174,4,CPFSK,14.0
-1.8481857,48.614258,5,GFSK,4.0
54.002583,6.8777876,0,8PSK,10.0
-38.635654,-9.229198,4,CPFSK,12.0
10.957977,-19.951334,9,QPSK,16.0
25.209599,28.561892,2,AM-SSB,4.0
20.918951,-59.031544,7,QAM16,6.0
23.702171,32.74627,2,AM-SSB,4.0
24.200226,-43.769283,7,QAM16,-2.0
-23.476236,-42.707172,6,PAM4,16.0
33.06907,1.7368602,0,8PSK,0.0
22.826075,33.826035,2,AM-SSB,12.0
11.641347,6.4270205,9,QPSK,-6.0
29.752281,34.35482,2,AM-SSB,-6.0
-41.990665,19.039175,10,WBFM,6.0
5.877587,52.77354,5,GFSK,18.0
18.715128,-53.200977,7,QAM16,6.0
-14.118742,-37.26554,6,PAM4,-4.0
42.103413,4.508044,0,8PSK,4.0
-60.206924,15.682391,10,WBFM,18.0
23.792904,39.107967,2,AM-SSB,-6.0
-42.2559,26.826841,10,WBFM,6.0
35.970474,35.23566,2,AM-SSB,0.0
6.1652327,15.128304,9,QPSK,-4.0
12.968589,-9.786956,9,QPSK,4.0
13.657588,-16.89881,9,QPSK,12.0
-16.743414,-4.7439632,3,BPSK,10.0
34.883717,-30.850973,7,QAM16,-2.0
-40.87195,22.013525,10,WBFM,4.0
31.346928,37.33849,2,AM-SSB,0.0
-50.98398,10.477608,10,WBFM,10.0
-3.185036,38.00042,5,GFSK,-6.0
-25.52995,-45.984386,6,PAM4,12.0
16.221355,-50.78768,7,QAM16,4.0
-65.939224,5.300682,10,WBFM,18.0
25.7391,-34.0373,7,QAM16,-6.0
-28.62546,39.79933,10,WBFM,2.0
14.094244,-11.209231,9,QPSK,2.0
6.7879844,10.028939,9,QPSK,-6.0
27.723228,34.107616,2,AM-SSB,10.0
-20.997782,-45.680775,6,PAM4,6.0
-11.245823,-6.2717085,3,BPSK,6.0
7.852537,-20.836721,9,QPSK,14.0
-39.456833,-7.8735204,4,CPFSK,14.0
-24.651884,49.080402,10,WBFM,16.0
46.79533,-21.035608,8,QAM64,14.0
48.549458,-25.54668,8,QAM64,4.0
-29.78511,45.01661,10,WBFM,14.0
6.936386,-22.952066,9,QPSK,10.0
32.452675,3.7294774,0,8PSK,-2.0
13.749479,-18.781784,9,QPSK,8.0
0.16787384,15.44018,9,QPSK,-6.0
-20.377207,-38.567738,6,PAM4,-2.0
27.788363,44.46625,8,QAM64,16.0
29.885199,27.329939,2,AM-SSB,-2.0
-25.20372,25.175148,1,AM-DSB,-4.0
21.489805,38.835068,2,AM-SSB,4.0
-2.7996523,3.9932027,3,BPSK,-4.0
31.32434,-40.779358,8,QAM64,-6.0
-12.820278,-45.434788,6,PAM4,18.0
16.446323,2.5458982,0,8PSK,-2.0
-52.216343,16.848646,10,WBFM,10.0
8.001231,-21.829285,9,QPSK,16.0
-47.61203,12.337257,1,AM-DSB,8.0
-41.354897,18.651678,1,AM-DSB,4.0
27.54314,32.323975,2,AM-SSB,0.0
48.961487,-27.449415,8,QAM64,4.0
-25.654757,49.279785,10,WBFM,16.0
15.695076,-10.908327,9,QPSK,2.0
-39.12389,17.425255,1,AM-DSB,2.0
25.405043,39.081493,2,AM-SSB,6.0
-38.705746,-22.353848,4,CPFSK,14.0
12.8057575,-15.345314,9,QPSK,6.0
-44.756493,-18.952496,4,CPFSK,4.0
35.20536,35.7483,2,AM-SSB,4.0
-1.1350609,16.067158,4,CPFSK,-4.0
-18.137272,-56.697983,6,PAM4,4.0
-20.846176,-38.365776,6,PAM4,-2.0
2.3886359,56.54718,5,GFSK,10.0
-44.767178,-16.023256,4,CPFSK,18.0
40.442436,1.8587871,0,8PSK,2.0
-39.84365,23.607714,10,WBFM,2.0
-13.9874115,-2.3282487,3,BPSK,4.0
-46.37037,17.056234,10,WBFM,6.0
14.137023,-6.915894,9,QPSK,2.0
30.635695,34.89072,2,AM-SSB,-6.0
-32.90164,36.641773,10,WBFM,8.0
0.77579176,6.9975524,3,BPSK,-6.0
-52.596127,25.618143,1,AM-DSB,16.0
-22.30102,-43.92295,6,PAM4,10.0
-44.940857,19.817331,1,AM-DSB,6.0
26.027113,-40.36611,7,QAM16,-2.0
46.36164,7.4383006,0,8PSK,12.0
15.891158,8.296764,9,QPSK,-2.0
45.19929,3.518199,0,8PSK,6.0
-41.548656,-11.204796,4,CPFSK,10.0
-50.518566,21.86294,10,WBFM,12.0
-38.559483,-4.881698,4,CPFSK,16.0
24.235903,39.75628,2,AM-SSB,-4.0
-11.691706,-46.807613,6,PAM4,12.0
-25.74055,23.813303,10,WBFM,-6.0
-21.703962,-54.086163,6,PAM4,18.0
-44.26451,-4.845684,4,CPFSK,2.0
23.81144,37.596363,2,AM-SSB,10.0
26.493242,-55.442997,7,QAM16,12.0
-20.554174,-51.578907,6,PAM4,8.0
-55.24451,17.41043,10,WBFM,14.0
-38.71368,17.745165,1,AM-DSB,2.0
-1.899964,58.368027,5,GFSK,8.0
-11.30923,-33.268517,6,PAM4,-6.0
-49.578274,22.00304,1,AM-DSB,10.0
-7.7714686,49.630703,5,GFSK,-2.0
25.470734,-39.811123,7,QAM16,4.0
-1.7479585,-1.6534368,3,BPSK,-2.0
-23.728643,25.3352,10,WBFM,-6.0
10.535571,17.54513,0,8PSK,-6.0
35.364883,-39.611515,7,QAM16,4.0
15.344276,-6.8577976,9,QPSK,0.0
-47.968174,-9.309217,4,CPFSK,-2.0
26.359907,33.57222,2,AM-SSB,14.0
-38.48263,27.002619,10,WBFM,2.0
16.908829,3.4453905,0,8PSK,-2.0
16.730446,26.94974,2,AM-SSB,16.0
-32.917667,-7.2156105,4,CPFSK,0.0
-28.86992,-5.893188,4,CPFSK,-4.0
19.020746,-42.897633,7,QAM16,2.0
45.188084,7.9343123,0,8PSK,16.0
38.963898,-30.439096,8,QAM64,0.0
-8.940469,-13.885932,3,BPSK,16.0
-52.124676,28.62832,1,AM-DSB,18.0
-50.891045,11.131401,1,AM-DSB,10.0
-45.331573,-10.820524,4,CPFSK,6.0
36.548004,2.672046,0,8PSK,0.0
45.99471,-22.1397,8,QAM64,4.0
-49.222813,24.037886,10,WBFM,8.0
-30.54273,47.06187,3,BPSK,-6.0
-23.929361,49.02156,10,WBFM,16.0
-29.7971,-4.044767,4,CPFSK,-2.0
7.1812334,11.951508,3,BPSK,-6.0
39.093204,6.569908,0,8PSK,4.0
-27.9867,44.758015,10,WBFM,6.0
49.070724,-26.197449,8,QAM64,4.0
47.639687,-24.91473,8,QAM64,10.0
-47.777573,18.294876,1,AM-DSB,8.0
24.223637,25.570534,2,AM-SSB,6.0
23.015892,-52.17581,7,QAM16,0.0
-48.639587,27.233232,1,AM-DSB,10.0
16.45773,-49.31602,7,QAM16,14.0
50.77526,5.4195566,0,8PSK,8.0
-46.362946,-19.154613,4,CPFSK,0.0
33.823444,-37.35294,8,QAM64,-6.0
-10.25947,-6.203746,3,BPSK,14.0
-42.27469,25.986422,1,AM-DSB,6.0
50.390873,9.975114,0,8PSK,14.0
-11.187001,-37.692528,6,PAM4,-2.0
-32.70465,40.020683,10,WBFM,16.0
46.38422,-20.367504,8,QAM64,2.0
-13.773939,-37.601097,6,PAM4,-2.0
-54.80424,9.277412,10,WBFM,12.0
21.358725,-49.597836,7,QAM16,0.0
1.9875978,61.407967,5,GFSK,0.0
21.497145,-52.103786,7,QAM16,8.0
33.630848,40.387333,2,AM-SSB,-6.0
18.722446,-48.31538,7,QAM16,18.0
5.4962745,14.083284,4,CPFSK,-6.0
32.685505,3.0052073,9,QPSK,-2.0
15.702369,-52.54675,7,QAM16,18.0
4.6260324,9.084329,0,8PSK,-6.0
-28.942917,21.455244,10,WBFM,-4.0
-23.893616,24.91058,10,WBFM,-4.0
-43.062897,23.67193,1,AM-DSB,4.0
14.356744,4.4882874,9,QPSK,-4.0
35.481983,-39.475708,8,QAM64,16.0
2.2083778,7.3926597,3,BPSK,-6.0
-36.761005,24.505327,1,AM-DSB,0.0
52.38095,-20.400866,8,QAM64,18.0
22.599817,-41.116493,7,QAM16,8.0
24.79741,39.280804,2,AM-SSB,4.0
-42.00731,-11.119516,4,CPFSK,10.0
14.357569,5.395805,0,8PSK,-4.0
44.588943,-27.857328,8,QAM64,-2.0
1.3488777,60.733273,5,GFSK,2.0
7.40032,-23.057741,9,QPSK,16.0
-1.5869735,50.143017,5,GFSK,6.0
44.111107,-21.506199,8,QAM64,12.0
-9.543509,-9.962959,3,BPSK,4.0
-13.029682,-49.218258,6,PAM4,12.0
-25.187855,20.369106,1,AM-DSB,-4.0
-40.20968,-6.73879,4,CPFSK,8.0
-16.584404,-3.9105406,3,BPSK,10.0
-37.739372,-13.60936,4,CPFSK,18.0
-25.070145,25.773466,1,AM-DSB,-2.0
30.789755,27.184921,2,AM-SSB,18.0
19.425117,-44.497456,7,QAM16,16.0
27.64978,38.5985,2,AM-SSB,18.0
-27.89818,26.681108,10,WBFM,-4.0
6.032509,48.84787,5,GFSK,6.0
5.859925,49.202106,5,GFSK,16.0
35.26222,-30.307596,8,QAM64,-6.0
-3.6294265,3.715665,3,BPSK,-4.0
38.538696,3.107612,0,8PSK,4.0
32.52579,39.51487,2,AM-SSB,-4.0
-44.85836,-8.832307,4,CPFSK,2.0
3.1763082,16.562849,2,AM-SSB,4.0
25.042036,-53.67273,7,QAM16,2.0
36.720146,36.124477,2,AM-SSB,-4.0
15.946267,27.152126,0,8PSK,-6.0
14.499487,-47.61008,7,QAM16,12.0
-16.243551,-45.993286,6,PAM4,16.0
-52.820477,25.590528,1,AM-DSB,18.0
29.951656,40.40942,2,AM-SSB,4.0
-42.118217,-9.150125,4,CPFSK,6.0
-59.75575,9.621382,10,WBFM,14.0
-38.402355,-13.949461,4,CPFSK,18.0
-4.0235877,5.6602197,3,BPSK,-4.0
-11.343025,-47.373676,6,PAM4,6.0
33.456287,-36.053165,7,QAM16,-2.0
20.1692,-45.438747,7,QAM16,6.0
-15.052965,-48.437195,6,PAM4,18.0
-30.92891,43.79106,10,WBFM,12.0
-24.606007,18.896273,10,WBFM,-4.0
-37.671337,-10.03685,4,CPFSK,14.0
9.159923,6.691507,0,8PSK,-4.0
35.781254,35.969055,7,QAM16,6.0
21.768213,-52.975533,7,QAM16,18.0
-31.072292,37.945847,10,WBFM,6.0
-7.5685105,-2.116458,3,BPSK,2.0
-31.420736,34.36584,10,WBFM,0.0
20.91864,26.970924,2,AM-SSB,-6.0
-27.962118,45.49164,10,WBFM,14.0
-3.127027,42.533688,5,GFSK,-4.0
-10.3567295,44.840534,10,WBFM,0.0
-0.9215242,58.712,5,GFSK,16.0
-15.581219,-49.828957,6,PAM4,2.0
43.377266,-22.453915,8,QAM64,14.0
25.5775,-35.459656,7,QAM16,-6.0
15.816256,-11.278575,9,QPSK,2.0
4.351585,54.106052,5,GFSK,8.0
7.201906,-13.592782,9,QPSK,10.0
37.385345,32.6229,2,AM-SSB,-6.0
13.517149,3.8044536,9,QPSK,-2.0
-42.61905,13.787822,1,AM-DSB,2.0
-41.291565,20.13627,10,WBFM,4.0
11.6694145,-21.65039,9,QPSK,12.0
28.310856,32.28379,2,AM-SSB,12.0
-4.596472,52.543827,5,GFSK,10.0
44.758305,-22.61054,8,QAM64,10.0
22.27819,-48.735462,7,QAM16,18.0
-51.444275,24.995508,1,AM-DSB,12.0
34.127243,-39.129036,7,QAM16,0.0
16.261896,-20.000502,9,QPSK,4.0
9.169638,-14.732575,9,QPSK,14.0
44.596573,1.9077438,0,8PSK,8.0
22.009186,35.30637,2,AM-SSB,2.0
-65.635796,5.707981,1,AM-DSB,18.0
-24.887619,29.921963,10,WBFM,-4.0
-21.201147,-40.517406,6,PAM4,0.0
30.844078,32.22822,2,AM-SSB,-4.0
47.9903,4.1736183,0,8PSK,18.0
45.58882,-30.107994,8,QAM64,14.0
-20.490898,-42.81587,6,PAM4,12.0
5.0913963,53.57412,5,GFSK,10.0
-11.286707,-9.22085,3,BPSK,12.0
37.44934,-29.663445,8,QAM64,-2.0
-2.0877829,37.354504,4,CPFSK,-6.0
-46.143383,-11.478232,4,CPFSK,6.0
-12.553146,-15.486663,3,BPSK,2.0
12.170953,-19.834988,9,QPSK,10.0
26.735792,28.644587,2,AM-SSB,0.0
-4.7948785,1.1651095,3,BPSK,-2.0
-54.82218,18.080862,10,WBFM,16.0
-29.221552,43.499676,10,WBFM,14.0
-21.846802,-42.90508,6,PAM4,18.0
20.577204,23.331783,2,AM-SSB,10.0
-49.739765,27.902752,1,AM-DSB,12.0
-67.85871,2.1878612,10,WBFM,18.0
16.276268,-46.004482,7,QAM16,6.0
-38.170334,-6.5616517,4,CPFSK,16.0
26.981247,-54.83371,7,QAM16,10.0
19.473179,24.098356,2,AM-SSB,-4.0
26.202766,34.198288,0,8PSK,-6.0
46.752205,4.831004,0,8PSK,16.0
19.452929,34.38569,2,AM-SSB,-2.0
6.1679645,11.329263,9,QPSK,-6.0
5.637309,-14.909506,9,QPSK,16.0
12.90172,5.034934,9,QPSK,-4.0
-5.225654,5.064586,3,BPSK,0.0
21.818045,-47.707905,7,QAM16,-2.0
18.717121,39.84019,2,AM-SSB,4.0
33.650513,3.7725425,0,8PSK,0.0
11.609404,8.156442,0,8PSK,-4.0
16.504274,-22.340614,9,QPSK,12.0
4.068668,20.705936,4,CPFSK,-4.0
14.112214,-6.467658,9,QPSK,2.0
51.303078,3.37526,0,8PSK,14.0
14.87286,26.552246,2,AM-SSB,16.0
-29.219774,45.23021,10,WBFM,18.0
-25.835976,19.360504,1,AM-DSB,-6.0
37.873093,-22.249632,8,QAM64,-4.0
-36.28947,-17.140602,4,CPFSK,0.0
20.460749,-43.091705,7,QAM16,14.0
22.917051,42.253986,2,AM-SSB,8.0
50.53526,-25.113913,8,QAM64,8.0
-10.151703,-13.299055,3,BPSK,12.0
27.62282,32.39988,2,AM-SSB,2.0
15.005502,-53.23608,7,QAM16,10.0
-34.885277,19.216156,10,WBFM,0.0
30.51229,29.744518,2,AM-SSB,10.0
-35.864708,-1.9164685,4,CPFSK,-2.0
-42.34482,27.89345,1,AM-DSB,6.0
-9.402286,39.00039,5,GFSK,-4.0
-7.2608385,50.397835,5,GFSK,6.0
24.622791,31.17566,2,AM-SSB,14.0
-25.175467,18.058844,10,WBFM,-6.0
44.057125,7.038756,0,8PSK,6.0
-51.296238,11.262788,10,WBFM,10.0
5.957126,16.45542,0,8PSK,-4.0
-0.4029763,15.827867,4,CPFSK,-4.0
-29.792553,44.64484,10,WBFM,12.0
49.910343,-21.972757,8,QAM64,12.0
43.882153,-30.711197,8,QAM64,18.0
-0.06925971,61.15506,5,GFSK,8.0
-44.22536,-14.874646,4,CPFSK,14.0
-26.800283,46.64111,10,WBFM,10.0
48.6449,-21.546335,8,QAM64,0.0
-27.416555,23.825342,10,WBFM,-4.0
32.501797,36.631912,2,AM-SSB,8.0
-24.528719,28.935244,10,WBFM,-2.0
20.11739,31.935034,2,AM-SSB,14.0
10.837011,-15.748801,9,QPSK,12.0
10.253362,-24.90901,9,QPSK,14.0
43.322124,1.5575523,0,8PSK,10.0
37.65755,-27.240002,8,QAM64,-4.0
-10.075403,-43.267925,6,PAM4,0.0
45.507698,12.121725,0,8PSK,16.0
-59.35818,8.61434,10,WBFM,14.0
-23.944412,22.684769,1,AM-DSB,-4.0
-48.199745,21.57972,10,WBFM,8.0
2.8484004,7.278197,0,8PSK,-4.0
53.95185,-28.677006,8,QAM64,0.0
42.219624,-0.13054362,0,8PSK,12.0
-10.651835,-11.768821,3,BPSK,8.0
2.9185672,59.996315,5,GFSK,4.0
-42.619648,-19.308031,4,CPFSK,4.0
-37.9238,19.041256,10,WBFM,0.0
-38.50001,22.761185,1,AM-DSB,2.0
-7.884012,38.665306,5,GFSK,-6.0
23.221771,23.788963,2,AM-SSB,-4.0
6.0633593,11.411253,3,BPSK,-6.0
-31.610773,30.130919,10,WBFM,-2.0
-37.248722,-10.62395,4,CPFSK,10.0
4.071647,55.026222,5,GFSK,6.0
20.926,40.543396,2,AM-SSB,18.0
27.558548,30.919432,2,AM-SSB,6.0
45.55302,5.037669,0,8PSK,14.0
51.722965,-20.24165,8,QAM64,4.0
50.717888,-18.227806,8,QAM64,16.0
-12.243094,-32.796482,6,PAM4,-4.0
-26.193295,46.65215,10,WBFM,6.0
0.47609648,60.23842,5,GFSK,10.0
36.755383,3.66822,0,8PSK,2.0
10.907347,-21.877975,9,QPSK,18.0
15.401786,-48.17565,7,QAM16,8.0
22.785543,33.686497,2,AM-SSB,0.0
-3.7218611,46.71933,5,GFSK,2.0
-28.632696,22.194231,10,WBFM,-2.0
-60.87826,8.204081,1,AM-DSB,16.0
32.101334,-34.753155,8,QAM64,-2.0
13.786974,4.8130283,9,QPSK,-4.0
33.83,-34.60746,8,QAM64,-6.0
33.026386,32.756107,2,AM-SSB,4.0
30.176449,39.289024,2,AM-SSB,2.0
48.93027,10.652244,0,8PSK,12.0
-7.1520057,41.786583,5,GFSK,-4.0
52.992123,-23.995882,8,QAM64,8.0
-55.48672,9.049037,1,AM-DSB,12.0
25.410912,-50.489666,7,QAM16,-4.0
-31.86808,32.445854,10,WBFM,0.0
-42.021214,-10.656655,4,CPFSK,4.0
-1.748138,3.496437,3,BPSK,-2.0
39.653004,-29.625988,8,QAM64,2.0
-23.840187,-56.297787,6,PAM4,2.0
-11.860085,-33.88448,6,PAM4,-4.0
25.96727,-54.616604,7,QAM16,6.0
35.058678,3.7686188,0,8PSK,0.0
22.330753,36.614777,2,AM-SSB,-2.0
-39.141087,16.866812,10,WBFM,2.0
13.521473,-9.610067,9,QPSK,2.0
18.739706,-47.422485,7,QAM16,2.0
41.459034,5.005872,0,8PSK,4.0
51.93895,7.172398,0,8PSK,16.0
-41.54572,26.544106,1,AM-DSB,4.0
35.906494,-29.322538,8,QAM64,-6.0
31.281645,37.85974,2,AM-SSB,0.0
14.260222,1.3154266,7,QAM16,-6.0
-2.026325,1.2916027,3,BPSK,-2.0
-51.45943,22.428955,1,AM-DSB,12.0
-31.84994,33.09639,1,AM-DSB,0.0
-33.393463,35.898617,10,WBFM,-6.0
-28.709959,25.02069,1,AM-DSB,-2.0
-4.8407044,46.01646,5,GFSK,0.0
19.10627,-50.412235,7,QAM16,12.0
-6.885185,37.193718,9,QPSK,-6.0
-11.817682,-10.154724,3,BPSK,16.0
47.67322,8.637323,0,8PSK,8.0
-21.113688,-50.581684,6,PAM4,8.0
13.409486,6.081287,0,8PSK,-4.0
-15.269073,-5.580196,3,BPSK,16.0
2.256643,12.161609,3,BPSK,-6.0
-27.961168,38.603653,10,WBFM,0.0
14.036798,-18.611708,9,QPSK,14.0
49.773483,-22.897903,8,QAM64,6.0
12.821004,-23.410366,9,QPSK,16.0
18.598589,25.393053,2,AM-SSB,10.0
-0.04598252,5.969629,0,8PSK,-6.0
-42.930996,-18.547768,4,CPFSK,6.0
46.21134,-28.44737,8,QAM64,12.0
33.410427,-38.215393,7,QAM16,-2.0
21.500185,-39.952602,7,QAM16,14.0
2.8679886,13.624831,4,CPFSK,-6.0
-26.961884,39.09211,10,WBFM,-2.0
-41.73885,-17.139751,4,CPFSK,6.0
15.419748,2.1618686,9,QPSK,-2.0
14.120437,33.23293,2,AM-SSB,18.0
-6.3987656,-11.003934,3,BPSK,12.0
-52.20306,11.732141,10,WBFM,10.0
12.941399,-25.309723,9,QPSK,18.0
3.0750446,15.791842,4,CPFSK,-4.0
-43.084965,-18.50926,4,CPFSK,6.0
-59.20418,11.540885,10,WBFM,16.0
-41.706757,-14.585508,4,CPFSK,6.0
16.35716,-43.976166,7,QAM16,6.0
54.131203,6.0325327,0,8PSK,18.0
5.364175,6.2154193,9,QPSK,-4.0
-21.952059,-52.07107,6,PAM4,14.0
16.91954,2.0765867,9,QPSK,-2.0
9.274702,-15.093359,9,QPSK,14.0
28.3242,32.313286,2,AM-SSB,18.0
-12.2967615,-36.731213,6,PAM4,-4.0
-11.230156,-35.770145,6,PAM4,-4.0
-8.772887,-3.7814634,3,BPSK,4.0
29.050154,-43.969837,7,QAM16,-4.0
39.14615,-30.111158,8,QAM64,6.0
22.604733,-57.04138,7,QAM16,14.0
14.316995,-11.545381,9,QPSK,4.0
-30.237446,45.041927,10,WBFM,18.0
-47.24263,20.475286,1,AM-DSB,6.0
-33.02427,29.634508,1,AM-DSB,0.0
21.602842,-46.55156,7,QAM16,10.0
15.251625,-1.5005926,9,QPSK,-2.0
26.953161,31.538126,2,AM-SSB,2.0
-29.986475,44.800365,10,WBFM,16.0
-38.4296,-13.869648,4,CPFSK,16.0
33.156242,32.061058,2,AM-SSB,0.0
41.403076,0.71267235,0,8PSK,4.0
-0.41757295,56.213078,5,GFSK,18.0
7.757224,-17.419964,9,QPSK,18.0
-25.850138,48.971954,10,WBFM,14.0
7.143859,7.625389,0,8PSK,-4.0
-12.955436,-50.08343,6,PAM4,12.0
15.77065,-12.1204815,9,QPSK,2.0
27.670504,39.59182,2,AM-SSB,10.0
-41.912476,-5.580561,4,CPFSK,4.0
27.677765,-45.84393,7,QAM16,-6.0
-32.765812,39.818077,10,WBFM,14.0
-10.9052725,-47.975018,6,PAM4,12.0
-55.69841,9.063179,1,AM-DSB,12.0
13.756905,32.641167,9,QPSK,-6.0
-21.684353,-54.29691,6,PAM4,12.0
47.493366,13.129131,0,8PSK,12.0
-5.568565,5.7916813,3,BPSK,-2.0
46.22259,9.621484,0,8PSK,10.0
35.71245,-37.26164,8,QAM64,6.0
5.345903,53.9167,5,GFSK,4.0
16.114964,-3.9952087,9,QPSK,0.0
45.673367,8.760389,0,8PSK,18.0
50.49538,9.043832,0,8PSK,18.0
49.238113,2.0110533,0,8PSK,14.0
-68.11088,3.0769825,1,AM-DSB,18.0
-15.362487,-7.653034,3,BPSK,8.0
10.743592,-19.106045,9,QPSK,10.0
29.222002,1.0698665,0,8PSK,0.0
47.15135,2.9783154,0,8PSK,10.0
35.128857,33.87949,2,AM-SSB,6.0
9.524946,-13.151229,9,QPSK,16.0
16.903551,-52.106636,7,QAM16,14.0
4.208591,22.873953,4,CPFSK,-6.0
-6.552813,-10.952193,3,BPSK,10.0
-46.97701,-17.658895,4,CPFSK,2.0
-39.478672,16.356312,10,WBFM,2.0
-48.349983,24.603683,1,AM-DSB,8.0
-2.9371092,37.91876,5,GFSK,-6.0
-12.611384,-1.6961545,3,BPSK,2.0
-9.846985,-33.561638,6,PAM4,-6.0
-4.4403677,2.8772783,3,BPSK,-2.0
5.53437,19.452461,0,8PSK,-6.0
-13.773526,-50.058098,6,PAM4,16.0
23.055706,36.61144,2,AM-SSB,12.0
-53.15377,9.987865,10,WBFM,10.0
17.588305,2.101984,0,8PSK,-2.0
6.4138255,47.992035,5,GFSK,4.0
-17.492264,-49.799297,6,PAM4,14.0
-2.0850034,4.6834655,3,BPSK,-4.0
-6.4747005,2.952147,3,BPSK,-2.0
22.629702,-57.99959,7,QAM16,6.0
52.44331,5.958095,0,8PSK,14.0
-32.04201,19.369068,1,AM-DSB,-2.0
8.818772,-12.977481,9,QPSK,8.0
14.220795,-49.868042,7,QAM16,6.0
3.478911,13.1772785,9,QPSK,-4.0
44.95737,3.3981876,0,8PSK,6.0
-19.77507,-46.566483,6,PAM4,14.0
-21.974474,-42.56155,6,PAM4,12.0
-10.722225,37.48368,5,GFSK,-2.0
-16.606457,-49.783836,6,PAM4,8.0
49.905888,6.9063835,0,8PSK,10.0
37.18677,2.4491668,0,8PSK,2.0
14.448328,-18.850164,9,QPSK,6.0
18.477488,0.06086823,9,QPSK,0.0
20.357143,37.04496,2,AM-SSB,0.0
-36.82064,-14.873349,4,CPFSK,4.0
-14.787506,-12.692624,3,BPSK,18.0
-42.615036,22.17304,1,AM-DSB,4.0
-24.538734,28.699963,1,AM-DSB,-2.0
1.2836753,18.954176,4,CPFSK,-6.0
11.349485,-8.9255085,9,QPSK,6.0
32.910255,-32.868675,8,QAM64,-6.0
-39.90527,24.656631,10,WBFM,4.0
44.91333,6.3861136,0,8PSK,14.0
14.652268,-47.96216,7,QAM16,14.0
8.468024,-20.173143,9,QPSK,18.0
-11.979855,-6.007262,3,BPSK,16.0
32.45351,40.279076,2,AM-SSB,2.0
-46.90808,-12.120965,4,CPFSK,6.0
18.631031,-48.664482,7,QAM16,10.0
-10.448124,-31.82388,6,PAM4,-6.0
20.114622,34.45236,2,AM-SSB,-2.0
-60.799324,8.753915,1,AM-DSB,16.0
-19.52388,-44.191418,6,PAM4,0.0
-44.42796,15.036225,10,WBFM,6.0
-11.61661,-8.602393,3,BPSK,18.0
-10.82196,-34.248985,6,PAM4,-4.0
-22.001554,20.298504,1,AM-DSB,-6.0
-6.0470505,6.0943627,3,BPSK,0.0
41.785583,-19.526257,7,QAM16,8.0
-45.879536,-15.796432,4,CPFSK,10.0
-28.5419,21.790697,10,WBFM,-4.0
-43.048885,26.087938,1,AM-DSB,6.0
-15.286425,-11.298496,3,BPSK,12.0
-1.1950774,-0.11991561,3,BPSK,-2.0
49.297234,-18.97366,8,QAM64,2.0
4.2342877,20.602312,5,GFSK,-6.0
12.131389,-17.902702,9,QPSK,14.0
-11.375127,36.668274,5,GFSK,-4.0
-21.612162,-42.61433,6,PAM4,8.0
-38.90976,-5.552074,4,CPFSK,10.0
4.7128844,52.058685,5,GFSK,16.0
30.352428,39.46569,2,AM-SSB,12.0
-29.900223,46.486416,10,WBFM,18.0
38.88998,4.992144,0,8PSK,2.0
-11.564808,-43.19286,6,PAM4,0.0
12.6387,-9.672954,9,QPSK,6.0
44.86037,-25.932396,8,QAM64,8.0
-40.040657,17.369146,1,AM-DSB,4.0
-67.3129,2.6388595,10,WBFM,18.0
48.30386,-25.323648,8,QAM64,4.0
-25.580696,26.601679,1,AM-DSB,-4.0
-41.22709,-19.294022,4,CPFSK,6.0
24.837673,22.705065,0,8PSK,-6.0
37.594738,-32.079685,8,QAM64,18.0
20.80995,-37.615063,7,QAM16,-4.0
-32.244778,40.727695,10,WBFM,10.0
54.323105,8.922091,0,8PSK,18.0
-38.176403,-18.631636,4,CPFSK,16.0
44.62892,-25.897713,8,QAM64,8.0
-13.78438,-49.279804,6,PAM4,8.0
-41.04832,20.402443,1,AM-DSB,2.0
-11.979521,-36.22254,6,PAM4,-4.0
45.29536,12.685295,0,8PSK,16.0
-48.475933,22.950098,10,WBFM,8.0
12.748504,4.853989,0,8PSK,-2.0
-7.8695755,46.1791,5,GFSK,2.0
14.607574,26.347898,5,GFSK,-6.0
-8.172436,57.44879,5,GFSK,0.0
-53.824146,9.580349,1,AM-DSB,12.0
-45.90184,-5.354125,4,CPFSK,-4.0
37.782516,-32.752377,8,QAM64,14.0
-18.836014,-56.42404,6,PAM4,2.0
-39.836315,-7.726573,4,CPFSK,10.0
-10.895398,-6.827853,3,BPSK,14.0
16.313902,5.632918,9,QPSK,-2.0
-7.5044427,58.614246,5,GFSK,2.0
26.288582,-35.131725,0,8PSK,-2.0
44.968853,-25.917059,8,QAM64,-2.0
-7.1952024,-13.690075,3,BPSK,6.0
48.753456,-30.59259,8,QAM64,4.0
32.855274,29.276588,2,AM-SSB,0.0
51.226334,9.299633,0,8PSK,16.0
47.548866,12.926207,0,8PSK,18.0
34.09983,2.5398004,0,8PSK,0.0
17.219479,23.62811,6,PAM4,-2.0
-10.050873,-44.497547,6,PAM4,2.0
36.533504,1.9088472,0,8PSK,2.0
-25.681763,20.74179,1,AM-DSB,-4.0
-36.68969,21.684443,1,AM-DSB,0.0
12.309573,-13.83187,9,QPSK,10.0
-25.757843,-46.38443,6,PAM4,12.0
22.857332,31.942074,2,AM-SSB,16.0
-25.41778,19.202072,1,AM-DSB,-6.0
15.29731,-46.249084,7,QAM16,8.0
-36.781868,-17.586498,4,CPFSK,0.0
54.219646,7.381956,0,8PSK,14.0
6.7781086,50.906136,5,GFSK,14.0
15.52225,-47.308205,7,QAM16,2.0
15.443296,-51.733234,7,QAM16,16.0
35.72998,36.752514,2,AM-SSB,14.0
-14.66086,-1.8225819,3,BPSK,2.0
-41.038723,27.928398,10,WBFM,2.0
-47.080456,13.449794,10,WBFM,8.0
-51.208042,10.789974,1,AM-DSB,10.0
-22.622656,-38.823723,6,PAM4,0.0
-7.0380373,38.042862,5,GFSK,-4.0
-23.393347,-52.16071,6,PAM4,10.0
-47.947235,-14.687019,4,CPFSK,12.0
-50.37632,11.251894,1,AM-DSB,10.0
29.766893,31.018696,2,AM-SSB,4.0
48.247814,11.172886,0,8PSK,8.0
41.5646,3.6955934,0,8PSK,2.0
-18.492804,-54.08162,6,PAM4,4.0
24.743738,31.43597,2,AM-SSB,8.0
-45.335472,-16.122433,4,CPFSK,18.0
49.95238,5.299169,0,8PSK,10.0
-9.949648,37.39138,10,WBFM,-6.0
-12.875864,-50.04511,6,PAM4,10.0
-4.345147,55.621105,5,GFSK,4.0
-50.06116,27.979568,1,AM-DSB,12.0
-9.285151,-8.677554,3,BPSK,16.0
-41.240993,20.6652,1,AM-DSB,4.0
-36.65912,-10.606904,4,CPFSK,18.0
-4.8358955,3.0913498,3,BPSK,-2.0
28.987638,42.08319,2,AM-SSB,-6.0
9.27726,-14.922829,9,QPSK,10.0
13.690311,0.73140496,7,QAM16,-6.0
-1.6897095,59.10277,5,GFSK,6.0
-52.66152,12.425016,1,AM-DSB,10.0
-12.741249,-5.403719,3,BPSK,10.0
-44.545856,14.928015,10,WBFM,6.0
37.141525,-29.358765,8,QAM64,-2.0
-32.6781,39.98027,10,WBFM,14.0
17.393507,-46.538,7,QAM16,16.0
46.37442,-24.195938,8,QAM64,14.0
18.031631,-43.24626,7,QAM16,10.0
-45.01686,13.508241,10,WBFM,6.0
-11.241072,-11.481638,3,BPSK,14.0
-14.433908,-36.192883,6,PAM4,-4.0
-46.366726,-18.088911,4,CPFSK,2.0
-34.16753,-2.4528995,4,CPFSK,-2.0
-19.532928,-55.46068,6,PAM4,0.0
11.859676,8.970863,0,8PSK,-4.0
-8.675498,-8.39442,3,BPSK,12.0
-4.4262424,42.41407,5,GFSK,0.0
-60.24506,15.627994,1,AM-DSB,18.0
-67.07442,3.3912814,1,AM-DSB,18.0
-5.1299253,57.71454,5,GFSK,2.0
-31.158543,27.27175,1,AM-DSB,-2.0
-12.224753,-7.9637303,3,BPSK,16.0
5.632573,52.63396,5,GFSK,8.0
-38.388706,26.372065,1,AM-DSB,0.0
-14.780532,-10.347383,3,BPSK,14.0
-25.931534,-50.657803,6,PAM4,8.0
16.246439,-55.801403,7,QAM16,14.0
14.198865,-13.365083,9,QPSK,4.0
4.5066633,53.442356,5,GFSK,8.0
-2.1589816,3.9761617,3,BPSK,-4.0
31.38868,34.02556,2,AM-SSB,-2.0
17.677732,23.183771,2,AM-SSB,12.0
26.322357,-40.03398,7,QAM16,-2.0
18.217335,-46.86337,7,QAM16,2.0
5.7454543,15.970942,9,QPSK,-6.0
-42.49118,26.353878,1,AM-DSB,6.0
-39.72525,26.726831,1,AM-DSB,2.0
12.1004505,8.253872,3,BPSK,-6.0
37.063946,36.33269,2,AM-SSB,0.0
25.809994,-48.580948,7,QAM16,-6.0
3.624995,54.25303,5,GFSK,18.0
-10.261905,-2.1297438,3,BPSK,2.0
-41.918102,-11.867362,4,CPFSK,6.0
2.0386593,56.376602,5,GFSK,16.0
25.42328,35.088715,2,AM-SSB,10.0
-28.057602,45.604053,10,WBFM,14.0
-11.069465,-12.919325,3,BPSK,12.0
-14.462515,-46.118988,6,PAM4,6.0
-3.0978727,2.3740757,3,BPSK,0.0
39.694798,-29.220299,8,QAM64,6.0
41.740112,9.144918,0,8PSK,8.0
14.650653,4.944165,9,QPSK,-2.0
15.78552,-7.4034452,9,QPSK,2.0
-3.349071,52.64159,5,GFSK,18.0
14.097067,31.324738,2,AM-SSB,10.0
-23.919073,-51.745235,6,PAM4,6.0
-14.564437,-12.780609,3,BPSK,18.0
34.29221,-30.83423,8,QAM64,-4.0
23.357374,-40.437576,7,QAM16,4.0
-42.185623,-8.780471,4,CPFSK,2.0
44.185146,6.128566,0,8PSK,8.0
37.168346,37.74749,2,AM-SSB,16.0
-23.433096,49.04749,10,WBFM,18.0
-40.468346,-11.226189,4,CPFSK,16.0
17.339682,-45.45833,7,QAM16,8.0
46.623455,-25.68408,8,QAM64,14.0
-67.64976,2.5916588,10,WBFM,18.0
-16.73101,-3.2949717,3,BPSK,12.0
20.057598,-55.98084,7,QAM16,18.0
11.578447,-22.017485,9,QPSK,14.0
-13.816565,-6.212381,3,BPSK,18.0
15.964572,-16.760366,9,QPSK,6.0
-13.045181,-14.340723,3,BPSK,6.0
-41.689342,-14.488575,4,CPFSK,4.0
-34.93843,-2.482723,4,CPFSK,-2.0
-16.496038,-55.201015,6,PAM4,4.0
17.185848,-52.808613,7,QAM16,8.0
1.3102862,17.75273,4,CPFSK,-6.0
20.854399,-41.33805,7,QAM16,18.0
43.891525,3.484124,0,8PSK,6.0
-9.112847,38.396847,5,GFSK,-6.0
21.26132,38.318905,2,AM-SSB,16.0
-46.71842,14.247343,10,WBFM,8.0
-11.718541,-31.871803,6,PAM4,-4.0
-52.24297,16.728535,1,AM-DSB,10.0
24.147326,-35.620758,7,QAM16,-6.0
-0.03339579,56.423622,5,GFSK,12.0
46.64092,-30.021395,8,QAM64,6.0
-21.244812,-45.717644,6,PAM4,14.0
54.31632,8.523425,0,8PSK,10.0
35.565006,34.906948,2,AM-SSB,10.0
-10.57357,44.607075,10,WBFM,0.0
-11.54095,-3.8180625,3,BPSK,2.0
23.33918,-42.58195,7,QAM16,14.0
47.138203,-29.591133,8,QAM64,18.0
-29.169197,44.434692,10,WBFM,8.0
-22.236126,-38.926117,6,PAM4,-2.0
45.121677,-28.70319,8,QAM64,18.0
-32.241722,28.299154,10,WBFM,-2.0
-20.210548,-40.815956,6,PAM4,0.0
27.196198,37.78787,2,AM-SSB,16.0
-52.39451,26.65592,1,AM-DSB,14.0
-25.614176,-46.725193,6,PAM4,6.0
-15.626513,-12.202688,3,BPSK,8.0
23.355955,29.684708,2,AM-SSB,8.0
26.076586,33.279324,2,AM-SSB,-2.0
-3.7998807,54.3592,5,GFSK,4.0
17.30576,-6.8908815,9,QPSK,0.0
20.00272,-52.414436,7,QAM16,18.0
14.897296,-1.4453123,9,QPSK,-2.0
-28.38915,21.213753,10,WBFM,-2.0
-47.03814,-18.21211,4,CPFSK,4.0
41.819313,8.959512,0,8PSK,4.0
-39.8909,28.965014,10,WBFM,2.0
37.15619,4.0604343,0,8PSK,2.0
4.6220884,17.856283,0,8PSK,-6.0
-6.1073413,-13.156059,3,BPSK,2.0
17.311651,-2.7977448,9,QPSK,0.0
-23.254332,-42.59281,6,PAM4,16.0
-49.766586,27.91379,1,AM-DSB,12.0
-36.525333,-2.5170171,4,CPFSK,0.0
-26.4178,-48.99497,6,PAM4,18.0
-16.677946,-54.528816,6,PAM4,8.0
23.170883,37.04947,2,AM-SSB,4.0
-18.478722,-48.417713,6,PAM4,8.0
25.868702,26.180128,2,AM-SSB,4.0
11.483684,-12.327657,9,QPSK,8.0
-51.16495,27.315424,10,WBFM,16.0
14.339565,-53.417118,7,QAM16,4.0
-1.6913484,49.697063,5,GFSK,4.0
48.4253,7.1438394,0,8PSK,14.0
-10.367237,-3.8842063,3,BPSK,8.0
15.032214,4.514652,9,QPSK,-4.0
45.412052,-18.615839,8,QAM64,12.0
36.190678,-30.128744,8,QAM64,-6.0
51.419094,3.5086544,0,8PSK,16.0
-10.157018,-5.393489,3,BPSK,6.0
-38.42728,26.948376,1,AM-DSB,0.0
43.83585,4.408059,0,8PSK,4.0
-39.84033,-11.369647,4,CPFSK,8.0
-59.511757,16.099245,10,WBFM,18.0
47.835705,5.707985,0,8PSK,6.0
-5.644819,45.98497,5,GFSK,0.0
27.715979,-39.925346,7,QAM16,10.0
-9.249119,55.247295,5,GFSK,12.0
27.64647,-39.61468,8,QAM64,4.0
15.400201,-4.9735856,9,QPSK,0.0
13.444018,8.048636,0,8PSK,-4.0
48.732666,-20.99808,8,QAM64,0.0
-9.375969,-12.107778,3,BPSK,8.0
-44.927544,20.286564,1,AM-DSB,4.0
-0.12170942,59.687874,5,GFSK,16.0
-15.131098,-35.38299,6,PAM4,-2.0
11.4536495,-13.62175,9,QPSK,8.0
-50.037838,23.019745,1,AM-DSB,10.0
-7.358023,-8.448082,3,BPSK,16.0
40.695377,-24.499746,8,QAM64,-2.0
-5.138029,5.05503,3,BPSK,-2.0
-40.98067,-20.572432,4,CPFSK,6.0
-32.273113,28.321737,10,WBFM,-2.0
42.460262,8.493755,0,8PSK,4.0
-6.2946024,50.530453,5,GFSK,10.0
-34.824474,19.412918,10,WBFM,0.0
5.0629025,-17.138817,9,QPSK,8.0
10.67169,7.4284763,0,8PSK,-4.0
16.24515,-45.24496,7,QAM16,8.0
33.10583,28.843674,0,8PSK,-6.0
25.072865,-53.910892,7,QAM16,0.0
-45.459503,-16.010931,4,CPFSK,18.0
-14.973359,-12.223673,3,BPSK,14.0
-21.876564,-42.469105,6,PAM4,2.0
-4.0940375,46.832962,5,GFSK,2.0
-31.638927,34.4056,1,AM-DSB,2.0
-46.03937,-8.17227,4,CPFSK,0.0
25.83543,35.086964,2,AM-SSB,18.0
-16.431614,-11.957947,3,BPSK,12.0
-6.9419293,-6.1277995,3,BPSK,4.0
34.301544,34.679714,2,AM-SSB,16.0
-33.981068,-4.8361583,4,CPFSK,0.0
52.045258,-22.14799,8,QAM64,0.0
-46.9995,-10.345695,4,CPFSK,6.0
-23.996943,-48.43835,6,PAM4,4.0
-8.654755,-8.446943,3,BPSK,16.0
10.919901,9.374099,9,QPSK,-4.0
10.743131,8.841503,9,QPSK,-4.0
43.455284,8.398287,0,8PSK,8.0
-35.016224,21.956093,10,WBFM,0.0
2.8224292,49.425385,5,GFSK,18.0
35.57354,37.273014,2,AM-SSB,12.0
35.713985,5.012251,0,8PSK,0.0
-11.082277,-35.562767,6,PAM4,-2.0
24.706455,-42.564476,7,QAM16,-4.0
-11.377339,-35.3732,6,PAM4,-4.0
-0.4180432,3.725067,3,BPSK,-4.0
4.0420957,51.897476,5,GFSK,16.0
1.5262413,53.264263,5,GFSK,6.0
-15.856697,-10.01651,3,BPSK,18.0
-25.324951,-49.899445,6,PAM4,8.0
20.28426,36.93882,2,AM-SSB,0.0
48.684517,10.104317,0,8PSK,18.0
-14.674618,-37.197502,6,PAM4,-4.0
37.031174,-37.876247,8,QAM64,2.0
17.615519,-47.1431,7,QAM16,2.0
-10.474422,-8.465418,3,BPSK,4.0
-48.701332,23.899776,1,AM-DSB,8.0
17.898558,25.219818,2,AM-SSB,10.0
15.430337,-1.3075259,0,8PSK,-2.0
36.359688,32.026,2,AM-SSB,-4.0
-20.475243,-47.502537,6,PAM4,18.0
41.788567,7.0413117,0,8PSK,8.0
-38.03701,-19.16124,4,CPFSK,18.0
33.17141,37.201378,2,AM-SSB,12.0
-68.01695,2.3027227,10,WBFM,18.0
-25.238935,46.721687,10,WBFM,4.0
-32.090168,-6.755028,4,CPFSK,0.0
-68.11577,2.3841906,1,AM-DSB,18.0
30.49559,-40.361103,7,QAM16,-4.0
-21.278135,22.778557,10,WBFM,-6.0
-29.688215,23.312208,1,AM-DSB,-2.0
35.369633,-37.39368,7,QAM16,12.0
-47.48201,12.736937,10,WBFM,8.0
-6.466038,48.759556,5,GFSK,4.0
31.500078,32.459488,2,AM-SSB,8.0
50.577847,-29.068136,8,QAM64,-4.0
28.26992,36.98193,2,AM-SSB,12.0
-6.839831,-2.1937072,3,BPSK,0.0
-32.99337,-7.231186,4,CPFSK,0.0
-38.42972,-17.229239,4,CPFSK,8.0
22.07175,39.10339,2,AM-SSB,0.0
47.429054,-19.266388,8,QAM64,12.0
-26.475601,47.91312,10,WBFM,10.0
-25.991741,-47.325035,6,PAM4,8.0
47.96749,-27.42962,8,QAM64,18.0
-7.4083867,-11.716828,3,BPSK,14.0
48.561913,-32.150764,8,QAM64,10.0
-7.751557,46.029057,5,GFSK,-2.0
43.009502,-22.632545,8,QAM64,12.0
-13.241964,-7.230027,3,BPSK,8.0
37.226727,-28.554163,8,QAM64,-6.0
50.882416,6.128588,0,8PSK,18.0
43.329277,-23.353968,8,QAM64,8.0
-35.348,-13.341058,4,CPFSK,10.0
10.489416,-16.26608,9,QPSK,18.0
39.94614,4.63823,0,8PSK,4.0
6.16035,47.353416,5,GFSK,2.0
-13.118065,-49.986233,6,PAM4,18.0
-59.051517,8.551618,1,AM-DSB,14.0
42.253956,-22.680592,8,QAM64,-2.0
-13.29372,-10.821959,3,BPSK,16.0
-23.06737,17.815195,10,WBFM,-6.0
-9.400476,-5.0644608,3,BPSK,18.0
16.922394,22.11795,2,AM-SSB,-6.0
-50.294735,24.706928,1,AM-DSB,10.0
17.488634,-56.856827,7,QAM16,18.0
-2.553787,42.618416,5,GFSK,0.0
15.2486925,3.367432,0,8PSK,-2.0
18.877079,33.35191,2,AM-SSB,12.0
-44.622025,-14.08937,4,CPFSK,18.0
11.793944,-15.706949,9,QPSK,12.0
45.700512,6.397112,0,8PSK,16.0
-68.056076,2.6138997,10,WBFM,18.0
48.63889,5.338818,0,8PSK,18.0
18.597534,-53.687027,7,QAM16,4.0
-20.023876,-49.869648,6,PAM4,16.0
-45.827477,19.447153,10,WBFM,6.0
11.625313,6.900445,0,8PSK,-4.0
-67.483215,2.3424919,10,WBFM,18.0
51.72952,10.112413,0,8PSK,6.0
-1.9205533,53.061703,5,GFSK,10.0
-38.11339,-2.234243,4,CPFSK,18.0
17.660069,34.581764,2,AM-SSB,10.0
22.006937,26.812494,2,AM-SSB,0.0
8.533032,-12.863894,9,QPSK,12.0
-35.69397,-5.2178054,4,CPFSK,0.0
14.378077,36.47066,0,8PSK,-6.0
28.63087,36.68514,2,AM-SSB,6.0
27.918844,-39.099503,8,QAM64,-2.0
19.73171,-41.663742,7,QAM16,18.0
25.749619,36.88827,2,AM-SSB,0.0
-37.6526,-11.187957,4,CPFSK,14.0
21.448633,23.153131,2,AM-SSB,18.0
-9.962864,-32.26701,6,PAM4,-6.0
-28.863436,39.454258,10,WBFM,2.0
-1.2723377,55.019844,5,GFSK,4.0
-51.018345,10.522526,1,AM-DSB,10.0
-8.563314,43.595955,5,GFSK,-2.0
12.470756,-9.379866,9,QPSK,6.0
18.972267,40.123806,3,BPSK,-6.0
-21.801847,-44.827038,6,PAM4,14.0
-32.488148,-8.579147,4,CPFSK,-2.0
-13.683501,-49.66277,6,PAM4,4.0
47.17329,3.0690665,0,8PSK,18.0
-6.4285746,45.49435,5,GFSK,2.0
-39.18797,-18.956978,4,CPFSK,14.0
36.79863,1.7824256,0,8PSK,2.0
34.55709,29.198666,2,AM-SSB,-4.0
5.3094788,7.3826,0,8PSK,-4.0
47.533436,11.76436,0,8PSK,14.0
17.256754,-2.4214444,9,QPSK,0.0
22.031479,-48.661343,7,QAM16,10.0
17.791492,-51.933216,7,QAM16,16.0
-28.81898,-49.60772,6,PAM4,18.0
-6.450232,6.2879195,3,BPSK,-2.0
32.735226,39.295395,2,AM-SSB,6.0
-31.657627,34.37683,1,AM-DSB,2.0
43.92692,-19.954823,8,QAM64,10.0
35.734035,-30.114922,8,QAM64,-4.0
-14.435183,-37.65347,6,PAM4,-2.0
-46.027702,17.389423,1,AM-DSB,6.0
-18.054674,-44.676464,6,PAM4,4.0
20.069286,-54.501453,7,QAM16,10.0
-32.174606,-8.995714,4,CPFSK,-2.0
36.36973,-25.964064,8,QAM64,-6.0
5.5874147,52.302612,5,GFSK,10.0
21.938658,42.475998,2,AM-SSB,2.0
-41.14262,27.985289,1,AM-DSB,2.0
13.053249,-20.07972,9,QPSK,18.0
-6.28289,45.150524,5,GFSK,0.0
1.8459773,5.264953,3,BPSK,-4.0
46.460022,1.9196635,0,8PSK,8.0
-23.944452,-47.449173,6,PAM4,6.0
-39.12394,-17.231329,4,CPFSK,6.0
-34.878563,-1.7362945,4,CPFSK,-2.0
15.964365,21.698515,9,QPSK,-6.0
-4.3868303,44.089848,5,GFSK,-2.0
-39.89076,-5.7425146,4,CPFSK,6.0
27.648382,25.777822,2,AM-SSB,10.0
52.692635,7.1844974,0,8PSK,18.0
53.98703,-24.836851,8,QAM64,16.0
-11.254583,-13.639955,3,BPSK,12.0
42.9755,-29.1488,8,QAM64,2.0
-67.15754,3.118466,10,WBFM,18.0
-13.554924,-48.514027,6,PAM4,12.0
-45.108856,-16.785751,4,CPFSK,16.0
-23.575413,21.63503,10,WBFM,-6.0
11.919506,-10.57323,9,QPSK,4.0
-11.206751,-46.86966,6,PAM4,10.0
-39.3043,16.767536,10,WBFM,4.0
-17.310917,-48.52619,6,PAM4,18.0
18.236998,-44.61478,7,QAM16,0.0
-19.756828,-41.08455,6,PAM4,2.0
44.06382,4.933464,0,8PSK,6.0
-16.03924,-50.823914,6,PAM4,6.0
-32.72556,-7.7034283,4,CPFSK,-2.0
-53.295067,18.80865,10,WBFM,12.0
-28.252226,37.832607,10,WBFM,2.0
8.942538,-17.842407,9,QPSK,14.0
53.886467,-28.870918,8,QAM64,10.0
-46.90699,-9.37781,4,CPFSK,2.0
15.036012,7.112435,9,QPSK,-4.0
-3.258341,44.20806,5,GFSK,-4.0
3.4439735,8.82806,3,BPSK,-6.0
-29.37834,46.43051,10,WBFM,10.0
0.386476,59.29299,5,GFSK,16.0
-25.72564,29.699003,10,WBFM,-4.0
-35.22925,18.693787,1,AM-DSB,0.0
13.004039,-15.587064,9,QPSK,8.0
1.7733493,53.311543,5,GFSK,6.0
34.15461,31.547377,2,AM-SSB,14.0
19.667889,-44.52107,7,QAM16,16.0
51.21201,-22.672438,8,QAM64,-2.0
-28.944054,45.896393,10,WBFM,10.0
16.436544,28.601227,2,AM-SSB,4.0
-65.89914,5.3562446,10,WBFM,18.0
15.346226,36.263374,2,AM-SSB,-6.0
-26.19952,48.300262,10,WBFM,16.0
-38.629166,-16.63202,4,CPFSK,6.0
24.857565,36.170933,2,AM-SSB,0.0
15.123525,36.407227,2,AM-SSB,12.0
0.96194834,51.16244,5,GFSK,12.0
-3.7229645,54.254284,5,GFSK,6.0
-40.425926,-18.664736,4,CPFSK,10.0
-10.100332,-31.14262,6,PAM4,-6.0
-22.217955,23.362581,10,WBFM,-6.0
38.94552,-28.902512,8,QAM64,2.0
22.033861,-44.770786,7,QAM16,18.0
40.21426,-31.194946,8,QAM64,14.0
-51.249317,27.862932,1,AM-DSB,18.0
-12.975122,-32.888412,6,PAM4,-6.0
-2.0602682,51.8291,5,GFSK,12.0
11.9780035,-15.881986,9,QPSK,16.0
-3.640553,50.302113,5,GFSK,2.0
24.16601,34.44928,2,AM-SSB,4.0
-18.511831,-51.76265,6,PAM4,18.0
49.60441,-20.871593,8,QAM64,10.0
49.928513,3.6442404,0,8PSK,10.0
34.661175,-35.093906,8,QAM64,12.0
7.284397,-17.392168,9,QPSK,18.0
49.30766,-19.284723,8,QAM64,2.0
-25.984926,50.220295,10,WBFM,6.0
-39.670246,20.412273,10,WBFM,2.0
20.30641,36.228577,2,AM-SSB,12.0
-17.631237,-50.817318,6,PAM4,18.0
-11.234836,-1.4993109,3,BPSK,2.0
46.244133,11.446014,0,8PSK,18.0
26.26357,34.243355,2,AM-SSB,8.0
12.80472,-16.755978,9,QPSK,16.0
15.057867,-0.33065984,3,BPSK,-6.0
-10.550294,-33.259323,6,PAM4,-4.0
-44.96427,13.778827,10,WBFM,6.0
17.592491,-55.83021,7,QAM16,2.0
54.339928,7.9384885,0,8PSK,18.0
38.049988,-25.61459,8,QAM64,-4.0
-22.227772,-46.770782,6,PAM4,8.0
11.125527,4.5165987,0,8PSK,-4.0
-17.00555,-44.453037,6,PAM4,18.0
45.25804,2.349996,0,8PSK,6.0
15.447965,-4.700365,9,QPSK,0.0
21.664896,28.17633,9,QPSK,4.0
29.857908,39.198,2,AM-SSB,2.0
-33.550007,19.936491,1,AM-DSB,0.0
-67.96968,3.3473008,10,WBFM,18.0
36.233894,-23.694817,8,QAM64,0.0
-12.076088,-45.873608,6,PAM4,4.0
-45.519787,-12.092181,4,CPFSK,12.0
-51.51725,26.68944,10,WBFM,18.0
-16.807205,-53.7364,6,PAM4,8.0
-43.908676,-12.02714,4,CPFSK,10.0
-57.255424,9.222919,1,AM-DSB,14.0
-38.37059,-4.735681,4,CPFSK,18.0
-38.7208,-22.26212,4,CPFSK,12.0
9.680504,-16.02404,9,QPSK,18.0
-43.23899,-11.231892,4,CPFSK,14.0
-53.95858,19.705162,1,AM-DSB,12.0
-14.847523,-50.74851,6,PAM4,10.0
38.119354,37.55668,1,AM-DSB,-6.0
25.435764,32.874733,2,AM-SSB,14.0
-10.8147745,-43.462624,6,PAM4,-2.0
-54.05123,22.652826,1,AM-DSB,18.0
-41.28979,-4.136,4,CPFSK,0.0
-50.192455,28.917513,1,AM-DSB,12.0
-22.842545,-55.887917,6,PAM4,10.0
-37.769062,-9.332673,4,CPFSK,18.0
35.379353,-35.077778,8,QAM64,0.0
25.608826,36.61329,2,AM-SSB,16.0
25.007576,31.583014,2,AM-SSB,2.0
-22.336657,-49.59825,6,PAM4,4.0
38.83842,4.04265,0,8PSK,2.0
45.69337,7.1511116,0,8PSK,18.0
25.725416,-54.510414,7,QAM16,0.0
18.513845,22.429422,3,BPSK,-6.0
-58.8137,8.774753,10,WBFM,14.0
34.27265,37.542824,2,AM-SSB,10.0
-1.9722317,44.68316,10,WBFM,-4.0
54.990814,-26.661757,8,QAM64,6.0
-15.536567,-12.840198,3,BPSK,18.0
10.349786,-21.645758,9,QPSK,10.0
-61.598083,8.588541,1,AM-DSB,16.0
8.098886,-12.352405,9,QPSK,14.0
54.8889,-26.304094,8,QAM64,4.0
-45.28805,-16.629442,4,CPFSK,10.0
-58.23657,8.946334,10,WBFM,14.0
-3.1735568,45.369144,5,GFSK,-2.0
26.259808,32.15305,2,AM-SSB,10.0
-53.445568,30.750023,1,AM-DSB,14.0
14.545508,5.1700726,9,QPSK,-4.0
25.818941,30.835957,2,AM-SSB,2.0
-32.673058,40.06893,10,WBFM,14.0
-47.256687,12.25138,1,AM-DSB,8.0
27.115587,-47.190147,7,QAM16,-6.0
-8.19213,51.589745,5,GFSK,16.0
-6.54259,-13.496313,3,BPSK,2.0
1.0220996,17.747313,4,CPFSK,-6.0
-14.786386,-37.75755,6,PAM4,-2.0
22.640356,-52.448414,7,QAM16,6.0
-39.938877,19.153708,10,WBFM,4.0
5.3998747,54.029797,5,GFSK,14.0
13.134174,-12.578717,9,QPSK,4.0
-20.822342,-42.8154,6,PAM4,2.0
22.88034,37.13088,2,AM-SSB,14.0
-26.809738,47.0591,10,WBFM,12.0
18.552546,-39.803673,7,QAM16,4.0
27.567886,40.260815,3,BPSK,14.0
45.48517,-28.123262,8,QAM64,10.0
-46.65362,-8.676097,4,CPFSK,0.0
51.60989,-23.30719,8,QAM64,0.0
-10.823976,-6.231279,3,BPSK,16.0
3.9620302,57.10864,5,GFSK,16.0
31.01119,43.520275,2,AM-SSB,16.0
47.37767,-22.894434,8,QAM64,4.0
25.248165,-46.43309,8,QAM64,-6.0
6.786948,-15.645632,9,QPSK,10.0
-28.795498,28.763361,1,AM-DSB,-2.0
-51.35076,27.113081,1,AM-DSB,18.0
-54.18337,9.420195,10,WBFM,12.0
32.50986,-25.495855,0,8PSK,16.0
39.389503,3.6006346,0,8PSK,4.0
-43.966827,15.5856905,10,WBFM,6.0
-13.5442095,-47.93253,6,PAM4,12.0
42.536896,-23.595505,8,QAM64,10.0
46.04791,-24.684576,8,QAM64,8.0
-21.082352,-47.438923,6,PAM4,6.0
-52.702244,16.083967,1,AM-DSB,10.0
34.482533,37.100536,2,AM-SSB,8.0
-24.084005,-54.340878,6,PAM4,6.0
-27.649784,45.934498,10,WBFM,18.0
29.088953,28.664574,2,AM-SSB,4.0
-40.5049,22.126156,10,WBFM,4.0
35.238163,-35.596714,8,QAM64,-4.0
49.535442,10.946748,0,8PSK,18.0
26.90739,33.493103,2,AM-SSB,12.0
27.499584,34.749126,2,AM-SSB,14.0
15.6872,3.1526308,9,QPSK,-2.0
15.194234,-9.582539,9,QPSK,4.0
-33.270973,-3.3847957,4,CPFSK,-2.0
-52.174732,28.71536,1,AM-DSB,18.0
22.058928,-39.430233,7,QAM16,14.0
-60.793236,8.545427,1,AM-DSB,16.0
-23.452488,49.04759,10,WBFM,6.0
13.108775,-8.777404,9,QPSK,4.0
-9.655538,-3.5694463,3,BPSK,4.0
-22.615294,-53.018135,6,PAM4,10.0
-36.003662,-16.168123,4,CPFSK,2.0
-29.865927,-4.135827,4,CPFSK,-2.0
18.971527,23.37407,2,AM-SSB,16.0
2.9341297,61.68073,5,GFSK,10.0
42.60143,4.8820643,0,8PSK,6.0
-27.792688,42.795914,10,WBFM,8.0
35.18926,36.07733,3,BPSK,0.0
-38.32144,-6.7571273,4,CPFSK,10.0
9.757038,-15.81732,9,QPSK,16.0
15.354523,-53.230064,7,QAM16,18.0
-5.6192913,43.52071,4,CPFSK,-6.0
51.861534,-25.30378,8,QAM64,16.0
33.951527,38.29242,2,AM-SSB,18.0
20.323612,27.994038,2,AM-SSB,18.0
7.056863,8.6369295,4,CPFSK,-6.0
-3.9866462,56.33107,5,GFSK,6.0
14.5299835,-21.47745,9,QPSK,14.0
-23.57786,24.032042,1,AM-DSB,-6.0
9.75687,-22.517763,9,QPSK,10.0
-8.201309,46.56995,10,WBFM,2.0
2.286432,59.739635,5,GFSK,8.0
-48.559208,23.70491,1,AM-DSB,8.0
23.93854,-46.44841,7,QAM16,2.0
50.60596,11.457828,0,8PSK,18.0
6.1271434,-16.79654,9,QPSK,10.0
35.76134,-31.943966,8,QAM64,2.0
-7.9987054,39.15862,5,GFSK,-4.0
-12.73003,-43.59535,6,PAM4,0.0
6.3717113,53.5156,5,GFSK,10.0
-40.099224,16.398125,1,AM-DSB,4.0
-6.479265,-6.1856213,3,BPSK,6.0
-32.966724,37.060856,10,WBFM,8.0
-21.789024,-47.783268,6,PAM4,8.0
-61.6567,9.450032,10,WBFM,16.0
-32.268135,40.740463,10,WBFM,12.0
-32.088997,39.80846,10,WBFM,16.0
21.78122,-48.48618,7,QAM16,8.0
22.02489,-58.25827,7,QAM16,10.0
17.56225,2.3224552,0,8PSK,-2.0
-7.5714383,58.81029,5,GFSK,2.0
14.188929,-46.146996,7,QAM16,10.0
47.915417,-23.385738,8,QAM64,12.0
44.12653,-20.963348,8,QAM64,18.0
-12.600728,-37.968113,6,PAM4,0.0
-26.90866,19.446148,1,AM-DSB,-6.0
2.555299,49.948883,5,GFSK,18.0
15.091906,-6.2773485,9,QPSK,0.0
44.553356,-30.366493,8,QAM64,-2.0
24.85947,29.621235,2,AM-SSB,-6.0
-27.119019,-51.52335,6,PAM4,0.0
-24.75442,30.722914,5,GFSK,-6.0
12.129341,5.4067183,0,8PSK,-4.0
31.213205,34.077545,2,AM-SSB,-4.0
-7.980265,44.48571,5,GFSK,0.0
40.570065,3.107202,0,8PSK,4.0
19.296177,22.147272,9,QPSK,-6.0
-12.714898,-9.165519,3,BPSK,10.0
-53.69078,19.94853,10,WBFM,12.0
-4.2794714,15.443874,4,CPFSK,-4.0
-54.58307,19.064495,1,AM-DSB,14.0
-41.19978,-2.9870522,4,CPFSK,2.0
33.734356,39.30593,2,AM-SSB,16.0
-52.109165,27.931015,1,AM-DSB,18.0
-25.280447,22.775682,10,WBFM,-2.0
-4.9279165,4.926908,3,BPSK,-2.0
-23.172592,21.4511,1,AM-DSB,-6.0
36.50059,4.847448,0,8PSK,0.0
15.35059,-55.356636,7,QAM16,16.0
-38.92668,-8.07784,4,CPFSK,18.0
-4.480385,0.8437153,3,BPSK,0.0
26.909397,35.018536,2,AM-SSB,10.0
-43.697525,-4.9318824,4,CPFSK,6.0
28.015396,-49.167072,8,QAM64,-6.0
5.330471,5.896961,3,BPSK,-4.0
-54.42428,19.062363,1,AM-DSB,16.0
25.052332,36.393814,2,AM-SSB,4.0
15.018597,-55.1826,7,QAM16,14.0
-23.968887,-50.866375,6,PAM4,4.0
-32.63045,32.281338,10,WBFM,2.0
-50.43947,24.952295,1,AM-DSB,10.0
-41.25301,-2.5073688,4,CPFSK,-2.0
-16.241652,-7.535948,3,BPSK,6.0
-39.37328,-18.461617,4,CPFSK,18.0
-14.466512,-7.8304067,3,BPSK,18.0
33.55392,-26.627495,0,8PSK,0.0
-17.791746,-37.98698,6,PAM4,0.0
-28.900927,45.94744,10,WBFM,18.0
-0.90974146,48.709873,5,GFSK,4.0
-1.9230052,45.567596,5,GFSK,-4.0
-58.54361,8.623611,1,AM-DSB,14.0
14.904819,3.7875493,9,QPSK,-4.0
40.357483,-28.928816,8,QAM64,2.0
-25.04716,28.257006,10,WBFM,-4.0
23.153446,-55.27158,7,QAM16,-2.0
5.776555,8.228015,9,QPSK,-4.0
3.4376664,8.398577,3,BPSK,-6.0
5.9303727,-20.110033,9,QPSK,8.0
-37.86734,-9.660724,4,CPFSK,18.0
-34.475822,21.324469,10,WBFM,0.0
-38.515995,-6.4175024,4,CPFSK,8.0
21.863152,-47.93161,7,QAM16,2.0
21.654959,-42.634743,7,QAM16,8.0
-11.803877,-14.106102,3,BPSK,6.0
-11.472232,-31.90532,6,PAM4,-6.0
-25.865711,-48.5049,6,PAM4,16.0
-16.780697,-54.0163,6,PAM4,18.0
-42.056442,-11.992115,4,CPFSK,6.0
-21.824167,-46.87579,6,PAM4,12.0
-22.285807,-39.431595,6,PAM4,2.0
36.842724,35.844788,2,AM-SSB,12.0
-57.5861,12.459774,1,AM-DSB,12.0
43.066776,-31.605433,8,QAM64,0.0
13.747759,-52.34621,7,QAM16,6.0
17.040447,2.4035492,9,QPSK,-2.0
49.493206,11.131631,0,8PSK,14.0
-12.818677,-4.709931,3,BPSK,14.0
-12.47452,-31.215303,6,PAM4,-6.0
4.5371304,16.03618,4,CPFSK,-6.0
27.49513,-50.897984,7,QAM16,-2.0
2.1882179,49.972954,5,GFSK,18.0
-2.3688476,57.200146,5,GFSK,6.0
-32.74955,32.31911,1,AM-DSB,2.0
29.595919,32.528004,2,AM-SSB,4.0
-46.330574,12.84476,10,WBFM,8.0
24.124762,-35.45232,0,8PSK,-4.0
32.886986,36.70158,2,AM-SSB,8.0
4.2283926,56.421856,5,GFSK,10.0
48.080856,-17.901463,8,QAM64,-2.0
-22.826944,20.596825,10,WBFM,-6.0
24.158152,24.836088,2,AM-SSB,-4.0
35.474022,-37.0736,8,QAM64,14.0
21.6087,-58.211296,7,QAM16,4.0
16.792894,-2.7163851,9,QPSK,0.0
10.117291,-24.690607,9,QPSK,10.0
5.363736,50.216816,5,GFSK,16.0
23.659082,30.672157,2,AM-SSB,-6.0
20.007532,-47.945286,7,QAM16,12.0
20.79487,-46.13377,7,QAM16,14.0
25.567003,-34.198536,7,QAM16,-6.0
52.132317,-22.93157,8,QAM64,0.0
25.44835,33.4466,2,AM-SSB,10.0
20.857965,31.68267,2,AM-SSB,18.0
-8.460067,55.949554,5,GFSK,8.0
21.063967,29.870295,2,AM-SSB,14.0
25.884539,-46.402,7,QAM16,-6.0
17.1034,-4.6714497,9,QPSK,0.0
-21.469368,-47.51334,6,PAM4,14.0
-44.579113,-4.882946,4,CPFSK,6.0
-8.896618,52.411743,5,GFSK,16.0
38.243176,-22.317667,8,QAM64,-4.0
-9.076451,-13.458522,3,BPSK,10.0
-16.630457,-8.119398,3,BPSK,4.0
16.48015,-45.456257,7,QAM16,16.0
26.142477,-42.368267,7,QAM16,-4.0
7.3761525,-17.417265,9,QPSK,10.0
-4.58875,-1.1492269,3,BPSK,2.0
-42.700584,-20.470736,4,CPFSK,14.0
47.16568,-24.63943,8,QAM64,16.0
49.512127,10.604763,0,8PSK,14.0
53.230705,-26.621695,8,QAM64,-2.0
11.7621765,-16.89012,9,QPSK,10.0
-1.5906965,1.67366,3,BPSK,-4.0
9.143746,-18.398901,9,QPSK,12.0
35.074047,35.921024,2,AM-SSB,8.0
-15.086375,-45.101673,6,PAM4,4.0
-39.162758,-16.791693,4,CPFSK,10.0
13.667986,0.8617924,9,QPSK,0.0
-38.811996,-5.797073,4,CPFSK,12.0
26.669485,-35.531845,7,QAM16,-6.0
20.270554,-50.267605,7,QAM16,6.0
-50.870853,10.598735,1,AM-DSB,10.0
-36.193558,-8.565892,4,CPFSK,12.0
-33.527184,21.223818,1,AM-DSB,-2.0
-33.36813,42.208855,10,WBFM,14.0
13.245233,-20.503948,9,QPSK,12.0
6.3483253,47.976643,5,GFSK,0.0
-11.378864,-33.19286,6,PAM4,-4.0
-61.533245,8.573582,1,AM-DSB,16.0
-26.965809,22.332113,1,AM-DSB,-2.0
4.947084,-17.008678,9,QPSK,6.0
33.860058,34.202892,2,AM-SSB,2.0
33.992474,2.0100343,0,8PSK,0.0
47.51906,6.357206,0,8PSK,12.0
0.050476458,58.21655,5,GFSK,16.0
3.8265724,52.41939,5,GFSK,8.0
6.2030897,13.974121,0,8PSK,-4.0
4.7649894,53.932278,5,GFSK,12.0
-54.49275,9.126663,1,AM-DSB,12.0
22.177082,38.597404,2,AM-SSB,-4.0
38.54781,-38.05712,8,QAM64,-4.0
27.051252,-44.606632,7,QAM16,-6.0
-47.641666,27.21696,10,WBFM,8.0
32.403473,-25.424747,9,QPSK,8.0
46.236244,-25.66916,8,QAM64,8.0
48.50105,10.867911,0,8PSK,8.0
-20.094606,-46.18747,6,PAM4,4.0
-37.65726,-1.9618262,4,CPFSK,14.0
0.04629211,8.5136385,0,8PSK,-6.0
17.200556,25.01285,2,AM-SSB,0.0
6.156789,55.38215,5,GFSK,8.0
33.974674,-34.832355,8,QAM64,-4.0
16.2708,-55.18627,7,QAM16,10.0
-13.27329,-42.076263,6,PAM4,2.0
11.397101,-8.9311,9,QPSK,4.0
43.08604,-19.051907,8,QAM64,16.0
-3.882134,5.736629,3,BPSK,-4.0
-27.316307,19.699032,1,AM-DSB,-4.0
19.123976,-39.243736,7,QAM16,2.0
-16.640486,-44.539425,6,PAM4,4.0
-20.153809,-48.212696,6,PAM4,16.0
48.390053,9.051631,0,8PSK,18.0
18.041166,-56.119625,7,QAM16,18.0
-29.34006,19.07941,10,WBFM,-6.0
-0.99549586,55.104362,5,GFSK,6.0
-52.02075,10.47919,10,WBFM,10.0
-22.581612,21.692896,10,WBFM,-6.0
-44.438293,-6.5403476,4,CPFSK,12.0
-6.2176814,6.320655,3,BPSK,-2.0
-32.86365,32.001095,1,AM-DSB,0.0
26.622995,35.207397,3,BPSK,16.0
16.855211,22.265892,2,AM-SSB,14.0
-6.5765705,47.805138,5,GFSK,2.0
0.33793262,6.932635,3,BPSK,-4.0
-22.533236,26.894444,5,GFSK,-4.0
6.4920363,55.570274,5,GFSK,14.0
-39.55446,26.314863,1,AM-DSB,2.0
-46.728268,17.071907,10,WBFM,8.0
-25.761255,17.21833,1,AM-DSB,-6.0
28.782387,36.156734,2,AM-SSB,16.0
15.435305,-14.074085,9,QPSK,6.0
13.076521,-16.311478,9,QPSK,6.0
45.880608,-20.400057,8,QAM64,14.0
1.5238482,21.460562,10,WBFM,-6.0
22.755594,37.915085,2,AM-SSB,10.0
3.2039838,17.056673,5,GFSK,-6.0
-43.575752,-11.3695345,4,CPFSK,16.0
-12.799307,-6.2347713,3,BPSK,14.0
16.159023,-21.928135,9,QPSK,14.0
1.4513892,47.86648,5,GFSK,8.0
-5.953689,36.988045,4,CPFSK,-6.0
13.024052,6.603643,9,QPSK,-4.0
-27.593575,40.742733,10,WBFM,2.0
-23.842005,-56.351913,6,PAM4,4.0
-8.766875,-7.9025493,3,BPSK,12.0
-28.564337,45.217033,10,WBFM,10.0
-23.55777,-46.14731,6,PAM4,14.0
-3.5975754,60.428333,5,GFSK,6.0
-67.98108,2.5911922,1,AM-DSB,18.0
-8.438457,51.071556,5,GFSK,2.0
-43.813488,17.813454,1,AM-DSB,8.0
-11.773723,-10.262208,3,BPSK,10.0
-18.895586,-52.24242,6,PAM4,6.0
-3.2190511,38.77181,5,GFSK,-6.0
-40.911633,27.565136,1,AM-DSB,2.0
-12.982889,-40.29454,6,PAM4,-2.0
-38.380154,16.086657,10,WBFM,2.0
27.135574,-39.608673,7,QAM16,16.0
15.891098,-4.4744167,9,QPSK,0.0
6.071303,51.79683,5,GFSK,10.0
-67.465965,2.3344424,1,AM-DSB,18.0
37.449764,36.981686,2,AM-SSB,-4.0
-26.20167,27.19749,1,AM-DSB,-4.0
-30.88796,44.129944,10,WBFM,16.0
6.926315,54.05378,5,GFSK,6.0
-31.810953,32.82019,10,WBFM,0.0
51.404,8.7918,0,8PSK,8.0
8.315271,18.776712,5,GFSK,-4.0
39.10342,-27.96752,8,QAM64,-2.0
22.604845,25.618303,2,AM-SSB,4.0
-67.429596,2.6328826,10,WBFM,18.0
-20.53169,-53.456287,6,PAM4,6.0
37.3407,-24.197535,8,QAM64,-6.0
-39.04559,23.966312,1,AM-DSB,2.0
-8.667663,54.10568,5,GFSK,12.0
19.055574,-42.31907,7,QAM16,6.0
12.432028,-20.780117,9,QPSK,10.0
-3.848993,56.733574,5,GFSK,2.0
-67.74138,2.1598163,1,AM-DSB,18.0
1.434689,5.8485456,3,BPSK,-4.0
-48.785862,20.21244,10,WBFM,8.0
-14.030241,-45.4774,6,PAM4,12.0
7.700841,-18.844856,9,QPSK,12.0
-61.926414,8.765853,10,WBFM,18.0
27.601923,-46.004055,7,QAM16,-6.0
6.735947,14.547333,0,8PSK,-2.0
49.50162,-31.776985,8,QAM64,6.0
48.646664,-20.79208,8,QAM64,12.0
-6.107876,51.783134,5,GFSK,14.0
-27.527658,-47.119816,6,PAM4,2.0
-14.861247,-7.459728,3,BPSK,6.0
-40.014378,-11.795747,4,CPFSK,6.0
-36.123844,-11.391946,4,CPFSK,18.0
18.618752,-55.238495,7,QAM16,18.0
31.8807,35.73103,2,AM-SSB,-2.0
50.822567,-23.836445,8,QAM64,16.0
-46.972694,15.778698,1,AM-DSB,8.0
32.344482,0.7395323,7,QAM16,-6.0
-36.811436,-9.501654,4,CPFSK,10.0
-20.24281,-54.190205,6,PAM4,18.0
41.492107,0.1690113,0,8PSK,4.0
5.645386,54.700127,5,GFSK,8.0
-3.0781174,2.003408,3,BPSK,-4.0
21.200275,-49.274323,7,QAM16,0.0
-12.13906,-31.232824,6,PAM4,-6.0
-5.1837473,44.48809,5,GFSK,0.0
6.9549437,-13.890119,9,QPSK,16.0
-40.359188,18.622974,10,WBFM,4.0
51.162254,-23.238075,8,QAM64,10.0
-8.815182,-8.931276,3,BPSK,6.0
36.443203,5.1356606,0,8PSK,2.0
-39.772896,-20.51885,4,CPFSK,8.0
-10.243445,-41.50649,6,PAM4,-2.0
-32.280514,-5.5602245,4,CPFSK,0.0
20.62872,-44.711823,7,QAM16,12.0
22.782358,-44.449276,7,QAM16,4.0
51.548153,-26.672682,8,QAM64,10.0
-11.338142,-43.25456,6,PAM4,0.0
21.01965,-37.344486,8,QAM64,-6.0
-44.688965,-15.660762,4,CPFSK,14.0
0.06493565,59.85996,5,GFSK,18.0
-2.13093,56.77252,5,GFSK,14.0
43.188236,-23.292809,8,QAM64,18.0
-11.309126,-4.497538,3,BPSK,4.0
-4.5975127,41.968796,5,GFSK,-2.0
-40.11084,-7.6794987,4,CPFSK,8.0
38.188797,-33.87301,8,QAM64,2.0
-2.5749497,59.571598,5,GFSK,6.0
-42.87748,-15.346784,4,CPFSK,6.0
18.065207,23.564253,2,AM-SSB,-2.0
18.018496,5.9855127,0,8PSK,-2.0
36.401463,-39.536602,7,QAM16,10.0
16.065418,-55.57891,7,QAM16,12.0
-36.386536,-8.582275,4,CPFSK,16.0
-12.201904,-8.589089,3,BPSK,16.0
-12.033157,-31.992825,6,PAM4,-6.0
-61.349503,8.581606,10,WBFM,16.0
21.484613,35.27954,2,AM-SSB,-6.0
34.923084,33.91115,2,AM-SSB,12.0
25.215645,-53.133163,7,QAM16,0.0
-37.90397,24.136684,10,WBFM,0.0
-18.883799,-41.817593,6,PAM4,-2.0
-22.267893,22.058723,10,WBFM,-4.0
30.097755,32.176407,7,QAM16,6.0
5.952661,54.279892,5,GFSK,16.0
-38.110554,-18.302084,4,CPFSK,14.0
37.288033,-27.60396,8,QAM64,-4.0
-44.98823,-13.066886,4,CPFSK,10.0
-11.937944,-44.81028,6,PAM4,2.0
-12.205568,-34.288517,6,PAM4,-4.0
-31.562191,-7.0080595,4,CPFSK,-2.0
-30.062807,22.088358,1,AM-DSB,-2.0
-7.499222,53.812485,5,GFSK,8.0
-27.509876,42.85572,10,WBFM,8.0
-45.806217,-15.033234,4,CPFSK,6.0
-24.503885,16.968067,10,WBFM,-4.0
-7.482785,-8.873087,3,BPSK,16.0
-18.605059,-50.036293,6,PAM4,2.0
17.349934,-45.994396,7,QAM16,18.0
-17.727507,-49.76074,6,PAM4,16.0
-16.316496,-54.801414,6,PAM4,16.0
-26.322674,17.584082,10,WBFM,-6.0
-35.90007,-4.612358,4,CPFSK,0.0
50.79487,9.008344,0,8PSK,8.0
-14.376071,-35.374153,6,PAM4,-4.0
-39.837803,-6.046752,4,CPFSK,6.0
19.25699,-49.52966,7,QAM16,2.0
4.954146,55.291218,5,GFSK,6.0
37.154926,37.83288,2,AM-SSB,10.0
3.2464201,12.002443,3,BPSK,-6.0
-42.14177,25.24744,1,AM-DSB,4.0
51.287,5.882648,0,8PSK,10.0
-4.484264,44.38509,5,GFSK,-2.0
-5.7673664,45.096786,5,GFSK,0.0
20.358599,-58.383587,7,QAM16,2.0
18.63285,28.414536,2,AM-SSB,4.0
-7.8230205,-7.4487987,3,BPSK,10.0
-38.211067,-13.225188,4,CPFSK,18.0
35.721264,-28.2681,8,QAM64,-6.0
44.01154,-27.795208,8,QAM64,0.0
-13.648972,-43.8742,6,PAM4,12.0
-13.69002,-49.775776,6,PAM4,16.0
-12.974819,-48.153954,6,PAM4,4.0
27.381704,36.41021,2,AM-SSB,-2.0
-31.523106,24.896345,10,WBFM,-2.0
-32.260727,29.779503,1,AM-DSB,0.0
-8.250407,55.981632,5,GFSK,14.0
12.388074,-23.333057,9,QPSK,14.0
44.039703,-22.790247,8,QAM64,18.0
-40.39333,-19.603685,4,CPFSK,10.0
-30.372335,29.321424,1,AM-DSB,-2.0
46.152313,-29.18506,8,QAM64,12.0
-15.98608,-40.52682,6,PAM4,0.0
9.016788,-23.898743,9,QPSK,6.0
-30.09025,-7.069942,4,CPFSK,-2.0
-42.496964,-14.938257,4,CPFSK,4.0
18.424852,-49.30168,7,QAM16,16.0
-53.76641,22.868776,1,AM-DSB,14.0
-49.504246,21.769081,1,AM-DSB,10.0
-14.188452,-46.286602,6,PAM4,6.0
-1.5563403,45.67094,4,CPFSK,-4.0
-35.16988,22.58212,1,AM-DSB,0.0
-1.3835877,54.67526,5,GFSK,6.0
-32.720024,-14.676081,4,CPFSK,-4.0
-30.886963,28.213686,10,WBFM,-4.0
13.086689,-10.367488,9,QPSK,4.0
-39.597935,-11.087638,4,CPFSK,16.0
17.058878,-45.663715,7,QAM16,10.0
-1.652143,51.91753,5,GFSK,8.0
-11.285423,-8.947738,3,BPSK,16.0
16.553186,-54.888073,7,QAM16,10.0
50.929287,-27.624163,8,QAM64,18.0
21.588007,36.837845,2,AM-SSB,10.0
9.639307,-23.153717,9,QPSK,16.0
-42.478245,-14.946063,4,CPFSK,6.0
15.734685,-1.1058726,9,QPSK,-2.0
-41.511993,21.097008,10,WBFM,4.0
-2.8019555,56.395836,5,GFSK,6.0
5.9396205,50.909435,5,GFSK,16.0
-16.908058,-53.480164,6,PAM4,14.0
16.493698,36.68988,2,AM-SSB,6.0
3.7182057,50.807793,5,GFSK,8.0
17.946732,36.39637,2,AM-SSB,8.0
-42.74533,-6.4183,4,CPFSK,8.0
48.270298,9.930059,0,8PSK,16.0
41.653076,-31.900782,8,QAM64,0.0
-15.642581,-2.3292837,3,BPSK,4.0
50.10694,12.304485,0,8PSK,14.0
15.249194,3.8757274,0,8PSK,-2.0
21.351181,-50.995228,7,QAM16,4.0
28.643024,-40.13267,7,QAM16,0.0
-11.45938,-14.500845,3,BPSK,8.0
13.23966,21.623796,4,CPFSK,-6.0
-7.682207,-3.0785758,3,BPSK,0.0
11.468205,-18.073774,9,QPSK,16.0
-11.896195,-46.73628,6,PAM4,6.0
-39.97383,18.504126,10,WBFM,4.0
-36.80804,-3.0534136,4,CPFSK,2.0
36.862408,3.118933,0,8PSK,0.0
13.959037,31.437668,2,AM-SSB,0.0
0.064181276,53.17678,5,GFSK,18.0
49.26871,5.4912705,0,8PSK,12.0
9.119267,-9.057279,9,QPSK,4.0
-13.047275,-12.445869,3,BPSK,16.0
-46.931988,-18.02343,4,CPFSK,4.0
44.53086,-23.156666,8,QAM64,12.0
38.961445,-30.160433,8,QAM64,0.0
14.889531,-7.7199316,9,QPSK,2.0
-14.473507,-34.83615,6,PAM4,-2.0
-41.460487,19.700233,1,AM-DSB,4.0
30.966276,4.359991,9,QPSK,-4.0
-42.123417,-13.16849,4,CPFSK,4.0
-46.8816,27.647396,1,AM-DSB,8.0
34.90197,-28.425985,8,QAM64,-6.0
43.319065,3.285583,0,8PSK,6.0
27.117601,40.17452,2,AM-SSB,4.0
-50.485588,28.054737,1,AM-DSB,14.0
-12.771235,-34.036293,6,PAM4,-6.0
-7.3574176,-10.523113,3,BPSK,14.0
37.7306,-31.118574,8,QAM64,18.0
43.041004,-23.49369,8,QAM64,18.0
-7.563911,37.54821,10,WBFM,-6.0
8.665551,8.724929,0,8PSK,-4.0
-10.933251,-31.527094,6,PAM4,-6.0
-10.612546,44.76583,10,WBFM,0.0
49.971085,8.906446,0,8PSK,8.0
-26.72282,-46.411484,6,PAM4,8.0
42.042904,-30.575848,8,QAM64,12.0
47.80113,-22.333427,8,QAM64,4.0
27.425737,-39.349167,7,QAM16,10.0
42.601498,-28.98805,8,QAM64,16.0
13.716879,5.1351094,9,QPSK,-4.0
42.883327,-24.107468,8,QAM64,8.0
-14.824652,-8.65204,3,BPSK,10.0
23.480864,-52.077854,7,QAM16,14.0
51.857155,-24.595196,8,QAM64,4.0
-25.676596,29.637915,10,WBFM,-4.0
28.671282,-41.38294,7,QAM16,-4.0
2.9916582,61.945133,5,GFSK,0.0
-11.990749,-41.963146,6,PAM4,2.0
37.08925,-31.67141,8,QAM64,14.0
-41.5852,17.053225,1,AM-DSB,4.0
-0.169179,15.74393,4,CPFSK,-4.0
2.646541,14.010256,3,BPSK,-4.0
-8.3710785,44.27982,5,GFSK,0.0
-61.715164,9.871538,1,AM-DSB,16.0
20.8414,25.272491,2,AM-SSB,-6.0
52.41051,-20.368017,8,QAM64,16.0
8.871757,-18.626808,9,QPSK,18.0
23.085428,-40.290665,7,QAM16,16.0
44.268757,10.259015,0,8PSK,8.0
-3.9249775,37.635647,5,GFSK,-4.0
26.877026,-39.88099,7,QAM16,4.0
7.5500264,-17.324003,9,QPSK,18.0
-39.03614,21.719334,10,WBFM,2.0
23.5627,41.813408,2,AM-SSB,-6.0
-6.3205705,-7.541956,3,BPSK,16.0
37.876476,2.6081932,0,8PSK,2.0
-28.971075,29.91133,10,WBFM,-2.0
-38.548573,22.496992,10,WBFM,0.0
23.983274,35.27594,2,AM-SSB,2.0
-23.924973,20.352808,1,AM-DSB,-6.0
-0.60161215,16.728193,4,CPFSK,-4.0
13.625578,-17.086905,9,QPSK,8.0
27.059803,34.70239,2,AM-SSB,-2.0
-0.8276895,50.302216,5,GFSK,10.0
-17.620356,-48.86669,6,PAM4,12.0
-14.253208,-5.8830776,3,BPSK,18.0
47.639893,2.650997,0,8PSK,12.0
42.165077,-20.795076,8,QAM64,12.0
46.016006,-29.64617,8,QAM64,8.0
20.014523,-55.231544,7,QAM16,6.0
1.5688025,16.633152,4,CPFSK,-4.0
27.022617,-38.537758,7,QAM16,-2.0
27.341303,-41.227764,7,QAM16,2.0
-2.2115238,48.002205,5,GFSK,0.0
34.9592,-31.249315,8,QAM64,-4.0
-46.89033,19.617165,1,AM-DSB,6.0
-41.257877,27.221138,1,AM-DSB,4.0
24.146978,38.739452,2,AM-SSB,8.0
-49.61894,27.900084,1,AM-DSB,12.0
22.08169,26.95985,2,AM-SSB,6.0
-4.344374,56.81384,5,GFSK,4.0
12.011914,-21.145168,9,QPSK,18.0
12.2946005,-14.510355,9,QPSK,6.0
27.683067,28.940186,0,8PSK,-6.0
-14.49349,-4.143726,3,BPSK,6.0
-36.543686,22.85666,1,AM-DSB,0.0
-40.83336,-20.297934,4,CPFSK,8.0
-44.76824,-8.184332,4,CPFSK,2.0
19.093706,-54.501022,7,QAM16,4.0
-25.958553,20.103241,1,AM-DSB,-4.0
-2.7738318,2.3632846,3,BPSK,-2.0
-2.8327506,42.783726,5,GFSK,0.0
11.672549,-11.73567,9,QPSK,4.0
-28.845514,40.065952,10,WBFM,2.0
-32.78803,-2.4097543,4,CPFSK,-2.0
49.969524,9.513669,0,8PSK,8.0
-15.742677,-38.48444,6,PAM4,0.0
5.636914,49.29965,5,GFSK,6.0
-30.561611,27.30976,10,WBFM,-2.0
-57.942204,12.855963,10,WBFM,16.0
19.223537,-44.89717,7,QAM16,18.0
11.548115,-7.8751545,9,QPSK,4.0
-3.0158894,60.255363,5,GFSK,10.0
-43.156834,25.989576,1,AM-DSB,6.0
1.435131,59.38787,5,GFSK,6.0
-6.282846,-8.332231,3,BPSK,6.0
-68.01417,2.6502216,10,WBFM,18.0
43.45151,-29.318314,8,QAM64,18.0
49.208637,-22.902946,8,QAM64,16.0
21.046183,23.235142,2,AM-SSB,6.0
-2.935703,37.88213,5,GFSK,-6.0
-12.710326,-32.069782,6,PAM4,-6.0
-42.805523,18.943518,10,WBFM,6.0
-39.09042,-8.177363,4,CPFSK,18.0
0.9025814,46.828335,5,GFSK,2.0
52.542213,-23.079983,8,QAM64,6.0
0.7743505,60.770218,5,GFSK,6.0
-46.497555,14.08193,10,WBFM,8.0
-16.617893,-3.2198267,3,BPSK,8.0
-2.1167407,3.5076928,3,BPSK,-2.0
24.969883,33.88196,2,AM-SSB,-6.0
47.12995,1.5137234,0,8PSK,8.0
-1.9117581,55.432228,5,GFSK,6.0
26.36927,26.175905,2,AM-SSB,14.0
-12.459198,-48.075985,6,PAM4,14.0
-31.887194,39.84627,10,WBFM,10.0
27.541582,29.925629,2,AM-SSB,14.0
-41.990078,21.40918,1,AM-DSB,6.0
-26.099815,26.96172,1,AM-DSB,-4.0
-22.862528,-47.79897,6,PAM4,18.0
33.752266,-38.086025,7,QAM16,2.0
-45.8348,-19.19674,4,CPFSK,12.0
9.921658,-13.452026,9,QPSK,8.0
-49.606133,27.891329,1,AM-DSB,12.0
-19.788345,-46.27431,6,PAM4,10.0
-16.421143,-2.1328044,3,BPSK,2.0
-24.441113,-54.345676,6,PAM4,8.0
-18.872168,-56.099056,6,PAM4,6.0
18.61769,29.004942,2,AM-SSB,14.0
15.982465,21.850061,0,8PSK,-6.0
16.923212,-53.048134,7,QAM16,18.0
43.87832,5.2889495,0,8PSK,14.0
-51.19906,27.50835,1,AM-DSB,18.0
-13.707381,-0.7107726,3,BPSK,4.0
-53.866077,22.813091,1,AM-DSB,14.0
-46.99562,14.122006,1,AM-DSB,8.0
41.47053,-31.351982,8,QAM64,8.0
-8.542012,51.827976,5,GFSK,6.0
51.081318,9.41194,0,8PSK,14.0
15.5977955,-53.03679,7,QAM16,12.0
19.239437,24.205341,2,AM-SSB,-2.0
17.94204,-43.471386,7,QAM16,4.0
6.1996756,17.103357,3,BPSK,-6.0
-45.371845,-9.498297,4,CPFSK,2.0
-6.8874006,46.121227,5,GFSK,2.0
21.842506,-58.339382,7,QAM16,8.0
29.071157,32.7524,8,QAM64,10.0
51.65504,-27.696444,8,QAM64,4.0
-20.55317,-49.734802,6,PAM4,4.0
-29.076883,30.570055,1,AM-DSB,0.0
-45.17855,-11.214655,4,CPFSK,8.0
55.164337,-26.551716,8,QAM64,6.0
-38.54872,-4.897607,4,CPFSK,8.0
-0.5218646,57.518272,5,GFSK,8.0
14.58791,-19.4534,9,QPSK,6.0
52.97038,-22.66385,8,QAM64,14.0
19.867416,37.696865,4,CPFSK,-6.0
19.908007,29.289955,2,AM-SSB,-6.0
-13.025306,-14.793115,3,BPSK,4.0
3.4514356,13.2815275,9,QPSK,-6.0
10.512369,-17.68513,9,QPSK,16.0
30.237734,43.54578,2,AM-SSB,-6.0
-30.205957,20.299719,10,WBFM,-2.0
49.548866,-24.117706,8,QAM64,18.0
-24.619139,-54.239204,6,PAM4,2.0
28.626749,39.278126,2,AM-SSB,-2.0
2.7895794,62.20965,5,GFSK,2.0
-40.26284,-10.842742,4,CPFSK,14.0
10.653568,-19.593037,9,QPSK,10.0
25.63981,-53.944557,7,QAM16,-2.0
29.532993,30.299597,2,AM-SSB,-2.0
37.578278,-21.59054,8,QAM64,-4.0
-30.664436,37.27469,10,WBFM,2.0
-21.96729,19.407057,10,WBFM,-6.0
-7.6120267,-5.3691783,3,BPSK,8.0
-23.00485,17.5477,10,WBFM,-6.0
-5.8175855,-10.801278,3,BPSK,14.0
-13.059332,-46.418335,6,PAM4,4.0
16.117136,-13.594566,9,QPSK,2.0
30.186363,27.375027,2,AM-SSB,16.0
-12.916587,-8.49216,3,BPSK,12.0
26.410965,25.94497,2,AM-SSB,10.0
-34.01114,-3.1901648,4,CPFSK,-2.0
-9.325767,38.513367,10,WBFM,-6.0
-27.120424,21.199099,10,WBFM,-4.0
5.019629,50.024853,5,GFSK,18.0
4.8560247,9.517856,3,BPSK,-4.0
9.559202,6.531938,0,8PSK,-4.0
-3.2778997,39.97073,5,GFSK,-4.0
50.31022,8.917271,0,8PSK,8.0
20.521763,34.652393,2,AM-SSB,6.0
23.632782,29.67102,2,AM-SSB,-4.0
29.994465,-37.43773,8,QAM64,18.0
-19.555466,-54.94232,6,PAM4,14.0
53.211376,9.666662,0,8PSK,14.0
52.10804,7.9366937,0,8PSK,12.0
1.972603,59.861286,5,GFSK,18.0
15.141929,-17.173937,9,QPSK,6.0
30.676016,40.77626,2,AM-SSB,10.0
17.609518,-43.847446,7,QAM16,2.0
-11.507208,36.81724,1,AM-DSB,-6.0
13.297917,-7.7378197,9,QPSK,2.0
50.340958,-24.02247,8,QAM64,16.0
1.9735972,58.275917,5,GFSK,10.0
-7.70792,-12.524764,3,BPSK,18.0
15.1366005,-48.447887,7,QAM16,14.0
46.07354,4.119443,0,8PSK,8.0
-21.23742,-53.29263,6,PAM4,10.0
-13.682372,-41.613827,6,PAM4,2.0
-54.421158,19.423616,1,AM-DSB,14.0
24.23793,-46.201122,7,QAM16,12.0
39.757065,-27.512074,8,QAM64,16.0
-9.933395,40.490105,10,WBFM,-4.0
-1.9338293,53.13459,5,GFSK,12.0
-19.73883,-54.776093,6,PAM4,6.0
-27.504248,19.76729,1,AM-DSB,-4.0
15.111496,-50.401413,7,QAM16,12.0
15.230188,-19.473392,9,QPSK,6.0
16.08938,-0.78668845,7,QAM16,-6.0
2.083652,15.64591,9,QPSK,-4.0
47.60041,-22.057413,8,QAM64,8.0
-43.203896,-8.128094,4,CPFSK,2.0
17.688196,-57.05533,7,QAM16,18.0
48.013916,2.4156609,0,8PSK,16.0
19.29616,27.849916,2,AM-SSB,-6.0
-34.703506,19.500807,10,WBFM,0.0
49.10083,-20.738747,8,QAM64,-2.0
15.047777,-47.085392,7,QAM16,16.0
-4.7942057,15.744645,4,CPFSK,-4.0
-3.8930893,1.2177572,3,BPSK,0.0
22.956062,33.591976,2,AM-SSB,6.0
6.2277107,51.822094,5,GFSK,10.0
10.526904,-19.976051,9,QPSK,14.0
44.649666,5.5543933,0,8PSK,10.0
22.144043,-59.257923,7,QAM16,2.0
-42.665943,13.848192,1,AM-DSB,4.0
-10.923337,-11.766779,3,BPSK,18.0
-36.980698,23.86819,1,AM-DSB,0.0
49.18775,4.184067,0,8PSK,12.0
-26.077965,25.102955,10,WBFM,-4.0
-33.40839,42.15462,10,WBFM,18.0
30.443787,36.167274,7,QAM16,8.0
-22.834805,-47.759792,6,PAM4,12.0
25.211058,-52.96912,7,QAM16,-2.0
-5.60435,6.875141,3,BPSK,-4.0
-26.796946,24.932295,5,GFSK,-4.0
19.032948,-54.15275,7,QAM16,2.0
5.6219583,14.387088,9,QPSK,-6.0
-22.027529,22.808401,1,AM-DSB,-6.0
14.519748,-10.616025,9,QPSK,2.0
9.890718,10.14925,0,8PSK,-6.0
27.00409,32.968903,2,AM-SSB,18.0
41.119865,2.5977395,0,8PSK,6.0
-9.035218,-14.587957,3,BPSK,6.0
16.978971,0.78013045,9,QPSK,-2.0
4.165559,53.909843,5,GFSK,14.0
52.1859,-23.852997,8,QAM64,2.0
-12.830973,-34.629826,6,PAM4,-4.0
-27.934366,20.120655,10,WBFM,-4.0
47.64137,-18.388786,8,QAM64,12.0
29.903355,31.07201,2,AM-SSB,0.0
-5.8549457,-8.585784,3,BPSK,8.0
-51.81706,28.44459,1,AM-DSB,16.0
22.717146,35.188004,2,AM-SSB,4.0
-23.206657,18.076166,1,AM-DSB,-6.0
-42.378822,17.336815,1,AM-DSB,6.0
9.150784,-15.755861,9,QPSK,6.0
37.033287,32.422623,2,AM-SSB,10.0
-41.20947,-7.7962637,4,CPFSK,4.0
41.10181,-29.825045,8,QAM64,10.0
38.29842,-33.63172,8,QAM64,-4.0
-40.172184,-3.5441597,4,CPFSK,2.0
-28.019829,22.13333,10,WBFM,-6.0
17.15303,-49.696327,7,QAM16,2.0
40.76159,-24.872318,8,QAM64,2.0
24.694603,29.397787,2,AM-SSB,6.0
4.0749073,15.232259,4,CPFSK,-6.0
48.295303,-32.143284,8,QAM64,14.0
-11.840178,-6.3736486,3,BPSK,18.0
30.365671,30.757088,2,AM-SSB,2.0
12.320065,5.1923065,0,8PSK,-4.0
-27.9189,39.734688,10,WBFM,0.0
-43.59469,-18.395164,4,CPFSK,4.0
32.33777,4.1176405,0,8PSK,-2.0
4.6059766,55.81138,5,GFSK,6.0
-2.7408283,52.401516,5,GFSK,18.0
-13.780657,-3.9269845,3,BPSK,6.0
52.970596,9.845404,0,8PSK,10.0
31.677065,-35.045914,8,QAM64,-4.0
-23.09065,-45.66117,6,PAM4,10.0
8.542786,17.94482,0,8PSK,-6.0
-42.580536,-14.998347,4,CPFSK,6.0
38.784065,-30.685268,8,QAM64,0.0
-26.501196,21.771132,10,WBFM,-4.0
50.09005,-25.747396,8,QAM64,18.0
-1.8136021,1.88582,3,BPSK,-4.0
21.359287,-41.34302,7,QAM16,12.0
-27.664492,46.04914,10,WBFM,16.0
21.870893,-56.82255,7,QAM16,4.0
16.266357,-21.521582,9,QPSK,6.0
-3.6467862,1.2281398,3,BPSK,-2.0
-18.580254,-43.22055,6,PAM4,4.0
2.655077,6.3744035,0,8PSK,-6.0
8.8065195,12.578573,9,QPSK,-6.0
28.552664,35.32864,2,AM-SSB,-4.0
-10.016781,44.9339,5,GFSK,2.0
30.826874,-35.60126,8,QAM64,14.0
17.767395,-53.29376,7,QAM16,4.0
-11.668169,-46.64082,6,PAM4,18.0
-1.4509132,59.563976,5,GFSK,8.0
51.91239,-25.048939,8,QAM64,-2.0
-11.824926,-34.526478,6,PAM4,-4.0
-20.530039,16.835426,1,AM-DSB,-6.0
19.458696,-52.64815,7,QAM16,6.0
27.780699,-54.255917,7,QAM16,10.0
-26.979921,-48.65209,6,PAM4,6.0
35.326347,1.1428549,0,8PSK,0.0
-11.146389,-34.82522,6,PAM4,-6.0
-38.77497,-22.092733,4,CPFSK,8.0
-0.8716026,50.28257,5,GFSK,12.0
-36.122437,-10.63137,4,CPFSK,12.0
-6.86542,57.125004,5,GFSK,12.0
21.207273,-41.303684,7,QAM16,8.0
-26.87497,46.511925,10,WBFM,10.0
18.37123,-44.69898,7,QAM16,18.0
8.688548,15.026338,3,BPSK,-6.0
4.567214,14.661946,4,CPFSK,-6.0
-41.980885,19.819635,1,AM-DSB,4.0
-14.567302,-7.7762475,3,BPSK,12.0
21.721848,-56.43227,7,QAM16,16.0
2.3737392,49.776886,5,GFSK,18.0
-19.685707,-54.55374,6,PAM4,16.0
-31.312244,29.637423,10,WBFM,-2.0
52.605732,7.724081,0,8PSK,10.0
46.414703,-21.88695,8,QAM64,18.0
16.772758,-3.1104574,9,QPSK,0.0
-9.525819,-12.423075,3,BPSK,16.0
34.57145,-36.357025,7,QAM16,-2.0
-32.914062,36.61279,10,WBFM,8.0
13.480875,-19.036547,9,QPSK,10.0
-8.589093,55.351574,5,GFSK,16.0
15.987135,-48.90107,7,QAM16,10.0
-3.4930613,4.1302056,3,BPSK,-2.0
-31.080847,26.696966,1,AM-DSB,0.0
2.3155386,10.835008,3,BPSK,-4.0
31.133585,39.94129,2,AM-SSB,18.0
-11.514639,-44.969196,6,PAM4,4.0
0.55006355,13.379721,4,CPFSK,-4.0
-16.396925,-38.392807,6,PAM4,-2.0
26.551743,-45.94234,7,QAM16,-4.0
22.183138,-41.970844,7,QAM16,2.0
-17.710236,-38.29537,6,PAM4,2.0
-26.872631,18.676643,10,WBFM,-4.0
-22.224201,-55.245316,6,PAM4,18.0
14.803274,-10.539187,9,QPSK,4.0
-39.76966,-18.140652,4,CPFSK,14.0
-25.5363,49.434715,10,WBFM,18.0
16.99704,-52.048588,7,QAM16,10.0
9.273431,-20.020882,9,QPSK,16.0
-14.316153,-53.624313,6,PAM4,18.0
-8.739115,-5.918164,3,BPSK,14.0
48.50908,9.739723,0,8PSK,12.0
-5.2067676,2.090258,3,BPSK,0.0
19.9819,-43.855915,7,QAM16,14.0
20.43761,-43.598114,7,QAM16,2.0
36.453403,-31.788376,8,QAM64,10.0
27.284634,29.415218,0,8PSK,4.0
28.39816,34.124382,6,PAM4,2.0
50.55516,-25.499329,8,QAM64,-2.0
15.635265,-53.398792,7,QAM16,8.0
-13.401931,-46.423866,6,PAM4,12.0
9.396339,-15.250568,9,QPSK,16.0
31.15966,33.687065,2,AM-SSB,-2.0
19.7756,26.971285,2,AM-SSB,-2.0
-20.100424,-49.950638,6,PAM4,8.0
20.669695,25.421375,9,QPSK,-6.0
13.603073,-10.080271,9,QPSK,2.0
-3.0885217,1.2884367,3,BPSK,-2.0
-12.9513445,-47.169117,6,PAM4,6.0
-13.51563,-1.7846979,3,BPSK,2.0
-33.154408,36.590416,10,WBFM,12.0
-11.033967,39.482403,1,AM-DSB,-4.0
13.721563,-7.725708,9,QPSK,2.0
21.03178,-55.594353,7,QAM16,18.0
-2.063948,-6.749895,8,QAM64,2.0
16.13335,-8.202079,9,QPSK,0.0
-35.50302,-13.258893,4,CPFSK,4.0
21.212639,-55.237778,7,QAM16,16.0
-27.7797,19.045311,10,WBFM,-2.0
35.91587,3.2561738,0,8PSK,2.0
-50.08064,28.592487,1,AM-DSB,12.0
-36.875977,-10.819827,4,CPFSK,18.0
4.6897745,52.13584,5,GFSK,16.0
-28.782314,-49.55408,6,PAM4,8.0
-42.077766,18.547594,1,AM-DSB,4.0
15.889643,29.847527,9,QPSK,-6.0
-33.988186,24.35578,10,WBFM,0.0
18.323942,-49.636925,7,QAM16,14.0
-47.47061,-10.074741,4,CPFSK,2.0
-13.7189665,-0.65970165,3,BPSK,6.0
-38.945103,-16.922968,4,CPFSK,6.0
-39.855385,26.105627,10,WBFM,2.0
21.724543,32.42189,2,AM-SSB,18.0
35.228313,-34.04699,7,QAM16,8.0
-38.41828,-6.876785,4,CPFSK,8.0
38.950203,5.2876563,0,8PSK,4.0
-39.778744,-16.231049,4,CPFSK,16.0
46.413776,6.148187,0,8PSK,8.0
-3.9397376,53.706352,5,GFSK,6.0
-5.2218184,5.7339115,6,PAM4,-6.0
8.627659,22.254398,0,8PSK,-4.0
-53.639595,9.4866705,1,AM-DSB,12.0
45.57442,-23.829967,8,QAM64,10.0
-7.489336,-9.117518,3,BPSK,16.0
-8.714301,54.555737,5,GFSK,18.0
44.633007,5.5583973,0,8PSK,14.0
-32.097363,19.358803,1,AM-DSB,-2.0
4.9856935,16.511742,0,8PSK,-6.0
35.457195,2.899322,0,8PSK,2.0
39.24845,3.3131704,0,8PSK,4.0
-4.085737,2.9052746,3,BPSK,0.0
-2.7497606,43.603928,5,GFSK,-2.0
19.17263,22.903448,2,AM-SSB,16.0
10.531561,16.218918,2,AM-SSB,0.0
45.411995,-18.662127,8,QAM64,18.0
-13.632792,-42.41427,6,PAM4,2.0
-4.7303267,1.0624726,3,BPSK,0.0
-41.07162,-14.9644375,4,CPFSK,2.0
45.26617,5.21666,0,8PSK,6.0
-16.80309,-3.067539,3,BPSK,14.0
-7.2785144,-6.4222045,3,BPSK,6.0
-33.59127,24.132446,1,AM-DSB,-2.0
-11.725763,-44.10551,6,PAM4,2.0
-37.877644,24.768526,1,AM-DSB,2.0
17.358736,2.4869773,0,8PSK,-2.0
-26.372297,46.34684,10,WBFM,8.0
-39.295418,-19.275925,4,CPFSK,10.0
2.3974974,55.748146,5,GFSK,18.0
-37.456223,-18.49061,4,CPFSK,16.0
-47.586834,-14.267878,4,CPFSK,16.0
17.92656,27.087309,3,BPSK,-6.0
-1.6984761,54.179,5,GFSK,4.0
3.2378714,11.2631,4,CPFSK,-6.0
-32.185448,19.2983,10,WBFM,-2.0
-46.07577,17.740194,1,AM-DSB,6.0
9.421612,-20.76929,9,QPSK,18.0
-52.653435,25.707972,1,AM-DSB,16.0
-41.222015,24.90861,10,WBFM,4.0
-52.070717,10.973196,10,WBFM,10.0
-53.318863,12.267446,1,AM-DSB,10.0
29.272661,1.0837764,0,8PSK,0.0
23.619999,27.482742,2,AM-SSB,18.0
-2.059642,-6.744667,6,PAM4,14.0
51.039253,10.846181,0,8PSK,12.0
27.413126,33.85997,2,AM-SSB,6.0
-25.018562,48.637367,10,WBFM,16.0
-1.84624,57.19643,5,GFSK,16.0
-36.894638,-10.838889,4,CPFSK,12.0
-12.068984,-3.01632,3,BPSK,2.0
48.969536,-23.588472,8,QAM64,0.0
33.137554,3.850546,0,8PSK,0.0
22.877726,31.98,2,AM-SSB,10.0
-24.272942,-45.863148,6,PAM4,18.0
-22.13251,19.806368,10,WBFM,-6.0
26.387827,-54.281822,7,QAM16,4.0
4.2325115,20.631088,0,8PSK,-6.0
37.283787,4.4548078,0,8PSK,2.0
-43.995037,-11.159131,4,CPFSK,12.0
43.63803,-31.737062,8,QAM64,16.0
-11.206629,-1.3886933,3,BPSK,2.0
35.501076,0.83155644,0,8PSK,0.0
0.38665092,55.551373,5,GFSK,12.0
16.855228,36.6593,2,AM-SSB,-4.0
-23.946072,-44.960285,6,PAM4,2.0
40.83158,3.2444234,0,8PSK,8.0
12.415652,3.650381,0,8PSK,-4.0
27.66082,-37.111874,7,QAM16,-6.0
-26.530931,28.108418,1,AM-DSB,-6.0
-9.082217,39.279404,5,GFSK,-4.0
43.963234,-26.119688,8,QAM64,4.0
-54.177757,19.695143,1,AM-DSB,14.0
-16.664417,-3.9976335,3,BPSK,12.0
-52.085674,16.705019,1,AM-DSB,10.0
33.334297,3.7518504,0,8PSK,0.0
-10.2785635,-9.2440195,3,BPSK,16.0
-33.361317,-5.0364013,4,CPFSK,-2.0
25.734852,37.734688,2,AM-SSB,0.0
46.817562,-26.522886,8,QAM64,10.0
49.24064,-17.547977,8,QAM64,0.0
-27.819366,46.524742,10,WBFM,14.0
47.95603,-32.068047,8,QAM64,4.0
-39.335976,-17.327398,4,CPFSK,8.0
36.6627,-34.666595,7,QAM16,-4.0
52.541924,6.5745215,0,8PSK,18.0
20.798416,35.280605,2,AM-SSB,12.0
6.5832605,-23.012836,9,QPSK,6.0
6.0008464,50.403755,5,GFSK,18.0
-3.882824,6.325221,3,BPSK,-6.0
14.207774,4.499699,9,QPSK,-4.0
-37.685684,-9.117875,4,CPFSK,18.0
-42.251736,-17.819756,4,CPFSK,10.0
21.477137,-53.840824,7,QAM16,12.0
-50.565033,28.077864,1,AM-DSB,14.0
19.20873,-56.641117,7,QAM16,18.0
18.233795,36.640926,2,AM-SSB,8.0
-24.844421,25.435541,10,WBFM,-4.0
-41.138557,-21.206844,4,CPFSK,6.0
-8.40831,56.271027,5,GFSK,12.0
1.5798544,54.805122,5,GFSK,6.0
-43.27938,20.558832,1,AM-DSB,6.0
-8.354118,-4.3962727,3,BPSK,6.0
-6.729407,5.0976872,3,BPSK,-2.0
-23.74766,49.0554,10,WBFM,10.0
-4.005705,41.5345,5,GFSK,-4.0
-28.930645,25.296486,10,WBFM,-2.0
-35.383522,-10.822244,4,CPFSK,10.0
-40.997616,-4.739695,4,CPFSK,0.0
-17.730953,-38.019974,6,PAM4,0.0
2.6851099,62.523655,5,GFSK,-2.0
-60.28147,8.300855,10,WBFM,16.0
50.518265,-28.784317,8,QAM64,-2.0
-39.18217,17.573914,10,WBFM,2.0
49.932713,-25.897266,8,QAM64,10.0
-13.65137,-34.518425,6,PAM4,-4.0
-29.122833,46.00188,10,WBFM,18.0
-23.700502,18.907955,1,AM-DSB,-6.0
-19.360271,-52.555748,6,PAM4,18.0
-35.23518,20.927229,1,AM-DSB,0.0
-54.75501,16.994446,10,WBFM,12.0
-18.66853,-53.808235,6,PAM4,12.0
11.792356,7.688429,0,8PSK,-4.0
26.239075,26.085798,2,AM-SSB,-2.0
-6.2652736,56.038593,5,GFSK,4.0
37.473663,-34.05961,8,QAM64,2.0
-12.237916,-6.610304,3,BPSK,12.0
-15.703158,-46.426327,6,PAM4,8.0
-45.37962,19.32273,10,WBFM,6.0
14.395755,-16.78716,9,QPSK,8.0
12.663457,-22.517473,9,QPSK,12.0
42.749794,-27.156809,8,QAM64,6.0
-25.157894,-53.304413,6,PAM4,0.0
-42.0926,13.518344,1,AM-DSB,0.0
-16.282812,-9.78589,3,BPSK,18.0
42.45132,-21.677206,8,QAM64,4.0
52.127808,6.742871,0,8PSK,14.0
-33.78431,-4.3361225,4,CPFSK,-4.0
-11.2539,-1.5138711,3,BPSK,0.0
-25.341368,26.849348,1,AM-DSB,-6.0
-36.7678,17.915335,1,AM-DSB,0.0
-52.884407,9.672261,1,AM-DSB,10.0
53.92242,-21.769007,8,QAM64,12.0
8.409101,18.104776,9,QPSK,-6.0
-48.648663,21.079695,1,AM-DSB,8.0
19.144703,-53.061333,7,QAM16,6.0
22.104715,-57.869396,7,QAM16,6.0
-26.874321,40.47572,10,WBFM,2.0
17.834343,-52.316208,7,QAM16,18.0
14.980648,-55.17573,7,QAM16,6.0
5.2066793,11.012625,0,8PSK,-6.0
52.47241,-25.212385,8,QAM64,2.0
-40.278584,22.268078,1,AM-DSB,2.0
40.030914,5.208109,0,8PSK,4.0
-48.69456,26.265743,1,AM-DSB,10.0
-7.8998933,55.067398,5,GFSK,6.0
-37.65413,-3.9441273,4,CPFSK,16.0
6.316308,55.61828,5,GFSK,16.0
-14.402975,-3.7789803,3,BPSK,6.0
-21.64166,-46.01834,6,PAM4,8.0
29.683989,33.863087,2,AM-SSB,-6.0
48.712063,-26.79241,8,QAM64,12.0
35.27774,3.0511227,0,8PSK,2.0
5.9622655,49.81151,5,GFSK,10.0
35.795387,36.595295,2,AM-SSB,-4.0
-45.36813,-12.735791,4,CPFSK,16.0
41.976566,0.16356125,0,8PSK,10.0
-18.282013,-46.109917,6,PAM4,10.0
7.952753,-17.13758,9,QPSK,12.0
21.150534,-45.641644,7,QAM16,6.0
2.8741627,50.824432,5,GFSK,6.0
-17.507402,-38.167294,6,PAM4,0.0
-24.003885,19.107279,1,AM-DSB,-6.0
32.53471,36.856674,2,AM-SSB,18.0
51.040882,-21.379692,8,QAM64,18.0
-43.480114,-9.330396,4,CPFSK,14.0
-33.611214,37.480812,10,WBFM,10.0
16.226105,-51.57856,7,QAM16,6.0
27.660097,-53.30023,8,QAM64,-2.0
54.175995,9.45038,0,8PSK,16.0
-44.20991,-20.080492,4,CPFSK,18.0
10.380558,-15.450202,9,QPSK,8.0
-16.8457,-7.986127,3,BPSK,6.0
42.19847,6.0029855,0,8PSK,4.0
29.076084,-44.02603,7,QAM16,-4.0
-2.9747667,59.55394,5,GFSK,12.0
20.1752,39.98392,2,AM-SSB,6.0
-18.911795,-56.100452,6,PAM4,12.0
-9.5576315,50.41612,5,GFSK,0.0
-47.983513,-14.713662,4,CPFSK,16.0
-54.655384,16.755419,1,AM-DSB,12.0
3.3182034,8.82165,3,BPSK,-4.0
22.0547,-41.99541,7,QAM16,18.0
22.756727,-40.84412,7,QAM16,10.0
-27.535969,41.739983,10,WBFM,4.0
21.705463,39.91385,2,AM-SSB,0.0
-13.943873,-4.5180984,3,BPSK,8.0
-23.320461,21.574833,10,WBFM,-6.0
-3.40785,41.69742,5,GFSK,-2.0
25.250216,-53.109184,7,QAM16,-4.0
-31.674599,34.44208,10,WBFM,2.0
-12.327971,-31.393124,6,PAM4,-6.0
-20.510946,-53.82329,6,PAM4,6.0
-34.714867,-6.462788,4,CPFSK,0.0
27.924126,-49.36193,7,QAM16,-2.0
22.552195,35.4131,2,AM-SSB,-4.0
-14.459631,-44.778732,6,PAM4,4.0
-30.316738,19.980862,10,WBFM,-2.0
-48.004616,12.573011,10,WBFM,8.0
-14.545362,-32.7454,6,PAM4,-6.0
-1.6783762,16.992472,9,QPSK,-2.0
-55.627396,9.009803,1,AM-DSB,12.0
-9.666662,-34.966194,6,PAM4,-4.0
-46.933804,-12.759588,4,CPFSK,4.0
47.308323,6.084583,0,8PSK,10.0
-40.117447,24.087229,1,AM-DSB,2.0
43.68077,3.1768224,0,8PSK,4.0
20.39807,-53.30612,7,QAM16,4.0
17.280348,2.106674,7,QAM16,-6.0
-34.651558,-14.725171,4,CPFSK,14.0
21.765818,28.236563,2,AM-SSB,16.0
26.719986,36.977726,2,AM-SSB,-2.0
22.05263,32.439903,2,AM-SSB,14.0
13.188102,-21.38856,9,QPSK,8.0
43.701946,11.155539,0,8PSK,18.0
28.940157,36.229244,2,AM-SSB,10.0
-27.173603,47.93096,10,WBFM,12.0
17.533003,-52.269127,7,QAM16,6.0
-25.730625,37.453423,10,WBFM,-2.0
-12.406732,-10.008051,3,BPSK,10.0
-59.89362,17.296406,10,WBFM,-6.0
19.239908,-43.8613,7,QAM16,4.0
55.07592,-26.592287,8,QAM64,14.0
-52.174908,27.880766,1,AM-DSB,18.0
11.166405,8.988875,4,CPFSK,-4.0
30.27727,-41.020546,8,QAM64,-6.0
-36.8762,23.971056,1,AM-DSB,0.0
0.2233629,5.847707,3,BPSK,-6.0
-18.265238,-55.282715,6,PAM4,2.0
-59.515465,16.03689,1,AM-DSB,18.0
24.292433,41.965855,2,AM-SSB,18.0
19.204636,-56.300037,7,QAM16,10.0
-37.373257,20.417643,10,WBFM,0.0
53.34089,-21.793526,8,QAM64,12.0
-3.4252582,39.045868,5,GFSK,-4.0
-21.168886,25.032892,10,WBFM,-6.0
-23.168756,-56.01293,6,PAM4,12.0
-29.922026,37.24596,10,WBFM,0.0
-26.174395,23.789913,10,WBFM,-4.0
-31.866327,22.867573,1,AM-DSB,-2.0
-6.809657,37.415134,0,8PSK,-4.0
-26.405039,19.388214,1,AM-DSB,-6.0
-35.469696,21.406769,1,AM-DSB,0.0
40.35314,3.1925075,0,8PSK,4.0
1.7108403,49.246338,5,GFSK,10.0
30.096024,39.46254,2,AM-SSB,2.0
47.207417,4.8913717,0,8PSK,10.0
-3.624529,39.677654,5,GFSK,-4.0
-21.414644,-51.615425,6,PAM4,10.0
-40.38644,26.739185,1,AM-DSB,2.0
-25.357943,25.572748,10,WBFM,-2.0
23.532108,24.805658,2,AM-SSB,10.0
-59.24621,9.035126,1,AM-DSB,14.0
12.606563,-11.819781,9,QPSK,4.0
28.200907,30.191843,2,AM-SSB,0.0
-27.00105,47.734707,10,WBFM,16.0
-47.195442,-13.031284,4,CPFSK,2.0
-21.720415,-45.37454,6,PAM4,14.0
44.707684,-27.740461,8,QAM64,0.0
-12.702744,-9.999588,3,BPSK,14.0
55.08359,-27.405582,8,QAM64,4.0
10.278904,-19.840923,9,QPSK,16.0
21.868141,37.13343,2,AM-SSB,-4.0
-26.696753,24.96417,10,WBFM,-4.0
12.719901,-19.056755,9,QPSK,8.0
-27.91368,40.648052,10,WBFM,2.0
45.652,-27.338575,8,QAM64,14.0
13.251232,5.9655,0,8PSK,-2.0
-4.3479056,54.42568,5,GFSK,8.0
-22.688345,-50.484695,6,PAM4,8.0
0.07204732,52.607216,5,GFSK,16.0
-44.102863,-16.19602,4,CPFSK,16.0
-51.719795,10.857803,1,AM-DSB,10.0
-5.309026,-11.210551,3,BPSK,2.0
-12.758179,-37.905376,6,PAM4,0.0
14.346419,-2.8326936,9,QPSK,0.0
48.494335,9.755841,0,8PSK,10.0
-51.82572,25.69011,1,AM-DSB,12.0
-45.407307,-15.108326,4,CPFSK,10.0
-55.05775,9.609072,10,WBFM,12.0
27.989458,23.607428,2,AM-SSB,16.0
41.792496,9.176519,0,8PSK,6.0
-22.51892,-51.99505,6,PAM4,12.0
32.929043,35.707047,2,AM-SSB,12.0
34.593334,33.20071,9,QPSK,8.0
50.417328,-23.635244,8,QAM64,6.0
17.406437,-42.61634,7,QAM16,14.0
-42.218197,-5.4918776,4,CPFSK,4.0
33.62934,-26.350609,7,QAM16,-2.0
20.008242,27.294786,2,AM-SSB,10.0
-46.78108,15.288053,10,WBFM,8.0
5.2355814,14.388446,9,QPSK,-6.0
19.280823,-45.99786,7,QAM16,16.0
46.761322,6.106678,0,8PSK,16.0
5.0785046,11.539152,4,CPFSK,-4.0
-10.35558,-31.176079,6,PAM4,-6.0
-8.836869,36.841423,5,GFSK,-6.0
-57.24772,12.523944,10,WBFM,12.0
-31.452497,30.38948,10,WBFM,0.0
-23.966547,-47.250183,6,PAM4,2.0
-33.263115,23.788143,1,AM-DSB,-2.0
49.86745,7.804147,0,8PSK,12.0
27.655653,-54.39051,7,QAM16,12.0
14.035419,-15.752641,9,QPSK,10.0
33.10265,31.086205,2,AM-SSB,-4.0
47.841087,-28.625938,8,QAM64,4.0
-37.66462,-2.523973,4,CPFSK,8.0
47.505383,-27.625956,8,QAM64,0.0
46.74345,-20.410236,8,QAM64,12.0
5.696091,11.124343,2,AM-SSB,-2.0
47.284523,8.665434,0,8PSK,12.0
-36.18315,-12.866458,4,CPFSK,10.0
51.502415,-27.84815,8,QAM64,18.0
-46.76547,-15.270344,4,CPFSK,16.0
27.623747,35.480713,2,AM-SSB,12.0
-6.611344,51.802044,5,GFSK,10.0
-15.948119,-35.926342,6,PAM4,-2.0
0.7326776,48.459892,5,GFSK,6.0
-3.2526028,52.97781,5,GFSK,16.0
-44.858467,-15.893285,4,CPFSK,18.0
-66.89971,3.312325,1,AM-DSB,16.0
-47.102707,13.219496,10,WBFM,8.0
38.35441,-24.905909,8,QAM64,-4.0
15.265482,2.9765296,0,8PSK,-2.0
20.235296,35.95948,2,AM-SSB,6.0
36.19042,-34.894867,8,QAM64,4.0
26.94148,-52.830513,7,QAM16,2.0
-36.549007,21.126873,1,AM-DSB,0.0
-33.96711,-5.778385,4,CPFSK,0.0
-28.18294,20.198318,10,WBFM,-2.0
48.09684,-28.52337,8,QAM64,6.0
-40.099335,15.53589,10,WBFM,4.0
-37.469406,24.648026,1,AM-DSB,0.0
-5.8573174,50.501305,5,GFSK,10.0
-8.420188,-9.186058,3,BPSK,18.0
25.91488,-35.346947,7,QAM16,-6.0
2.4154932,50.158024,5,GFSK,18.0
-34.995647,19.425953,10,WBFM,2.0
29.24662,34.248184,2,AM-SSB,6.0
19.596258,32.920177,2,AM-SSB,14.0
-35.166798,24.37874,1,AM-DSB,0.0
-11.526285,-33.248363,6,PAM4,-4.0
39.729004,3.9081895,0,8PSK,2.0
-60.580574,14.610258,1,AM-DSB,16.0
52.885593,-26.25602,8,QAM64,-2.0
-52.917572,30.16495,1,AM-DSB,16.0
0.616735,51.648518,5,GFSK,12.0
-7.1306324,53.115814,5,GFSK,16.0
-18.733677,-48.791782,6,PAM4,14.0
14.623018,-52.193195,7,QAM16,8.0
10.631916,-22.01901,9,QPSK,18.0
-10.813308,-46.20413,6,PAM4,2.0
21.352213,-56.903862,7,QAM16,10.0
-44.471825,-13.336194,4,CPFSK,14.0
-43.04625,-9.038997,4,CPFSK,18.0
17.95175,-56.019592,7,QAM16,2.0
9.278717,-17.8891,9,QPSK,16.0
18.624506,-55.44217,7,QAM16,14.0
32.92292,-34.82555,8,QAM64,-6.0
-48.00916,-14.814574,4,CPFSK,16.0
-50.949966,11.111892,1,AM-DSB,10.0
14.080459,-46.049572,7,QAM16,12.0
-0.70473915,5.1043506,3,BPSK,-4.0
11.430355,-21.849648,9,QPSK,8.0
-3.9304574,41.57187,5,GFSK,-2.0
-6.401123,51.72918,5,GFSK,14.0
-2.549975,53.014423,5,GFSK,18.0
25.97018,-33.381557,0,8PSK,-2.0
-14.21909,-5.2195106,3,BPSK,12.0
-37.99665,-11.115448,4,CPFSK,18.0
-6.158096,55.7854,5,GFSK,16.0
26.816607,-39.923878,7,QAM16,-2.0
-22.41897,19.696754,1,AM-DSB,-6.0
19.177713,-43.956768,7,QAM16,0.0
-41.711704,25.326122,1,AM-DSB,4.0
48.46414,-27.166426,8,QAM64,14.0
-43.65698,15.857566,1,AM-DSB,6.0
24.896027,33.88716,2,AM-SSB,4.0
6.9261765,12.237444,3,BPSK,-6.0
14.091554,-51.183132,7,QAM16,14.0
-3.8192902,40.5789,5,GFSK,-2.0
-47.69367,15.624348,1,AM-DSB,8.0
25.354696,42.224876,2,AM-SSB,10.0
-10.508016,-5.0760264,3,BPSK,12.0
-32.373936,23.100239,1,AM-DSB,-2.0
-23.785725,18.763159,10,WBFM,-6.0
-48.938522,23.020386,1,AM-DSB,8.0
-25.55763,27.67562,1,AM-DSB,-4.0
52.959682,-22.521372,8,QAM64,4.0
-3.2900608,57.73811,5,GFSK,18.0
-39.22219,-17.597183,4,CPFSK,6.0
-39.384007,19.088552,1,AM-DSB,2.0
27.969122,23.604206,2,AM-SSB,2.0
8.630323,17.978518,3,BPSK,-6.0
10.335307,-24.849216,9,QPSK,18.0
20.264048,-43.02032,7,QAM16,0.0
31.058407,31.10883,2,AM-SSB,10.0
-52.721737,10.521998,10,WBFM,10.0
33.367992,34.11588,2,AM-SSB,14.0
55.052475,-24.563635,8,QAM64,-2.0
-35.608902,-11.560214,4,CPFSK,6.0
46.77002,-21.708935,8,QAM64,2.0
16.890528,22.195587,2,AM-SSB,8.0
-43.239742,-19.005468,4,CPFSK,10.0
12.830209,-18.056389,9,QPSK,18.0
-27.790577,18.52679,1,AM-DSB,-4.0
-49.89855,28.000423,1,AM-DSB,12.0
-5.654241,5.944135,3,BPSK,0.0
-27.572144,39.102757,10,WBFM,0.0
27.778631,31.464197,2,AM-SSB,-2.0
41.27272,6.388568,0,8PSK,6.0
-16.64169,-4.3576183,3,BPSK,14.0
-7.241134,53.114223,5,GFSK,18.0
-45.549538,20.12125,10,WBFM,6.0
-57.955894,8.4969,10,WBFM,14.0
12.545669,-24.002607,9,QPSK,14.0
-21.058907,-44.958405,6,PAM4,6.0
4.4049163,54.107018,5,GFSK,8.0
15.453048,24.189478,2,AM-SSB,16.0
5.680928,10.428006,9,QPSK,-6.0
-27.51091,40.837006,10,WBFM,2.0
-8.33778,-4.2859836,3,BPSK,4.0
-25.380001,25.827284,1,AM-DSB,-2.0
26.275806,33.199608,2,AM-SSB,18.0
-1.3788849,4.275279,3,BPSK,-2.0
18.397707,23.93729,2,AM-SSB,14.0
-26.762259,47.57973,10,WBFM,12.0
43.26681,-27.121489,8,QAM64,10.0
12.468585,-9.196316,9,QPSK,2.0
-34.98861,-4.0286117,4,CPFSK,0.0
-7.696329,-8.726675,3,BPSK,12.0
46.778893,6.929204,0,8PSK,12.0
-55.331306,8.8345785,10,WBFM,12.0
0.2696119,56.636765,5,GFSK,10.0
54.305748,-21.98512,8,QAM64,4.0
16.556581,27.17339,2,AM-SSB,18.0
26.77109,33.967766,2,AM-SSB,-2.0
43.89309,7.0882688,0,8PSK,6.0
-29.931406,45.767612,10,WBFM,14.0
-28.72013,47.161243,10,WBFM,12.0
-2.2897496,53.663647,5,GFSK,18.0
-40.85731,27.017807,1,AM-DSB,2.0
10.098598,-16.251587,9,QPSK,16.0
-31.504683,24.989916,10,WBFM,-2.0
12.686152,-10.416708,9,QPSK,4.0
-4.049385,1.7374395,3,BPSK,-2.0
-25.906452,37.7067,10,WBFM,-2.0
15.869095,-3.795889,9,QPSK,0.0
9.155404,-9.574421,9,QPSK,6.0
5.989824,-16.711727,9,QPSK,14.0
-11.414079,-30.651833,6,PAM4,-4.0
-7.30104,41.762573,5,GFSK,-4.0
-29.587809,22.012228,1,AM-DSB,-2.0
9.097527,15.03805,2,AM-SSB,-2.0
17.330639,-54.328255,7,QAM16,6.0
-38.42576,16.104649,10,WBFM,2.0
42.19625,2.4942508,0,8PSK,4.0
6.9645405,12.369104,9,QPSK,-6.0
26.190544,-35.281914,7,QAM16,-6.0
35.95816,-31.915115,8,QAM64,4.0
-18.01528,-50.143284,6,PAM4,14.0
20.22772,26.676685,2,AM-SSB,10.0
0.27493924,57.886673,5,GFSK,10.0
-25.332,23.344671,1,AM-DSB,-4.0
-7.3107567,-3.66894,3,BPSK,2.0
14.456883,-8.005787,9,QPSK,2.0
-11.30714,-5.843302,3,BPSK,14.0
37.06176,-24.01865,8,QAM64,-6.0
-35.62082,-12.981485,4,CPFSK,4.0
-17.741613,-44.89493,6,PAM4,16.0
-2.856143,37.957294,4,CPFSK,-6.0
50.700424,5.540006,0,8PSK,16.0
47.46924,9.527246,0,8PSK,10.0
-10.279266,-41.378975,6,PAM4,-2.0
-27.577887,26.843576,1,AM-DSB,-4.0
-23.258049,49.01606,10,WBFM,6.0
-19.047062,-49.826694,6,PAM4,14.0
-14.917689,-47.558346,6,PAM4,8.0
23.456085,-56.65435,7,QAM16,18.0
2.7183764,52.70365,5,GFSK,10.0
45.76002,8.676247,0,8PSK,10.0
-2.1140764,5.1092916,3,BPSK,-6.0
-11.003393,-4.9925094,3,BPSK,8.0
17.537342,-54.52051,7,QAM16,2.0
14.186073,-24.027224,9,QPSK,16.0
17.265188,5.932137,9,QPSK,-2.0
-36.95903,-7.4754767,4,CPFSK,18.0
21.82076,-56.781258,7,QAM16,18.0
-26.369123,27.997572,10,WBFM,-6.0
49.86109,7.3442845,0,8PSK,12.0
21.054241,-42.11527,7,QAM16,6.0
34.51421,-39.573803,8,QAM64,10.0
42.846657,-21.46396,8,QAM64,14.0
-60.762245,8.603262,10,WBFM,16.0
-2.8459177,55.901764,5,GFSK,6.0
13.825551,-52.387356,7,QAM16,10.0
12.88751,-19.19767,9,QPSK,8.0
2.1024806,3.5204268,9,QPSK,-6.0
-26.61096,25.980082,1,AM-DSB,-2.0
27.031656,29.508728,9,QPSK,2.0
-53.175377,24.69309,10,WBFM,16.0
-23.670378,18.993574,10,WBFM,-6.0
51.216896,3.9659104,0,8PSK,16.0
29.13406,31.283072,2,AM-SSB,14.0
-5.849201,45.979774,5,GFSK,2.0
-10.840827,37.418777,5,GFSK,-2.0
9.749617,5.140533,0,8PSK,-2.0
-11.959495,-39.592285,6,PAM4,0.0
52.31852,-23.98179,8,QAM64,16.0
-12.614028,-33.44247,6,PAM4,-6.0
10.558,-9.63242,9,QPSK,4.0
32.098732,29.191837,2,AM-SSB,18.0
-59.87617,16.06569,1,AM-DSB,18.0
44.963997,-27.154997,8,QAM64,0.0
45.825943,-18.340956,8,QAM64,2.0
-54.26356,21.895197,10,WBFM,14.0
19.62024,-43.648567,7,QAM16,4.0
38.40531,37.615005,2,AM-SSB,-4.0
7.9410777,-14.917981,9,QPSK,10.0
54.047092,-20.763369,8,QAM64,12.0
46.536194,8.210006,0,8PSK,12.0
54.743954,-26.217068,8,QAM64,4.0
-37.041985,-15.923545,4,CPFSK,0.0
0.32416263,57.45473,5,GFSK,10.0
31.13581,-38.82652,7,QAM16,-4.0
-55.09107,17.701767,1,AM-DSB,14.0
-3.5926216,2.7644632,3,BPSK,-2.0
-24.57853,28.736832,10,WBFM,-4.0
-10.2164135,-6.7969112,3,BPSK,10.0
-41.75847,-13.895197,4,CPFSK,8.0
39.75831,-31.1599,8,QAM64,10.0
16.072477,-46.403263,7,QAM16,10.0
-43.014854,19.723965,1,AM-DSB,4.0
-4.668049,3.054155,3,BPSK,0.0
-35.648384,-3.9814143,4,CPFSK,0.0
4.9112144,7.39022,3,BPSK,-4.0
19.355667,-53.349815,7,QAM16,6.0
-25.969858,-49.868156,6,PAM4,10.0
-7.4550357,-4.2158084,3,BPSK,4.0
41.8303,-25.694405,8,QAM64,-4.0
16.1847,-53.30758,7,QAM16,18.0
18.337704,34.029354,2,AM-SSB,-4.0
20.673864,40.89548,2,AM-SSB,6.0
-15.820867,-47.626163,6,PAM4,8.0
23.705683,32.896915,2,AM-SSB,-6.0
-1.0244205,4.1522083,3,BPSK,-4.0
-42.07748,-15.541258,4,CPFSK,4.0
18.166794,-48.19548,7,QAM16,4.0
38.709007,6.688655,0,8PSK,2.0
-7.81175,56.634613,5,GFSK,18.0
26.438393,-40.42442,7,QAM16,12.0
35.957752,31.527115,2,AM-SSB,6.0
5.807405,17.628124,2,AM-SSB,4.0
-60.671974,8.834559,10,WBFM,16.0
35.81662,-34.88343,8,QAM64,-4.0
17.479706,-52.79211,7,QAM16,18.0
36.974747,38.609123,2,AM-SSB,2.0
13.93765,-22.019644,9,QPSK,10.0
-0.37741253,4.583074,3,BPSK,-4.0
36.925583,-37.966354,8,QAM64,14.0
50.02545,5.3047895,0,8PSK,18.0
-48.119774,14.58895,10,WBFM,8.0
38.73176,-29.59055,8,QAM64,12.0
-57.482822,12.773776,10,WBFM,14.0
13.745982,-20.117449,9,QPSK,18.0
29.283295,41.81211,2,AM-SSB,6.0
-15.014546,-41.32156,6,PAM4,0.0
-15.28485,-45.34025,6,PAM4,8.0
14.98107,6.8925753,9,QPSK,-6.0
-15.231128,-51.439686,6,PAM4,8.0
3.3402932,14.672173,4,CPFSK,-6.0
-7.8411493,-7.5940204,3,BPSK,14.0
-8.153516,57.59399,5,GFSK,2.0
-7.470266,-9.523179,3,BPSK,10.0
-32.643036,-6.470632,4,CPFSK,0.0
-38.36882,-9.512278,4,CPFSK,12.0
-10.823008,-9.470636,3,BPSK,14.0
6.397823,-16.572655,9,QPSK,16.0
46.662037,5.2940006,0,8PSK,10.0
44.69906,-20.427612,8,QAM64,4.0
-25.975872,20.224903,1,AM-DSB,-6.0
32.395267,-25.401197,0,8PSK,10.0
2.8676927,12.540308,4,CPFSK,-6.0
-36.37141,-5.5672626,4,CPFSK,2.0
8.321152,-19.419136,9,QPSK,8.0
-17.78955,-47.217636,6,PAM4,14.0
4.9619427,51.560894,5,GFSK,16.0
29.113708,-39.583,8,QAM64,10.0
15.586545,-1.7767404,9,QPSK,-2.0
10.473094,-17.456,9,QPSK,12.0
-54.303745,23.174583,1,AM-DSB,18.0
-38.0733,-7.260661,4,CPFSK,8.0
-15.576707,-12.702638,3,BPSK,12.0
-11.361167,-45.201885,6,PAM4,2.0
-47.625645,11.412883,1,AM-DSB,8.0
-16.058453,-50.84803,6,PAM4,12.0
38.785633,-23.851635,8,QAM64,-4.0
20.264574,25.872545,2,AM-SSB,0.0
33.06443,30.282318,2,AM-SSB,-6.0
-68.133804,2.5025291,1,AM-DSB,18.0
51.935238,3.5764425,0,8PSK,16.0
-54.75026,17.337059,1,AM-DSB,12.0
-40.547077,-17.012955,4,CPFSK,6.0
29.510366,34.292908,2,AM-SSB,14.0
29.524252,-43.461246,7,QAM16,-6.0
-27.419262,47.63037,10,WBFM,10.0
28.03204,33.091747,2,AM-SSB,0.0
48.20844,-24.15641,8,QAM64,6.0
-48.018753,-9.121908,4,CPFSK,-2.0
-8.800187,-3.6693108,3,BPSK,4.0
3.5285957,15.054221,4,CPFSK,-6.0
-51.4503,11.923471,10,WBFM,10.0
24.904009,35.791393,2,AM-SSB,-6.0
43.49332,8.639079,0,8PSK,8.0
35.447777,-39.815887,8,QAM64,0.0
-2.601434,0.14028977,3,BPSK,0.0
-18.511347,-52.128967,6,PAM4,16.0
27.275145,40.346535,2,AM-SSB,-2.0
-1.2424555,16.905901,4,CPFSK,-2.0
53.74156,-26.980017,8,QAM64,0.0
-3.6641626,2.9526176,3,BPSK,-2.0
-54.63749,9.445455,1,AM-DSB,12.0
-21.07573,-42.95333,6,PAM4,4.0
-11.636355,-45.411476,6,PAM4,2.0
-6.958241,36.982697,4,CPFSK,-6.0
-48.71015,22.139107,1,AM-DSB,8.0
-48.027237,17.000137,1,AM-DSB,8.0
-13.83601,-32.668446,6,PAM4,-4.0
46.272564,0.89118034,0,8PSK,4.0
35.656586,-32.873062,8,QAM64,14.0
-40.13135,26.975695,1,AM-DSB,2.0
14.795623,-6.271745,9,QPSK,0.0
-41.598587,17.46868,10,WBFM,6.0
24.09509,-55.03841,7,QAM16,6.0
-9.019391,44.865833,5,GFSK,0.0
-61.290974,8.815135,1,AM-DSB,16.0
12.498991,-19.047258,9,QPSK,6.0
-13.263046,-4.5472503,3,BPSK,10.0
-59.271275,9.417889,1,AM-DSB,14.0
-38.827484,16.613804,10,WBFM,4.0
18.90414,39.345905,2,AM-SSB,2.0
38.624382,-33.785225,8,QAM64,4.0
42.963318,6.5275197,0,8PSK,6.0
21.488216,-52.128082,7,QAM16,6.0
18.725693,37.15696,2,AM-SSB,12.0
14.339526,-11.632666,9,QPSK,4.0
-25.571737,49.25466,10,WBFM,12.0
-59.017895,11.798546,1,AM-DSB,16.0
28.894308,-39.883137,7,QAM16,0.0
-39.936596,-15.968413,4,CPFSK,10.0
34.818542,36.18265,2,AM-SSB,0.0
2.1646328,55.629322,5,GFSK,10.0
13.520442,-17.721725,9,QPSK,8.0
19.122585,-39.262844,7,QAM16,2.0
26.987137,-46.812664,7,QAM16,-6.0
46.508175,5.2667594,0,8PSK,12.0
35.331043,2.5583985,0,8PSK,2.0
35.108307,35.633545,2,AM-SSB,16.0
-23.085579,20.382954,10,WBFM,-6.0
-46.51226,27.688095,1,AM-DSB,8.0
-23.985853,-43.165127,6,PAM4,18.0
-47.185684,15.655093,10,WBFM,8.0
37.18704,-33.37311,8,QAM64,10.0
13.962836,4.6458383,9,QPSK,-4.0
44.83507,8.8225,0,8PSK,14.0
19.278376,26.209146,2,AM-SSB,-2.0
-42.7514,-6.342553,4,CPFSK,6.0
-49.75476,21.741016,10,WBFM,10.0
-41.886208,-13.448399,4,CPFSK,8.0
-11.435662,-6.277302,3,BPSK,14.0
-13.255058,-12.362134,3,BPSK,10.0
47.4189,-18.965437,8,QAM64,8.0
17.085602,-6.4888735,9,QPSK,0.0
15.711294,-7.6816454,9,QPSK,2.0
-26.6745,22.297916,1,AM-DSB,-4.0
0.9217935,60.78237,5,GFSK,10.0
2.3157732,58.39428,5,GFSK,10.0
25.32373,-50.666172,7,QAM16,-4.0
-29.82753,20.707724,1,AM-DSB,-2.0
35.6444,3.368777,0,8PSK,0.0
-8.629198,-11.766381,3,BPSK,8.0
16.721361,-44.81327,7,QAM16,18.0
-0.7928103,57.27718,5,GFSK,16.0
27.7961,44.45398,0,8PSK,14.0
-23.954786,27.468641,1,AM-DSB,-6.0
10.281055,-14.217229,9,QPSK,18.0
-20.77861,-38.541355,6,PAM4,-2.0
-52.402634,25.822376,1,AM-DSB,14.0
-0.07596012,60.773197,5,GFSK,4.0
-1.6041634,52.933372,5,GFSK,8.0
-8.959389,-13.7373705,3,BPSK,18.0
16.519117,29.745087,2,AM-SSB,0.0
27.329153,-55.320976,7,QAM16,14.0
45.287872,7.8391623,0,8PSK,10.0
25.66069,29.697874,2,AM-SSB,8.0
-0.4435049,53.34162,5,GFSK,14.0
-9.228621,39.50389,10,WBFM,-4.0
20.75979,-37.642593,7,QAM16,-4.0
50.146824,-26.848387,8,QAM64,16.0
9.040935,-16.941486,9,QPSK,12.0
50.450436,8.671519,0,8PSK,16.0
-1.7890692,59.61534,5,GFSK,18.0
-10.154761,-43.58799,6,PAM4,0.0
26.634884,38.162045,2,AM-SSB,2.0
-41.92608,-5.851555,4,CPFSK,4.0
8.157735,-23.307924,9,QPSK,10.0
21.032448,-53.76806,7,QAM16,2.0
-27.989553,41.121223,10,WBFM,2.0
-42.434166,18.710642,10,WBFM,6.0
33.149097,35.39289,2,AM-SSB,4.0
-12.035616,-9.361302,3,BPSK,12.0
-37.080544,-7.72568,4,CPFSK,16.0
15.656074,-10.734105,9,QPSK,2.0
-35.168594,-13.591504,4,CPFSK,8.0
3.59789,19.732426,9,QPSK,-4.0
-7.041205,50.83501,5,GFSK,16.0
23.08106,-57.017166,7,QAM16,4.0
7.081301,12.679536,9,QPSK,-4.0
3.4325273,19.217598,5,GFSK,-6.0
42.475708,-24.364985,8,QAM64,14.0
-40.192734,-8.969603,4,CPFSK,4.0
11.750169,6.544309,0,8PSK,-4.0
-40.3791,-2.452104,4,CPFSK,-2.0
18.464752,30.883148,2,AM-SSB,4.0
13.1427555,4.3572245,9,QPSK,-4.0
-2.6964483,49.48055,5,GFSK,4.0
22.497423,-56.995075,7,QAM16,2.0
47.05754,-29.6622,8,QAM64,10.0
0.9083935,48.12278,5,GFSK,6.0
-59.86454,16.055746,1,AM-DSB,18.0
38.75271,-28.992046,8,QAM64,4.0
-44.11058,-13.7394285,4,CPFSK,10.0
-45.140812,13.924959,10,WBFM,6.0
-42.36911,25.94837,1,AM-DSB,6.0
-7.967276,54.639404,5,GFSK,18.0
26.704832,-39.219345,7,QAM16,10.0
5.5632524,-17.732355,9,QPSK,6.0
48.917892,1.8438331,0,8PSK,8.0
-13.141203,-13.990035,3,BPSK,8.0
30.800112,36.321648,2,AM-SSB,0.0
-15.502749,-39.469334,6,PAM4,0.0
-8.203534,52.035767,5,GFSK,6.0
-10.621202,-5.579903,3,BPSK,18.0
-12.205859,-5.9927607,3,BPSK,12.0
-50.59409,24.981457,1,AM-DSB,10.0
-52.6309,23.732674,1,AM-DSB,12.0
45.6739,12.3086815,0,8PSK,16.0
7.876729,-15.132238,9,QPSK,12.0
41.674397,-26.695179,8,QAM64,-2.0
2.1669335,57.19643,5,GFSK,16.0
25.344664,39.797028,2,AM-SSB,6.0
47.962418,-22.816748,8,QAM64,14.0
-14.770173,-47.4965,6,PAM4,8.0
-0.9241355,48.07277,5,GFSK,2.0
-21.744686,-37.556458,6,PAM4,-4.0
1.051294,19.236757,4,CPFSK,-4.0
-59.308212,12.513444,10,WBFM,16.0
21.905472,33.874786,2,AM-SSB,16.0
-27.789015,29.523876,1,AM-DSB,-4.0
25.862476,29.87025,2,AM-SSB,16.0
-17.741156,-56.838776,6,PAM4,8.0
-26.4432,18.909924,1,AM-DSB,-6.0
-15.431077,-41.19284,6,PAM4,2.0
29.63525,-40.954826,7,QAM16,2.0
25.550728,-55.07783,7,QAM16,-2.0
51.713463,9.474171,0,8PSK,6.0
21.194284,26.258013,2,AM-SSB,4.0
14.183196,6.963434,0,8PSK,-4.0
44.84802,4.8832197,0,8PSK,6.0
-10.297904,0.30214885,3,BPSK,0.0
-27.191668,46.798695,10,WBFM,14.0
24.557064,-42.43898,7,QAM16,-2.0
22.301853,30.590746,2,AM-SSB,18.0
36.098103,-28.329384,8,QAM64,-2.0
13.908202,-12.107375,9,QPSK,4.0
-38.72165,-22.331797,4,CPFSK,10.0
-42.316147,-2.8603313,4,CPFSK,0.0
28.377617,40.634235,2,AM-SSB,4.0
-17.479954,-56.46693,6,PAM4,4.0
28.368036,38.716667,9,QPSK,6.0
-14.231337,-9.159607,3,BPSK,0.0
-45.368954,14.295751,10,WBFM,6.0
0.3686292,13.315768,0,8PSK,-6.0
39.38456,4.042562,0,8PSK,2.0
-12.963577,-47.62851,6,PAM4,12.0
27.086103,-51.64191,7,QAM16,0.0
-32.369766,-3.6863906,4,CPFSK,-2.0
-36.719387,-3.8367436,4,CPFSK,0.0
-58.629898,8.897761,1,AM-DSB,14.0
20.679064,36.65265,2,AM-SSB,10.0
45.31901,-26.483454,8,QAM64,14.0
37.184395,-22.745426,8,QAM64,-6.0
-17.317091,-45.504158,6,PAM4,12.0
-47.976917,-10.012319,4,CPFSK,-4.0
5.963173,13.9480915,9,QPSK,-4.0
13.809256,25.813398,4,CPFSK,-6.0
7.925108,-14.547564,9,QPSK,12.0
-31.208223,-7.4167256,4,CPFSK,-2.0
25.39806,42.377407,2,AM-SSB,14.0
-19.145517,-51.179005,6,PAM4,8.0
-10.026992,-42.854317,6,PAM4,-2.0
-10.726622,-7.164356,3,BPSK,10.0
-25.92589,24.021875,10,WBFM,-2.0
28.315226,-46.63387,7,QAM16,-6.0
32.854843,35.7308,2,AM-SSB,14.0
-46.313255,-15.852844,4,CPFSK,8.0
51.49534,-19.658096,8,QAM64,4.0
-12.752894,-37.72126,6,PAM4,-2.0
35.06394,4.305319,0,8PSK,2.0
-16.974926,-50.589916,6,PAM4,14.0
-61.25196,8.383673,10,WBFM,16.0
-2.5961356,49.68028,5,GFSK,2.0
45.883327,8.7334175,0,8PSK,18.0
-3.4469063,47.68145,5,GFSK,2.0
-48.635715,27.089993,1,AM-DSB,10.0
-27.155376,20.869205,10,WBFM,-4.0
-26.05319,19.732105,1,AM-DSB,-4.0
-11.560742,-6.8064094,3,BPSK,16.0
-47.014526,13.253774,10,WBFM,8.0
39.49438,-22.38831,8,QAM64,4.0
46.90635,9.183207,0,8PSK,8.0
-61.001747,9.172946,1,AM-DSB,16.0
9.043613,15.186975,4,CPFSK,-6.0
-5.8017607,52.812702,5,GFSK,6.0
16.376333,28.855186,2,AM-SSB,18.0
17.831116,-57.29788,7,QAM16,0.0
-39.84166,-18.605442,4,CPFSK,14.0
28.895947,40.543884,2,AM-SSB,8.0
-15.607037,-44.799477,6,PAM4,4.0
-3.3331137,58.40071,5,GFSK,12.0
55.55318,-25.000809,8,QAM64,12.0
1.6252204,50.418545,5,GFSK,12.0
-3.8004549,1.3136841,3,BPSK,-2.0
38.464363,-26.762865,8,QAM64,-2.0
-22.30075,-39.06948,6,PAM4,0.0
31.236002,37.21627,2,AM-SSB,18.0
11.505903,6.0857425,0,8PSK,-4.0
38.160374,-34.203686,8,QAM64,14.0
-29.956182,43.7392,10,WBFM,8.0
-59.15541,8.666064,1,AM-DSB,14.0
43.333046,-20.048292,8,QAM64,-2.0
13.191774,-7.304973,9,QPSK,2.0
27.8566,-40.22098,8,QAM64,2.0
-12.473425,-31.067587,3,BPSK,-4.0
15.994296,-1.3337843,9,QPSK,-2.0
13.96147,-8.164382,9,QPSK,2.0
-27.360964,39.402073,10,WBFM,0.0
-3.001613,1.9354501,3,BPSK,-2.0
18.058798,-46.14359,7,QAM16,12.0
14.100018,-47.347233,7,QAM16,16.0
-8.610914,55.517525,5,GFSK,12.0
24.727419,24.164694,9,QPSK,2.0
-14.924993,-47.705547,6,PAM4,10.0
34.60896,29.163418,2,AM-SSB,-2.0
-16.928045,-52.07479,6,PAM4,18.0
-12.020115,-6.6118884,3,BPSK,16.0
28.335194,-40.890827,7,QAM16,-2.0
-37.213566,20.454506,1,AM-DSB,2.0
-40.414997,25.655073,10,WBFM,2.0
8.38243,-17.729763,9,QPSK,8.0
-56.8505,8.964411,10,WBFM,12.0
-6.8611374,2.847462,3,BPSK,-2.0
23.801508,-40.009007,7,QAM16,12.0
-25.468546,19.064007,1,AM-DSB,-6.0
-0.32574803,8.193487,0,8PSK,-6.0
32.421078,-33.20659,7,QAM16,-4.0
24.048779,-53.3713,7,QAM16,4.0
48.738678,-32.260437,8,QAM64,10.0
-21.2159,-38.040356,6,PAM4,-2.0
-27.861712,47.70153,10,WBFM,14.0
-53.544865,30.951578,1,AM-DSB,10.0
19.648985,35.30028,2,AM-SSB,-2.0
-29.949444,-7.2121305,4,CPFSK,-2.0
-18.96156,-51.113113,6,PAM4,16.0
-7.885754,46.906433,5,GFSK,0.0
9.458654,-19.288948,9,QPSK,18.0
25.027014,-42.29106,7,QAM16,0.0
-42.075005,-8.938943,4,CPFSK,6.0
-59.12276,12.456664,10,WBFM,14.0
-33.74162,-5.249709,4,CPFSK,-2.0
-39.572372,-15.411149,4,CPFSK,18.0
36.670753,-24.203419,8,QAM64,-4.0
43.374672,-19.909979,8,QAM64,0.0
48.90166,-30.47979,8,QAM64,0.0
32.91017,-32.30786,8,QAM64,-6.0
47.868744,7.1378264,0,8PSK,8.0
23.419628,36.017265,2,AM-SSB,6.0
49.41276,11.35098,0,8PSK,10.0
-47.912937,12.392085,10,WBFM,8.0
34.998966,-33.16853,7,QAM16,18.0
5.8754983,51.11149,5,GFSK,14.0
-4.179978,45.19854,5,GFSK,0.0
16.324507,-14.035624,9,QPSK,8.0
-25.834953,19.515863,1,AM-DSB,-6.0
-17.778465,-38.455635,6,PAM4,0.0
21.477839,-39.64647,7,QAM16,12.0
3.2420945,11.182363,0,8PSK,-4.0
-14.997942,-12.6776285,3,BPSK,14.0
48.416454,11.46746,0,8PSK,18.0
-12.088926,-42.46167,6,PAM4,2.0
39.463734,-22.361486,8,QAM64,0.0
6.634541,48.678677,5,GFSK,4.0
28.418861,-54.36511,7,QAM16,4.0
-10.564005,-0.13428864,3,BPSK,0.0
5.510558,51.365005,5,GFSK,10.0
-50.198524,22.43868,10,WBFM,10.0
16.235088,-4.4009533,9,QPSK,0.0
-8.068626,52.958103,5,GFSK,18.0
-47.360027,12.216857,1,AM-DSB,8.0
18.93196,-55.37534,7,QAM16,8.0
-8.328048,-13.732915,3,BPSK,16.0
8.193217,-11.860982,9,QPSK,6.0
49.559303,-19.328197,8,QAM64,-2.0
-19.46337,-54.047993,6,PAM4,6.0
-38.61076,20.18274,1,AM-DSB,0.0
32.81984,29.947311,2,AM-SSB,-6.0
-14.59183,-8.015617,3,BPSK,16.0
3.8032937,55.455517,5,GFSK,4.0
-48.24576,20.504763,1,AM-DSB,8.0
14.004969,-17.542831,9,QPSK,8.0
-21.07963,21.582119,1,AM-DSB,-6.0
14.886464,2.4423594,9,QPSK,-2.0
-15.255718,-32.729324,6,PAM4,-6.0
-21.09649,-54.813934,6,PAM4,16.0
26.5676,39.045773,2,AM-SSB,6.0
19.773285,-43.408783,7,QAM16,2.0
-7.538653,37.587116,5,GFSK,-6.0
5.406414,10.1350765,0,8PSK,-6.0
32.636932,1.0468338,0,8PSK,0.0
-31.453814,24.988058,1,AM-DSB,-2.0
-27.980547,47.29019,10,WBFM,10.0
26.004871,37.47726,2,AM-SSB,-6.0
-37.88007,-6.4379563,4,CPFSK,18.0
-67.27714,3.0809934,10,WBFM,18.0
-8.856982,38.951942,5,GFSK,-6.0
-51.19929,11.605998,10,WBFM,10.0
-52.666416,10.105194,1,AM-DSB,10.0
-22.66505,-47.377556,6,PAM4,16.0
5.452531,-14.914089,9,QPSK,10.0
-47.68242,17.340631,1,AM-DSB,8.0
13.856462,6.958344,9,QPSK,-4.0
-53.53456,30.863588,1,AM-DSB,16.0
-23.799938,-50.112488,6,PAM4,4.0
47.69669,-25.028233,8,QAM64,16.0
-12.672385,-42.492283,6,PAM4,4.0
14.139478,-6.005966,9,QPSK,2.0
11.588035,-7.734146,9,QPSK,6.0
15.303229,8.211755,0,8PSK,-6.0
-49.194256,24.216349,1,AM-DSB,8.0
22.196692,-40.44869,7,QAM16,4.0
35.21575,-33.04329,8,QAM64,18.0
-18.325853,-38.54698,6,PAM4,2.0
-24.085636,20.44368,1,AM-DSB,-6.0
21.952543,-58.10243,7,QAM16,8.0
-32.994667,36.60271,10,WBFM,6.0
-23.925098,22.075808,10,WBFM,-6.0
-68.45927,2.867069,10,WBFM,18.0
-15.270131,-11.330909,3,BPSK,16.0
47.81842,-21.113146,8,QAM64,12.0
50.348175,10.321414,0,8PSK,12.0
-0.8449029,56.238514,5,GFSK,14.0
-5.851991,1.0994154,3,BPSK,0.0
-13.15034,-41.926014,6,PAM4,2.0
12.486144,-23.190046,9,QPSK,16.0
10.487223,-18.427502,9,QPSK,18.0
23.817223,25.231758,2,AM-SSB,16.0
29.998169,40.296024,0,8PSK,4.0
-9.51829,42.093983,5,GFSK,-2.0
-4.353161,44.188618,5,GFSK,-2.0
-24.199276,18.143456,1,AM-DSB,-4.0
6.3639607,11.125672,3,BPSK,-6.0
-20.210653,-52.72277,6,PAM4,8.0
-28.022495,40.170204,10,WBFM,2.0
-21.826887,17.418524,1,AM-DSB,-6.0
-9.292982,51.166546,5,GFSK,2.0
-6.3539505,39.582428,10,WBFM,-6.0
14.944968,-8.20412,9,QPSK,2.0
-14.22677,-46.689304,6,PAM4,2.0
48.99985,-17.518576,8,QAM64,10.0
-27.910439,45.65963,10,WBFM,18.0
47.607357,-23.918234,8,QAM64,6.0
-34.437794,21.710712,10,WBFM,0.0
-54.053406,19.053854,10,WBFM,14.0
-7.1540484,56.061924,5,GFSK,4.0
2.5401435,13.993517,9,QPSK,-6.0
-40.400047,20.145058,1,AM-DSB,2.0
18.596342,-44.188927,7,QAM16,4.0
12.42481,-18.71766,9,QPSK,4.0
-1.6724354,37.131046,5,GFSK,-6.0
15.207216,-48.40132,7,QAM16,2.0
2.8662062,11.852213,3,BPSK,-6.0
19.360844,34.824417,2,AM-SSB,8.0
19.487558,-51.01633,7,QAM16,10.0
43.668392,-31.310844,8,QAM64,6.0
-38.66951,-19.107193,4,CPFSK,16.0
16.472868,-52.52194,7,QAM16,16.0
54.632786,-25.467735,8,QAM64,18.0
-51.024845,13.09592,10,WBFM,10.0
-47.388165,12.987841,1,AM-DSB,8.0
42.830917,-23.54228,8,QAM64,4.0
47.513187,6.54598,0,8PSK,12.0
-25.669897,-45.53538,6,PAM4,18.0
1.407894,59.520023,5,GFSK,14.0
48.233395,7.298513,0,8PSK,8.0
9.019045,-16.258722,9,QPSK,12.0
5.08833,5.3245416,0,8PSK,-2.0
-8.480902,43.781837,5,GFSK,-2.0
17.3145,32.834152,2,AM-SSB,18.0
29.655949,34.961365,2,AM-SSB,14.0
4.166414,15.655387,0,8PSK,-6.0
-10.764304,-36.015972,6,PAM4,-6.0
53.711098,7.160804,0,8PSK,18.0
-43.765636,-11.432938,4,CPFSK,10.0
-7.892705,-7.380968,3,BPSK,12.0
-39.48636,-5.6280727,4,CPFSK,4.0
-48.73465,27.564575,1,AM-DSB,10.0
13.655502,6.7783213,0,8PSK,-4.0
-53.06912,25.019869,10,WBFM,16.0
24.713919,-41.06731,7,QAM16,18.0
14.089361,4.4121957,9,QPSK,-4.0
7.714124,6.399897,0,8PSK,-4.0
-3.9830666,7.3974905,3,BPSK,-6.0
-6.55155,6.0053897,3,BPSK,-2.0
45.153114,-20.251001,8,QAM64,14.0
-38.733593,-13.768016,4,CPFSK,12.0
33.90224,3.5731857,0,8PSK,0.0
33.94127,40.265038,2,AM-SSB,18.0
2.6473017,15.517605,4,CPFSK,-4.0
-3.4176977,43.009727,5,GFSK,-2.0
11.681246,-18.526388,9,QPSK,8.0
-24.592983,-46.357487,6,PAM4,10.0
12.109599,-21.195303,9,QPSK,16.0
-30.101967,22.333277,1,AM-DSB,-2.0
35.677032,2.6715724,0,8PSK,0.0
-27.5536,41.579376,10,WBFM,4.0
8.62317,10.9932785,0,8PSK,-6.0
45.21624,-20.81252,8,QAM64,2.0
-32.102955,29.59946,10,WBFM,-2.0
14.466315,-22.36315,9,QPSK,18.0
32.009056,-25.362122,0,8PSK,16.0
-18.062721,-47.088623,6,PAM4,8.0
-36.153805,-17.435526,4,CPFSK,0.0
-42.91789,21.123352,10,WBFM,2.0
15.766839,-50.030106,7,QAM16,14.0
11.587843,-19.246244,9,QPSK,10.0
-60.772873,9.118472,10,WBFM,16.0
17.485699,34.678604,2,AM-SSB,6.0
-52.85583,25.388258,1,AM-DSB,18.0
0.33299577,59.033115,5,GFSK,14.0
8.912491,12.615932,9,QPSK,-6.0
-46.326473,14.192641,1,AM-DSB,8.0
46.91935,10.578498,0,8PSK,18.0
25.857077,32.507275,2,AM-SSB,-4.0
15.107146,-51.090836,7,QAM16,10.0
22.956507,-43.110012,8,QAM64,-4.0
36.87529,-24.894035,8,QAM64,-6.0
-50.73903,28.521244,1,AM-DSB,16.0
21.384827,36.813328,2,AM-SSB,0.0
45.26419,-21.571733,8,QAM64,12.0
-39.476765,-16.180052,4,CPFSK,10.0
-25.744492,-46.118256,6,PAM4,12.0
-37.04881,23.884747,10,WBFM,0.0
14.205838,-8.779404,9,QPSK,2.0
-23.568258,24.121386,10,WBFM,-6.0
-26.228167,-46.356228,6,PAM4,16.0
-1.0864339,57.389626,5,GFSK,12.0
14.928843,-4.8457184,9,QPSK,0.0
-7.4862337,41.812126,5,GFSK,-4.0
-25.826468,-49.16282,6,PAM4,18.0
-25.91869,47.348804,10,WBFM,6.0
-12.404729,-7.8439536,3,BPSK,14.0
8.198007,9.386413,0,8PSK,-6.0
-26.349974,-46.72348,6,PAM4,16.0
-10.188967,-10.791511,3,BPSK,4.0
-0.023280554,13.420453,1,AM-DSB,-6.0
1.2995956,59.46438,5,GFSK,6.0
-15.202254,-50.5568,6,PAM4,6.0
34.154736,-27.282297,7,QAM16,-4.0
-23.707201,-47.727604,6,PAM4,0.0
-61.023888,8.3388605,10,WBFM,16.0
-42.399017,-18.356346,4,CPFSK,4.0
-39.763187,-4.927775,4,CPFSK,4.0
-25.402012,46.429077,10,WBFM,4.0
21.55885,34.64547,2,AM-SSB,16.0
32.088387,4.3548017,0,8PSK,0.0
19.761345,29.6783,2,AM-SSB,4.0
12.053971,5.239578,9,QPSK,-4.0
-22.97372,18.372196,1,AM-DSB,-6.0
-13.139409,-35.59648,6,PAM4,-2.0
-12.158738,-12.889003,3,BPSK,6.0
-35.984875,24.417336,10,WBFM,0.0
30.40227,-35.7315,7,QAM16,10.0
-42.539894,20.128284,1,AM-DSB,4.0
14.935788,-55.922043,7,QAM16,18.0
0.14606737,18.143536,4,CPFSK,-4.0
-5.5479703,3.9021978,3,BPSK,-2.0
11.116716,7.799353,0,8PSK,-4.0
18.0587,1.2434903,0,8PSK,-2.0
-38.98237,24.415932,1,AM-DSB,2.0
-37.62674,-3.9184647,4,CPFSK,12.0
-29.312048,-6.374936,4,CPFSK,-4.0
37.262486,-23.185347,8,QAM64,-4.0
-21.109125,-45.867954,6,PAM4,16.0
6.6087713,-14.15717,9,QPSK,8.0
45.792797,-29.15287,8,QAM64,2.0
43.347614,7.978794,0,8PSK,14.0
-38.567158,-12.229513,4,CPFSK,12.0
22.603256,28.30323,2,AM-SSB,18.0
46.70659,9.462788,0,8PSK,6.0
-15.259557,-41.254562,6,PAM4,0.0
27.645885,-53.627926,7,QAM16,6.0
-20.991407,-44.07663,6,PAM4,4.0
17.563457,1.880488,0,8PSK,-2.0
15.638359,-3.5406747,9,QPSK,0.0
24.376287,-54.78864,7,QAM16,12.0
37.89371,-38.583565,8,QAM64,-4.0
29.876234,27.467802,2,AM-SSB,14.0
-45.73254,-12.944077,4,CPFSK,18.0
24.75541,-46.505444,7,QAM16,-4.0
13.052174,-13.45246,9,QPSK,6.0
43.545334,-22.98242,8,QAM64,18.0
-66.39999,5.0099173,1,AM-DSB,18.0
27.344687,29.07248,2,AM-SSB,4.0
-24.384226,20.749908,10,WBFM,-4.0
18.617126,-49.506947,7,QAM16,10.0
-5.276658,51.76274,5,GFSK,6.0
20.119001,-56.42456,7,QAM16,14.0
29.71757,33.54105,3,BPSK,16.0
27.439121,-50.79112,7,QAM16,-6.0
-44.880238,20.869707,1,AM-DSB,6.0
47.214184,2.5163114,0,8PSK,14.0
18.69151,-51.966045,7,QAM16,6.0
48.769817,2.6890523,0,8PSK,14.0
34.46526,3.4250717,0,8PSK,0.0
49.991474,-25.345716,8,QAM64,18.0
19.248653,26.712828,2,AM-SSB,6.0
16.741892,-12.430756,9,QPSK,4.0
-40.65537,-14.385923,4,CPFSK,4.0
14.032121,-11.764328,9,QPSK,6.0
6.3857293,16.58635,5,GFSK,-6.0
-46.386204,-15.976064,4,CPFSK,8.0
12.103305,4.379512,0,8PSK,-4.0
22.383759,25.684303,2,AM-SSB,-4.0
-18.109741,-45.94955,6,PAM4,6.0
4.508236,9.248587,9,QPSK,-6.0
51.025883,-22.14059,8,QAM64,14.0
32.527817,30.312881,2,AM-SSB,18.0
-4.966216,-1.622759,3,BPSK,2.0
-17.68851,-56.855167,6,PAM4,12.0
-38.570526,-6.9009843,4,CPFSK,12.0
-19.78307,-52.473045,6,PAM4,18.0
-47.350174,16.497337,10,WBFM,8.0
53.813755,-20.897781,8,QAM64,4.0
-19.830929,-42.96748,6,PAM4,2.0
-42.842766,-13.675021,4,CPFSK,6.0
-38.728268,-10.764569,4,CPFSK,16.0
-20.694988,-44.540524,6,PAM4,4.0
19.65449,33.550175,2,AM-SSB,12.0
-29.084526,30.227932,1,AM-DSB,0.0
50.836235,-24.413223,8,QAM64,18.0
19.072027,31.878056,2,AM-SSB,-2.0
-5.4881616,47.245014,5,GFSK,2.0
-38.07519,18.335892,10,WBFM,0.0
-24.564955,-48.94507,6,PAM4,8.0
-66.98977,3.4962962,10,WBFM,18.0
-15.152473,-41.770977,6,PAM4,0.0
-23.52713,26.499998,10,WBFM,-6.0
46.805595,9.819981,0,8PSK,18.0
2.8006856,53.595234,5,GFSK,14.0
-5.878792,46.992897,5,GFSK,0.0
-28.73588,29.994612,10,WBFM,-2.0
42.01312,-27.820591,8,QAM64,-2.0
10.213127,-22.030773,9,QPSK,10.0
-20.667088,-44.806374,6,PAM4,4.0
17.766672,23.31796,2,AM-SSB,-6.0
32.730164,32.847454,2,AM-SSB,14.0
19.553553,28.083096,2,AM-SSB,0.0
-29.169235,-6.055937,4,CPFSK,-4.0
45.201214,3.2484374,0,8PSK,8.0
47.46895,6.5105257,0,8PSK,12.0
23.706097,26.608639,2,AM-SSB,-2.0
-61.41162,9.038088,1,AM-DSB,16.0
33.388607,-35.998405,8,QAM64,-6.0
23.017948,24.579695,2,AM-SSB,0.0
51.90987,7.4647107,0,8PSK,18.0
-42.848675,25.798584,1,AM-DSB,4.0
-36.351177,20.215506,10,WBFM,0.0
25.877972,-40.157257,7,QAM16,0.0
-1.2720666,2.83837,3,BPSK,-6.0
-20.840073,-56.10579,6,PAM4,14.0
8.242913,-18.344255,9,QPSK,12.0
23.017387,-40.04227,7,QAM16,10.0
-47.068542,15.876569,10,WBFM,8.0
25.502853,-54.0354,7,QAM16,6.0
20.483635,30.59771,2,AM-SSB,2.0
-23.825739,26.621208,1,AM-DSB,-6.0
50.22316,6.5301075,0,8PSK,12.0
15.103608,-12.2711935,9,QPSK,4.0
25.927626,-46.85562,7,QAM16,-6.0
0.22681914,55.456608,5,GFSK,18.0
47.83824,1.7858788,0,8PSK,18.0
-1.603664,5.295486,3,BPSK,-4.0
15.382347,-1.9760592,9,QPSK,-2.0
45.238342,11.083543,0,8PSK,18.0
11.46547,-16.03709,9,QPSK,14.0
-53.304466,30.60284,1,AM-DSB,18.0
27.964611,37.964115,2,AM-SSB,18.0
-50.21768,24.66717,1,AM-DSB,10.0
42.319855,-21.013205,8,QAM64,8.0
15.798147,5.406206,0,8PSK,-2.0
34.336327,-37.43332,8,QAM64,-6.0
50.464294,-26.715683,8,QAM64,2.0
51.79534,4.316301,0,8PSK,12.0
14.431045,-19.836359,9,QPSK,10.0
-25.983288,48.582844,10,WBFM,18.0
32.134426,-38.23219,7,QAM16,-4.0
24.700565,22.805147,2,AM-SSB,-2.0
-5.5492764,5.8112884,3,BPSK,-2.0
-23.078442,17.864729,10,WBFM,-6.0
5.618122,50.10113,5,GFSK,14.0
-53.02645,25.112038,10,WBFM,16.0
21.245615,31.855196,2,AM-SSB,14.0
20.945824,31.783882,2,AM-SSB,12.0
13.066946,-11.657382,9,QPSK,4.0
29.313263,32.303726,2,AM-SSB,18.0
-17.071024,-48.341236,6,PAM4,16.0
-51.817825,28.372688,1,AM-DSB,18.0
2.5317056,56.401016,5,GFSK,16.0
19.060751,-39.24517,7,QAM16,12.0
27.110117,34.18098,2,AM-SSB,-6.0
42.112103,3.1652668,0,8PSK,2.0
-4.38829,4.7674093,3,BPSK,-2.0
-5.3343782,15.968211,7,QAM16,-4.0
45.057552,9.445266,0,8PSK,8.0
48.695026,-32.18802,8,QAM64,16.0
1.8456839,57.599922,5,GFSK,6.0
43.617847,11.062136,0,8PSK,18.0
-26.070948,48.36701,10,WBFM,14.0
-12.685907,-45.955486,6,PAM4,12.0
39.8402,0.5082699,0,8PSK,2.0
-0.6599832,54.56288,5,GFSK,4.0
-31.492966,37.356087,10,WBFM,4.0
12.854284,-7.338682,9,QPSK,4.0
14.948871,26.861876,9,QPSK,6.0
4.617985,51.00737,5,GFSK,10.0
54.005726,-23.553528,8,QAM64,0.0
-25.892273,47.703976,10,WBFM,6.0
-42.76744,-20.042536,4,CPFSK,2.0
8.660752,22.366795,0,8PSK,-2.0
7.2681584,14.206238,4,CPFSK,-4.0
-8.515697,51.510593,5,GFSK,10.0
-23.98861,-55.9399,6,PAM4,4.0
34.460087,37.120163,2,AM-SSB,6.0
-25.501244,-46.050354,6,PAM4,8.0
-13.478699,-37.519066,6,PAM4,-2.0
36.54402,32.196274,2,AM-SSB,16.0
-6.7644277,-8.927814,3,BPSK,8.0
-44.489574,-14.240926,4,CPFSK,12.0
45.35969,5.578205,0,8PSK,8.0
-11.319877,-34.2887,6,PAM4,-4.0
6.8268614,50.88463,5,GFSK,12.0
17.357805,-8.715538,9,QPSK,2.0
25.627058,-54.01896,8,QAM64,-2.0
-14.525033,-36.45514,6,PAM4,-4.0
-11.143289,-7.7662463,3,BPSK,10.0
27.656227,-50.135975,8,QAM64,-4.0
-60.14292,15.371569,10,WBFM,18.0
36.017597,-25.440105,8,QAM64,-6.0
-11.473384,-4.0579157,3,BPSK,6.0
-42.15412,-15.743167,4,CPFSK,8.0
43.645428,6.3229775,0,8PSK,6.0
-43.160892,-5.579316,4,CPFSK,4.0
-39.55545,19.311523,1,AM-DSB,2.0
-25.673569,48.59456,10,WBFM,10.0
-54.260834,16.870417,10,WBFM,12.0
18.565441,29.980507,2,AM-SSB,-2.0
-21.50999,-46.5215,6,PAM4,6.0
-39.727703,-13.25718,4,CPFSK,18.0
-22.644255,19.74712,10,WBFM,-6.0
42.498398,-27.671219,8,QAM64,14.0
36.73849,-39.302715,8,QAM64,-4.0
-4.0704036,39.590176,5,GFSK,-4.0
23.488123,-42.184544,7,QAM16,0.0
19.789574,36.712288,2,AM-SSB,6.0
-28.68238,40.637844,10,WBFM,4.0
22.740356,36.731796,2,AM-SSB,-2.0
5.9778156,11.051362,0,8PSK,-6.0
16.190891,-52.17007,7,QAM16,12.0
-7.2609463,-10.731867,3,BPSK,18.0
47.153637,-22.695133,8,QAM64,14.0
-58.740044,8.738557,1,AM-DSB,14.0
9.118196,-9.241649,9,QPSK,6.0
-9.346467,42.07873,5,GFSK,-2.0
41.678158,4.44678,0,8PSK,6.0
38.682255,-30.322563,8,QAM64,0.0
22.025381,-41.265575,7,QAM16,8.0
41.66816,4.3586745,0,8PSK,6.0
40.40812,-28.88747,8,QAM64,2.0
-19.656172,-41.13043,6,PAM4,2.0
23.751797,29.55233,2,AM-SSB,6.0
-41.456123,-3.1179385,4,CPFSK,0.0
2.7662413,8.131364,3,BPSK,-6.0
-11.439102,-48.929512,6,PAM4,16.0
-6.8165402,2.8601882,3,BPSK,0.0
-26.158527,22.998074,1,AM-DSB,-4.0
49.237736,9.134169,0,8PSK,10.0
22.234987,-54.66915,7,QAM16,12.0
33.43388,2.4950092,0,8PSK,0.0
3.1283493,51.165688,5,GFSK,8.0
45.198944,-18.390219,8,QAM64,0.0
-14.31994,-53.624428,6,PAM4,14.0
-51.160126,13.024852,1,AM-DSB,10.0
7.3453426,-19.071587,9,QPSK,14.0
-46.908836,13.602857,10,WBFM,8.0
18.663704,29.073326,2,AM-SSB,2.0
-26.082571,48.242905,10,WBFM,12.0
-8.788858,-10.859867,3,BPSK,6.0
5.3031535,51.36109,5,GFSK,18.0
-37.416794,-19.778479,4,CPFSK,10.0
-0.6838301,6.9382834,3,BPSK,-6.0
36.3895,1.1203568,0,8PSK,2.0
-57.77964,12.091112,10,WBFM,14.0
-30.998404,39.006733,10,WBFM,6.0
-54.81033,9.041523,1,AM-DSB,12.0
-28.989819,28.357267,1,AM-DSB,-2.0
-2.1567357,54.183743,5,GFSK,14.0
37.731388,5.295942,0,8PSK,2.0
-11.852223,-3.1809638,3,BPSK,2.0
24.68261,41.881165,2,AM-SSB,-2.0
-37.067753,18.199747,10,WBFM,-2.0
-44.747986,-8.571034,4,CPFSK,2.0
44.629536,7.7545505,0,8PSK,14.0
-30.973452,44.90335,10,WBFM,16.0
14.7869625,-8.267072,9,QPSK,2.0
-28.38988,45.169598,10,WBFM,12.0
-39.927628,-20.178331,4,CPFSK,10.0
-38.094257,-11.376669,4,CPFSK,14.0
-10.271977,-8.312183,3,BPSK,18.0
19.10627,-55.127316,7,QAM16,16.0
-42.354385,-16.529968,4,CPFSK,14.0
-13.673419,-45.364822,6,PAM4,4.0
25.599855,-52.110016,7,QAM16,-4.0
-42.62095,19.10014,10,WBFM,6.0
16.64919,-50.38653,7,QAM16,6.0
33.999805,-40.05056,7,QAM16,2.0
16.228037,-1.282232,9,QPSK,-2.0
-41.292984,-2.438536,4,CPFSK,2.0
47.751446,8.393532,0,8PSK,10.0
-52.326233,14.605627,1,AM-DSB,10.0
-15.760697,-43.298042,6,PAM4,0.0
50.213383,-22.562391,8,QAM64,16.0
18.162085,27.125216,2,AM-SSB,16.0
-14.326073,-9.265029,3,BPSK,2.0
-53.4297,16.03114,10,WBFM,10.0
2.7188787,18.08732,4,CPFSK,-6.0
-31.541338,-7.372034,4,CPFSK,-2.0
-11.327935,-13.654293,3,BPSK,16.0
8.07649,-15.062535,9,QPSK,14.0
26.849205,30.816986,2,AM-SSB,-4.0
10.802578,-16.80944,9,QPSK,14.0
-39.987255,27.743784,1,AM-DSB,2.0
-15.083285,-10.862938,3,BPSK,16.0
-13.532292,-34.5341,6,PAM4,-4.0
-1.7205548,5.501381,3,BPSK,-4.0
54.49984,-26.12313,8,QAM64,8.0
48.82879,-22.034187,8,QAM64,14.0
-20.757036,24.437868,1,AM-DSB,-6.0
-23.89307,-51.701664,6,PAM4,0.0
-34.369965,-4.5785832,4,CPFSK,-2.0
41.22425,-29.721544,8,QAM64,8.0
12.420754,-15.84631,9,QPSK,16.0
44.592705,4.88276,0,8PSK,6.0
-24.439997,-48.58758,6,PAM4,2.0
-22.433836,-43.869076,6,PAM4,14.0
-1.5049777,49.448204,5,GFSK,6.0
12.924824,-9.236553,9,QPSK,4.0
52.228195,-22.636883,8,QAM64,4.0
27.69908,-45.892086,7,QAM16,-6.0
-36.847244,20.652342,1,AM-DSB,0.0
0.5905399,51.792877,5,GFSK,12.0
-41.887497,17.866524,10,WBFM,6.0
4.0741763,10.397414,4,CPFSK,-6.0
-41.15481,-19.185217,4,CPFSK,8.0
-3.2884607,60.420788,5,GFSK,4.0
23.581598,27.692413,2,AM-SSB,14.0
-10.084927,-44.674427,6,PAM4,6.0
44.36813,10.223405,0,8PSK,8.0
-1.3824724,1.8237917,3,BPSK,-4.0
-37.41059,-16.691048,4,CPFSK,2.0
-3.5056357,2.9373527,3,BPSK,-2.0
-34.081387,-2.4088502,4,CPFSK,-2.0
-13.895274,-37.537167,6,PAM4,0.0
-2.7570484,1.1203324,3,BPSK,-2.0
-19.19539,-48.0158,6,PAM4,18.0
13.1669655,-23.356075,9,QPSK,14.0
34.321194,-36.754433,8,QAM64,-6.0
-15.912471,-42.87758,6,PAM4,4.0
-29.188133,44.98419,10,WBFM,10.0
17.196163,24.943008,2,AM-SSB,8.0
20.895931,26.779812,2,AM-SSB,6.0
21.035015,-51.694214,7,QAM16,6.0
43.439,-26.062248,8,QAM64,16.0
-13.404894,-34.70201,6,PAM4,-4.0
0.7257503,51.6138,5,GFSK,14.0
-14.363279,-4.7917337,3,BPSK,16.0
6.177962,-19.929407,9,QPSK,12.0
9.890665,15.112494,2,AM-SSB,2.0
28.454466,-45.550438,7,QAM16,-6.0
-3.4759266,39.039993,5,GFSK,-4.0
-37.23231,-6.764705,4,CPFSK,10.0
47.444508,-20.813286,8,QAM64,4.0
-51.088844,10.385888,10,WBFM,10.0
-29.23859,43.68263,10,WBFM,14.0
-23.702488,27.849497,10,WBFM,-4.0
34.228268,-37.85474,8,QAM64,-4.0
22.28489,32.013454,2,AM-SSB,8.0
-15.474163,-47.01089,6,PAM4,2.0
9.24992,5.6086235,0,8PSK,-4.0
-8.223087,55.126812,5,GFSK,10.0
3.851205,15.580106,9,QPSK,-6.0
-45.860466,-12.883792,4,CPFSK,14.0
-25.733633,50.152725,10,WBFM,12.0
25.094631,26.157196,2,AM-SSB,14.0
-17.437038,-42.662743,6,PAM4,0.0
32.82484,34.248394,2,AM-SSB,-2.0
2.0100193,17.351448,4,CPFSK,-6.0
14.736292,-4.6925874,9,QPSK,0.0
12.899381,-25.337273,9,QPSK,18.0
16.59806,1.8495028,9,QPSK,-2.0
16.509253,-12.206775,9,QPSK,4.0
-42.884777,-18.54187,4,CPFSK,8.0
14.989099,-20.01642,9,QPSK,12.0
-25.489595,18.31093,1,AM-DSB,-6.0
-7.688018,54.452316,5,GFSK,6.0
-8.504272,-13.798698,3,BPSK,18.0
20.313017,34.702526,2,AM-SSB,14.0
15.730522,-49.990845,7,QAM16,12.0
44.88524,1.2163215,0,8PSK,14.0
39.28631,2.0692325,0,8PSK,0.0
37.195667,-37.857677,8,QAM64,12.0
-18.286789,-50.793083,6,PAM4,18.0
-66.94466,3.5389476,10,WBFM,18.0
-37.529068,-3.7846377,4,CPFSK,6.0
40.74428,-24.52998,8,QAM64,-2.0
10.165048,-21.746807,9,QPSK,16.0
10.173088,5.844104,9,QPSK,-4.0
-26.575634,19.694313,1,AM-DSB,-4.0
-36.774178,21.619345,1,AM-DSB,0.0
-4.975148,55.462757,5,GFSK,4.0
-42.37065,13.662139,1,AM-DSB,2.0
-18.768717,-53.058796,6,PAM4,8.0
13.848782,32.877514,2,AM-SSB,8.0
-44.407433,-11.050864,4,CPFSK,8.0
-19.038143,-40.597893,6,PAM4,0.0
-23.254704,25.623133,1,AM-DSB,-4.0
1.7568982,55.315792,5,GFSK,10.0
-19.658775,-41.02801,6,PAM4,0.0
-48.699566,23.923887,10,WBFM,8.0
-6.422458,-10.405525,3,BPSK,4.0
36.82,38.887493,8,QAM64,10.0
-52.87729,25.401,1,AM-DSB,16.0
-10.564097,-33.756615,6,PAM4,-6.0
-4.617081,44.37185,5,GFSK,0.0
-3.4446223,58.344883,5,GFSK,12.0
-10.142727,-7.100255,3,BPSK,10.0
-8.413473,55.6932,5,GFSK,10.0
-37.93792,-10.109581,4,CPFSK,18.0
-0.2889935,16.325811,4,CPFSK,-4.0
1.6093042,21.332216,4,CPFSK,-6.0
-16.41367,-38.36545,6,PAM4,-2.0
30.80555,27.896324,2,AM-SSB,8.0
3.249605,62.049816,5,GFSK,0.0
-13.500602,-3.9967244,3,BPSK,8.0
37.711025,-31.200356,8,QAM64,-2.0
41.168602,-20.754547,8,QAM64,4.0
1.3624349,49.49521,5,GFSK,10.0
-52.52966,10.505923,10,WBFM,10.0
49.893566,-24.3147,8,QAM64,4.0
-40.560486,-10.7930355,4,CPFSK,14.0
31.042706,33.487923,2,AM-SSB,18.0
36.221863,39.525795,2,AM-SSB,18.0
-42.977093,25.6782,1,AM-DSB,6.0
12.433503,-19.801842,9,QPSK,6.0
8.810277,-23.0311,9,QPSK,14.0
37.505768,1.834579,0,8PSK,2.0
-30.464731,44.7455,10,WBFM,16.0
-9.484072,-6.782279,3,BPSK,6.0
10.373813,17.468428,0,8PSK,-6.0
-55.328964,17.14455,10,WBFM,16.0
3.755653,54.515182,5,GFSK,8.0
22.486935,-44.726162,7,QAM16,14.0
50.016983,8.2178,0,8PSK,14.0
-12.861052,-35.119503,6,PAM4,-2.0
-26.464666,-45.29954,6,PAM4,2.0
-2.2294369,0.18820821,3,BPSK,-2.0
-29.79985,-5.845198,4,CPFSK,-2.0
24.020992,39.98106,2,AM-SSB,10.0
-33.34931,-6.9501715,4,CPFSK,0.0
-12.090518,-32.770927,6,PAM4,-4.0
-11.01355,-47.599014,6,PAM4,4.0
23.474121,26.41664,2,AM-SSB,-2.0
37.21059,2.9780152,0,8PSK,0.0
-3.1671994,42.559708,5,GFSK,-4.0
-9.692119,-7.8318214,3,BPSK,8.0
33.482292,37.17964,2,AM-SSB,2.0
54.7633,-26.32573,8,QAM64,12.0
0.77557325,1.1652458,9,QPSK,-6.0
37.473747,-31.394653,8,QAM64,8.0
-39.953087,-5.5848203,4,CPFSK,2.0
-25.224983,-52.634464,6,PAM4,-2.0
8.690063,-15.95686,9,QPSK,16.0
13.838949,-22.159266,9,QPSK,16.0
-31.712944,37.224987,10,WBFM,4.0
0.04239293,4.618202,0,8PSK,-6.0
-16.596575,-49.912766,6,PAM4,14.0
-30.102604,29.56648,1,AM-DSB,-2.0
39.47491,-28.215414,8,QAM64,4.0
-66.76314,4.5551276,1,AM-DSB,18.0
-11.960698,-42.799072,6,PAM4,0.0
8.890886,-19.683756,9,QPSK,14.0
-29.67648,19.179352,1,AM-DSB,-2.0
-20.114037,-48.577137,6,PAM4,16.0
14.495011,-22.465776,9,QPSK,14.0
-12.136994,-10.061314,3,BPSK,14.0
27.28635,40.790283,2,AM-SSB,0.0
-51.52259,10.419924,10,WBFM,10.0
-24.723152,49.65778,10,WBFM,4.0
23.312431,-48.537415,7,QAM16,6.0
45.30121,3.2732363,0,8PSK,6.0
12.27638,-18.230005,9,QPSK,10.0
23.40171,35.304985,2,AM-SSB,8.0
24.8531,31.42618,2,AM-SSB,8.0
-50.274273,24.541212,1,AM-DSB,10.0
24.950169,38.05691,2,AM-SSB,4.0
-28.690157,-49.415596,6,PAM4,2.0
-40.179077,21.050358,1,AM-DSB,2.0
27.477266,42.002533,2,AM-SSB,4.0
14.929142,-12.770339,9,QPSK,4.0
28.507511,-41.287296,7,QAM16,-4.0
15.094256,22.051489,9,QPSK,-6.0
-35.975655,-13.389745,4,CPFSK,8.0
16.794855,1.0730928,9,QPSK,-2.0
-59.05584,9.197805,10,WBFM,14.0
31.213785,43.51478,2,AM-SSB,10.0
22.71118,35.914726,2,AM-SSB,10.0
-23.405218,-43.679146,6,PAM4,18.0
-43.069088,-5.3596973,4,CPFSK,2.0
48.46914,9.481752,0,8PSK,10.0
31.02434,-25.331484,7,QAM16,10.0
1.2436004,48.479664,5,GFSK,8.0
45.466606,12.123315,0,8PSK,12.0
-26.368374,26.436462,1,AM-DSB,-4.0
-9.949421,-9.065227,3,BPSK,12.0
-42.009815,18.896082,1,AM-DSB,6.0
8.489772,-22.378916,9,QPSK,14.0
16.322533,-9.491952,0,8PSK,2.0
-44.80671,-18.461472,4,CPFSK,2.0
-27.534605,40.786095,10,WBFM,2.0
-2.4475346,4.2543926,3,BPSK,-6.0
11.630471,-23.547134,9,QPSK,14.0
31.90049,0.47150764,0,8PSK,-2.0
4.177171,7.3878293,9,QPSK,-6.0
-31.21993,30.84234,10,WBFM,-2.0
32.424576,32.78128,2,AM-SSB,14.0
23.467573,42.266197,2,AM-SSB,-2.0
12.599246,-13.431866,9,QPSK,6.0
20.18631,38.169136,2,AM-SSB,8.0
40.3904,-26.672693,8,QAM64,-4.0
-7.846561,54.80671,5,GFSK,16.0
45.77102,-31.122711,8,QAM64,8.0
49.17179,5.8931785,0,8PSK,12.0
16.884052,-54.653057,7,QAM16,6.0
37.840572,1.5057836,0,8PSK,0.0
10.206363,4.129015,0,8PSK,-4.0
10.835574,-14.601696,9,QPSK,10.0
-5.924611,48.55281,5,GFSK,4.0
-38.007336,-6.697651,4,CPFSK,12.0
-14.558691,-10.11951,3,BPSK,14.0
-19.043377,-47.920967,6,PAM4,18.0
-1.9517623,55.342358,5,GFSK,4.0
-47.95727,15.091445,1,AM-DSB,8.0
32.318962,39.822937,2,AM-SSB,4.0
38.70819,-33.529995,8,QAM64,-2.0
24.185982,36.907337,2,AM-SSB,14.0
-19.936062,-45.207096,6,PAM4,10.0
7.435743,-12.806297,9,QPSK,18.0
31.537405,37.684586,2,AM-SSB,2.0
30.653095,28.407837,2,AM-SSB,4.0
-26.327993,18.691332,10,WBFM,-6.0
46.39046,-31.640831,8,QAM64,4.0
-6.001312,52.397217,5,GFSK,12.0
-35.73289,-3.861124,4,CPFSK,0.0
-3.669476,52.709927,5,GFSK,18.0
18.227257,-54.037994,7,QAM16,18.0
-55.390205,9.319787,1,AM-DSB,12.0
-8.37331,43.86454,5,GFSK,-2.0
8.164648,-18.65037,9,QPSK,12.0
